{
    "id": "betazon_augmented_reality_shopping",
    "title": "Betazon's Augmented Reality Shopping Experience",
    "canRepeat": false,
    "description": "Betazon unveils an innovative augmented reality shopping experience, garnering praise from analysts and users alike.",
    "days": [
      {
        "number": 1,
        "articles": [
          {
            "eventId": "d1article1",
            "title": "Rumor Has It: Betazon Developing Augmented Reality Shopping",
            "content": "Whispers in the tech world suggest that e-commerce giant Betazon (BTZN) is working on a groundbreaking augmented reality (AR) shopping experience. Sources close to the company hint that the project aims to revolutionize the way consumers browse and purchase products online.\n\nWhile details are scarce, insiders say that the AR technology would allow users to visualize products in their own homes before making a purchase, helping them to better understand sizing, styling, and fit.\n\n\"Imagine being able to see how a new couch would look in your living room, or how a pair of sunglasses would fit on your face, all without leaving your house,\" said one source familiar with the project. \"That's the kind of game-changing experience Betazon is working on.\"\n\nIf the rumors are true, this would mark a significant step forward for Betazon's already impressive e-commerce offerings. The company has long been a pioneer in using technology to enhance the shopping experience, from personalized recommendations to one-click ordering.\n\nAnalysts say that an AR shopping platform could give Betazon a major edge over competitors, many of whom are also exploring AR and virtual reality technologies.\n\n\"Augmented reality has the potential to completely transform how we shop online,\" said one industry expert. \"If Betazon can crack the code and deliver a seamless, intuitive AR experience, it could leave rivals in the dust.\"\n\nAs always, Betazon is playing its cards close to the chest, with officials declining to comment on the rumors. But if the company's track record is any indication, it may only be a matter of time before the future of shopping arrives, courtesy of Betazon.",
            "stocks": ["BTZN"],
            "author": "Gina Gadget",
            "website": "Tech Tattler"
          },
          {
            "eventId": "d1article2",
            "title": "Betazon Unveils Augmented Reality Shopping Platform",
            "content": "In a highly anticipated announcement, Betazon (BTZN) has confirmed the development of an augmented reality (AR) shopping experience, promising to change the way we browse and buy online.\n\nDubbed \"Betazon Immerse,\" the platform uses advanced AR technology to allow users to visualize products in their own spaces, providing a level of interactivity and customization never before seen in e-commerce.\n\n\"With Betazon Immerse, we're not just selling you products; we're inviting you to experience them,\" said Betazon's CEO at the launch event. \"We believe this technology has the power to transform the way people shop, making it more personal, more engaging, and more fun.\"\n\nThe platform, which will be integrated into Betazon's existing shopping app, allows users to select from a wide range of products, from furniture and appliances to clothing and accessories. Using their smartphone camera, they can then place these items in their own environment, seeing how they look and fit in real-time.\n\nBetazon demonstrated the technology at the event, showing how users could visualize a new armchair in their living room, try on different shades of lipstick, or see how a smartwatch looks on their wrist.\n\n\"It's like having a virtual fitting room and showroom, all in the palm of your hand,\" said one attendee who got to try the platform firsthand. \"It's incredibly intuitive and immersive. I can see this becoming my go-to way to shop.\"\n\nAnalysts are already buzzing about the potential impact of Betazon Immerse, with many predicting that it could set a new standard for e-commerce.\n\n\"This is the kind of innovation that could really move the needle for Betazon,\" said one industry watcher. \"If they can deliver on the promise of this technology and scale it across their massive product catalog, it could be a major differentiator in a crowded market.\"\n\nBetazon says that Immerse will be rolled out to select users in the coming weeks, with a wider launch planned for later this year. As the race to dominate the future of shopping heats up, all eyes will be on Betazon to see if it can turn this vision into reality.",
            "stocks": ["BTZN"],
            "author": "Dramatic Dana",
            "website": "Bull and Bear Circus"
          }
        ],
        "stockMovements": [
          {
            "eventId": "d1movement1",
            "stock": "BTZN",
            "change": 0.5,
            "percent": true
          },
          {
            "eventId": "d1movement2",
            "stock": "BTZN",  
            "change": 0.5,
            "percent": true
          },
          {
            "eventId": "d1movement3",  
            "stock": "BTZN",
            "change": 0.5,  
            "percent": true
          },
          {
            "eventId": "d1movement4",
            "stock": "BTZN",
            "change": 1.0,
            "percent": true  
          },
          {
            "eventId": "d1movement5", 
            "stock": "BTZN",
            "change": 0.5,
            "percent": true
          },  
          {
            "eventId": "d1movement6",
            "stock": "BTZN",
            "change": 0.5, 
            "percent": true
          }
        ],
        "earningsReport": [],
        "eventSequence": [
          {
            "eventId": "d1article1",
            "delay": 0
          },  
          {
            "eventId": "d1movement1",
            "delay": 180  
          },
          {
            "eventId": "d1movement2",  
            "delay": 240
          },
          {
            "eventId": "d1movement3",
            "delay": 180
          },
          {
            "eventId": "d1article2",  
            "delay": 6600
          },
          {
            "eventId": "d1movement4", 
            "delay": 120
          },
          { 
            "eventId": "d1movement5",
            "delay": 180
          },
          {
            "eventId": "d1movement6",
            "delay": 120  
          }
        ]
      },
      { 
        "number": 2,
        "articles": [
          {
            "eventId": "d2article1",
            "title": "Analysts Rave About Betazon's Augmented Reality Shopping Platform",
            "content": "In the wake of Betazon's (BTZN) unveiling of its augmented reality (AR) shopping platform, Betazon Immerse, analysts are heaping praise on the e-commerce giant, predicting that the innovation could have a significant impact on the future of retail.\n\n\"This is a real game-changer,\" said one prominent tech analyst. \"Betazon has taken the concept of AR shopping and made it accessible and appealing to the masses. The potential here is enormous.\"\n\nMany are pointing to the platform's intuitive interface and seamless integration with Betazon's existing app as key strengths. They also note the broad range of products available, from home goods to fashion, which could make Immerse a one-stop-shop for AR-enhanced shopping.\n\n\"Betazon has really thought through the user experience here,\" said another analyst. \"It's not just a gimmick; it's a tool that could genuinely make shopping easier and more enjoyable for millions of people.\"\n\nSome are even suggesting that Betazon Immerse could be the company's next major growth driver, on par with past innovations like Prime shipping and Alexa voice assistants.\n\n\"Betazon has a history of turning novel ideas into massive businesses,\" said one industry watcher. \"If Immerse takes off the way many expect it to, it could be a significant contributor to Betazon's bottom line in the years to come.\"\n\nOf course, challenges remain. Some point out that not all products may be well-suited to AR visualization and that there could be a learning curve for some users. But most analysts seem to agree that the potential benefits far outweigh the risks.\n\n\"Betazon is once again at the forefront of innovation in e-commerce,\" said one analyst. \"With Immerse, they're not just responding to the future of shopping; they're defining it.\"\n\nAs anticipation builds for the wider rollout of Betazon Immerse later this year, one thing is clear: the e-commerce landscape may never be the same.",
            "stocks": ["BTZN"],
            "author": "Polly Profit",
            "website": "Bull and Bear Circus"
          }, 
          {
            "eventId": "d2article2",
            "title": "Early User Feedback on Betazon Immerse Overwhelmingly Positive",
            "content": "As Betazon (BTZN) begins rolling out its augmented reality (AR) shopping platform, Betazon Immerse, to select users, early feedback suggests that the company may have a hit on its hands.\n\n\"I was blown away,\" said one user who was among the first to try the platform. \"Being able to see products in my own space, at scale, was incredibly helpful. It took a lot of the guesswork out of online shopping.\"\n\nOthers praised the platform's ease of use and the breadth of products available. Many said they could see themselves using Immerse for a wide range of purchases, from furniture to fashion.\n\n\"It's not just for big-ticket items,\" said another early adopter. \"I used it to try on sunglasses and makeup, and it was just as useful for those smaller purchases. It's really versatile.\"\n\nUsers also noted the fun factor, with many describing the experience as enjoyable and even addictive.\n\n\"It's like a game, but one that actually helps you make better decisions,\" said one user. \"I found myself browsing products I might not have considered before, just because it was so engaging.\"\n\nAnalysts say this early positive feedback bodes well for Betazon, suggesting that Immerse is resonating with its target audience.\n\n\"This is exactly the kind of response Betazon would have been hoping for,\" said one industry watcher. \"It shows that there's real appetite for this kind of immersive, interactive shopping experience.\"\n\nOf course, the real test will come when Immerse is made available to Betazon's broader user base. But if these early reactions are any indication, Betazon may well have another winner on its hands.\n\n\"Betazon has a track record of turning user feedback into product gold,\" said another analyst. \"If they can take what they're learning from these early adopters and use it to refine and enhance Immerse, the sky's the limit.\"\n\nAs more users get their hands on Betazon Immerse in the coming weeks and months, the buzz around this innovative platform is only likely to grow. For Betazon, it's a promising start to what could be its next retail revolution.",
            "stocks": ["BTZN"],
            "author": "Trendy Tina",
            "website": "Trend Tribune"
          }
        ],
        "stockMovements": [
          {
            "eventId": "d2movement1",  
            "stock": "BTZN",
            "change": 1.2,
            "percent": true
          },
          { 
            "eventId": "d2movement2",
            "stock": "BTZN", 
            "change": 0.8,
            "percent": true
          },
          {
            "eventId": "d2movement3",
            "stock": "BTZN",
            "change": 0.5,
            "percent": true
          },  
          {
            "eventId": "d2movement4", 
            "stock": "BTZN",
            "change": 1.0,
            "percent": true
          },
          {
            "eventId": "d2movement5",
            "stock": "BTZN",  
            "change": 0.5,
            "percent": true
          },
          {
            "eventId": "d2movement6",
            "stock": "BTZN",
            "change": 0.5,  
            "percent": true
          }
        ],
        "earningsReport": [],
        "eventSequence": [
          {
            "eventId": "d2article1",
            "delay": 0
          },
          {
            "eventId": "d2movement1",
            "delay": 300  
          },
          {
            "eventId": "d2movement2",
            "delay": 300
          },
          {  
            "eventId": "d2movement3",
            "delay": 300
          },
          {
            "eventId": "d2article2",  
            "delay": 13500
          },  
          {
            "eventId": "d2movement4",
            "delay": 120
          },
          {
            "eventId": "d2movement5",
            "delay": 180
          },
          {  
            "eventId": "d2movement6",
            "delay": 120
          }  
        ]
      } 
    ],
    "categories": ["technology", "e-commerce"],
    "timeFrame": 2
  }