{
    "id": "betazon_launches_bws_quantum_computing_service",
    "title": "Betazon Launches BWS Quantum Computing Service",
    "canRepeat": false,
    "description": "Betazon launches a quantum computing service through BWS, causing a significant rise in stock prices.",
    "days": [
        {
            "number": 1,
            "articles": [
                {
                    "eventId": "d1article1",
                    "title": "Rumors of Betazon Launching Quantum Computing Service",
                    "content": "Rumors are circulating that Betazon (BTZN) is preparing to launch a groundbreaking quantum computing service through its Betazon Web Services (BWS) division. This new service is expected to offer unprecedented computing power and revolutionize various industries. Investors are eagerly anticipating an official announcement. The excitement is palpable as the market reacts to the potential of this cutting-edge technology, which could significantly enhance Betazon's competitive edge in the tech industry.",
                    "stocks": [
                        "BTZN"
                    ],
                    "author": "Polly Profit",
                    "website": "Bull and Bear Circus"
                },
                {
                    "eventId": "d1article2",
                    "title": "Betazon Confirms Launch of Quantum Computing Service",
                    "content": "Betazon (BTZN) has officially confirmed the launch of its highly anticipated quantum computing service through BWS. This new service promises to deliver unparalleled computing capabilities, enabling businesses to solve complex problems at unprecedented speeds. The announcement has generated significant excitement among investors and industry experts. With quantum computing, Betazon aims to tackle some of the most challenging computational problems, opening new possibilities in fields such as cryptography, materials science, and artificial intelligence. The confirmation of this launch marks a pivotal moment for Betazon and its future growth trajectory.",
                    "stocks": [
                        "BTZN"
                    ],
                    "author": "Ned Nerdlinger",
                    "website": "Tech Tattler"
                },
                {
                    "eventId": "d1article3",
                    "title": "Analysts Predict Significant Market Impact from Betazon's Quantum Service",
                    "content": "Following the official announcement of Betazon's (BTZN) new quantum computing service, analysts are predicting a major impact on the market. The advanced capabilities of quantum computing are expected to drive innovation across multiple sectors, leading to increased demand for Betazon's services. As a result, Betazon's stock has continued to rise, reflecting investor confidence in the company's future prospects. Industry experts believe that Betazon's move into quantum computing will position it as a leader in the next wave of technological advancements, potentially reshaping the landscape of the tech industry.",
                    "stocks": [
                        "BTZN"
                    ],
                    "author": "Freddy Fortune",
                    "website": "Moolah Misfits"
                }
            ],
            "stockMovements": [
                {
                    "eventId": "d1movement1",
                    "stock": "BTZN",
                    "change": 0.67,
                    "percent": true
                },
                {
                    "eventId": "d1movement2",
                    "stock": "BTZN",
                    "change": 0.67,
                    "percent": true
                },
                {
                    "eventId": "d1movement3",
                    "stock": "BTZN",
                    "change": 0.66,
                    "percent": true
                },
                {
                    "eventId": "d1movement4",
                    "stock": "BTZN",
                    "change": 1.0,
                    "percent": true
                },
                {
                    "eventId": "d1movement5",
                    "stock": "BTZN",
                    "change": 1.0,
                    "percent": true
                },
                {
                    "eventId": "d1movement6",
                    "stock": "BTZN",
                    "change": 1.0,
                    "percent": true
                },
                {
                    "eventId": "d1movement7",
                    "stock": "BTZN",
                    "change": 0.83,
                    "percent": true
                },
                {
                    "eventId": "d1movement8",
                    "stock": "BTZN",
                    "change": 0.83,
                    "percent": true
                },
                {
                    "eventId": "d1movement9",
                    "stock": "BTZN",
                    "change": 0.84,
                    "percent": true
                }
            ],
            "earningsReport": [],
            "eventSequence": [
                {
                    "eventId": "d1article1",
                    "delay": 3600
                },
                {
                    "eventId": "d1movement1",
                    "delay": 300
                },
                {
                    "eventId": "d1movement2",
                    "delay": 300
                },
                {
                    "eventId": "d1movement3",
                    "delay": 300
                },
                {
                    "eventId": "d1article2",
                    "delay": 3600
                },
                {
                    "eventId": "d1movement4",
                    "delay": 300
                },
                {
                    "eventId": "d1movement5",
                    "delay": 300
                },
                {
                    "eventId": "d1movement6",
                    "delay": 300
                },
                {
                    "eventId": "d1article3",
                    "delay": 3600
                },
                {
                    "eventId": "d1movement7",
                    "delay": 300
                },
                {
                    "eventId": "d1movement8",
                    "delay": 300
                },
                {
                    "eventId": "d1movement9",
                    "delay": 300
                }
            ]
        }
    ],
    "categories": [
        "product_launch",
        "technology"
    ],
    "timeFrame": 1
}