{
    "id": "betazon_backlash_poor_conditions",
    "title": "Betazon Faces Backlash Over Poor Working Conditions",
    "canRepeat": false,
    "description": "Reports of poor working conditions at Betazon's warehouses have surfaced, causing a significant drop in stock value. Despite Betazon's denial, skepticism remains, and workers are threatening strikes.",
    "days": [
        {
            "number": 1,
            "articles": [
                {
                    "eventId": "d1article1",
                    "title": "Betazon Faces Allegations of Poor Working Conditions",
                    "content": "Betazon (BTZN) is under fire after reports of poor working conditions at its warehouses have surfaced. Employees have come forward with complaints about long hours, insufficient breaks, and inadequate safety measures. The news has sparked outrage among the public and has raised concerns among investors.",
                    "stocks": [
                        "BTZN"
                    ],
                    "author": "Timmy Tumble",
                    "website": "Bull and Bear Circus"
                },
                {
                    "eventId": "d1article2",
                    "title": "Betazon Denies Allegations Amid Skepticism",
                    "content": "In response to the recent allegations, Betazon (BTZN) has issued a statement denying the claims of poor working conditions. The company asserts that it adheres to all labor laws and provides a safe working environment for its employees. However, skepticism remains high as critics argue that Betazon's denial lacks transparency and fails to address specific concerns raised by the workers.",
                    "stocks": [
                        "BTZN"
                    ],
                    "author": "Sally Shortsell",
                    "website": "Bull and Bear Circus"
                },
                {
                    "eventId": "d1article3",
                    "title": "Betazon Workers Threaten Strikes",
                    "content": "The situation at Betazon (BTZN) has escalated as workers are now threatening to strike if their demands for better working conditions are not met. This development has further impacted the company's stock, as investors fear potential disruptions in Betazon's operations. The threat of strikes highlights the growing discontent among the workforce and adds to the company's challenges.",
                    "stocks": [
                        "BTZN"
                    ],
                    "author": "Freddy Fortune",
                    "website": "Moolah Misfits"
                }
            ],
            "stockMovements": [
                {
                    "eventId": "d1movement1",
                    "stock": "BTZN",
                    "change": -1.0,
                    "percent": true
                },
                {
                    "eventId": "d1movement2",
                    "stock": "BTZN",
                    "change": -1.0,
                    "percent": true
                },
                {
                    "eventId": "d1movement3",
                    "stock": "BTZN",
                    "change": -1.0,
                    "percent": true
                },
                {
                    "eventId": "d1movement4",
                    "stock": "BTZN",
                    "change": -0.5,
                    "percent": true
                },
                {
                    "eventId": "d1movement5",
                    "stock": "BTZN",
                    "change": -0.5,
                    "percent": true
                },
                {
                    "eventId": "d1movement6",
                    "stock": "BTZN",
                    "change": -0.5,
                    "percent": true
                },
                {
                    "eventId": "d1movement7",
                    "stock": "BTZN",
                    "change": -1.0,
                    "percent": true
                },
                {
                    "eventId": "d1movement8",
                    "stock": "BTZN",
                    "change": -1.0,
                    "percent": true
                },
                {
                    "eventId": "d1movement9",
                    "stock": "BTZN",
                    "change": -1.5,
                    "percent": true
                },
                {
                    "eventId": "d1movement10",
                    "stock": "BTZN",
                    "change": -1.0,
                    "percent": true
                }
            ],
            "eventSequence": [
                {
                    "eventId": "d1article1",
                    "delay": 0
                },
                {
                    "eventId": "d1movement1",
                    "delay": 300
                },
                {
                    "eventId": "d1movement2",
                    "delay": 300
                },
                {
                    "eventId": "d1movement3",
                    "delay": 300
                },
                {
                    "eventId": "d1article2",
                    "delay": 4100
                },
                {
                    "eventId": "d1movement4",
                    "delay": 300
                },
                {
                    "eventId": "d1movement5",
                    "delay": 300
                },
                {
                    "eventId": "d1movement6",
                    "delay": 400
                },
                {
                    "eventId": "d1article3",
                    "delay": 10000
                },
                {
                    "eventId": "d1movement7",
                    "delay": 300
                },
                {
                    "eventId": "d1movement8",
                    "delay": 300
                },
                {
                    "eventId": "d1movement9",
                    "delay": 300
                },
                {
                    "eventId": "d1movement10",
                    "delay": 300
                }
            ]
        }
    ],
    "categories": [
        "labor_issues",
        "e-commerce"
    ],
    "timeFrame": 1
}