{
    "id": "betazon_ai_powered_shopping_cart",
    "title": "Betazon's AI-Powered Shopping Cart",
    "canRepeat": false,
    "description": "Rumors have surfaced about Betazon developing an AI-powered shopping cart that follows customers. Betazon unveils the cart, showcasing its capabilities, but technical issues and glitches cause concern. Betazon promises quick fixes, leading to slight recovery in stock value.",
    "days": [
        {
            "number": 1,
            "articles": [
                {
                    "eventId": "d1article1",
                    "title": "Rumors of Betazon's AI-Powered Shopping Cart",
                    "content": "Speculation is rife that Betazon (BTZN) is developing a revolutionary AI-powered shopping cart that can follow customers around the store, making shopping more convenient. These rumors have sparked excitement among tech enthusiasts and investors alike, boosting the stock slightly.",
                    "stocks": [
                        "BTZN"
                    ],
                    "author": "Holly Hacker",
                    "website": "Byte Banter"
                },
                {
                    "eventId": "d1article2",
                    "title": "Betazon Unveils AI-Powered Shopping Cart",
                    "content": "Betazon (BTZN) has officially unveiled its AI-powered shopping cart, designed to follow customers as they shop and assist with carrying items. The cart uses advanced sensors and machine learning algorithms to navigate the store and avoid obstacles. The demonstration of this cutting-edge technology has impressed many and further boosted the company's stock.",
                    "stocks": [
                        "BTZN"
                    ],
                    "author": "Ned Nerdlinger",
                    "website": "Tech Tattler"
                },
                {
                    "eventId": "d1article3",
                    "title": "Technical Issues Emerge with Betazon's Shopping Cart",
                    "content": "Despite the initial excitement, reports of technical issues and glitches with Betazon's (BTZN) AI-powered shopping cart have started to emerge. Users have reported problems with the cart's navigation system, leading to collisions and erratic behavior. These issues have caused concern among investors, resulting in a drop in the stock value.",
                    "stocks": [
                        "BTZN"
                    ],
                    "author": "Gary Glitch",
                    "website": "Silicon Circus"
                },
                {
                    "eventId": "d1article4",
                    "title": "Betazon Promises Quick Fixes for AI Shopping Cart",
                    "content": "In response to the reports of technical issues, Betazon (BTZN) has assured customers and investors that it is working on quick fixes for the AI-powered shopping cart. The company is deploying software updates to address the glitches and improve the cart's performance. This commitment to resolving the issues has led to a slight recovery in the stock price.",
                    "stocks": [
                        "BTZN"
                    ],
                    "author": "Sammy Security",
                    "website": "Tech Tattler"
                }
            ],
            "stockMovements": [
                {
                    "eventId": "d1movement1",
                    "stock": "BTZN",
                    "change": 1.0,
                    "percent": true
                },
                {
                    "eventId": "d1movement2",
                    "stock": "BTZN",
                    "change": 1.0,
                    "percent": true
                },
                {
                    "eventId": "d1movement3",
                    "stock": "BTZN",
                    "change": 0.5,
                    "percent": true
                },
                {
                    "eventId": "d1movement4",
                    "stock": "BTZN",
                    "change": 1.0,
                    "percent": true
                },
                {
                    "eventId": "d1movement5",
                    "stock": "BTZN",
                    "change": 1.0,
                    "percent": true
                },
                {
                    "eventId": "d1movement6",
                    "stock": "BTZN",
                    "change": 1.5,
                    "percent": true
                },
                {
                    "eventId": "d1movement7",
                    "stock": "BTZN",
                    "change": -1.0,
                    "percent": true
                },
                {
                    "eventId": "d1movement8",
                    "stock": "BTZN",
                    "change": -1.0,
                    "percent": true
                },
                {
                    "eventId": "d1movement9",
                    "stock": "BTZN",
                    "change": -0.5,
                    "percent": true
                },
                {
                    "eventId": "d1movement10",
                    "stock": "BTZN",
                    "change": -1.0,
                    "percent": true
                },
                {
                    "eventId": "d1movement11",
                    "stock": "BTZN",
                    "change": -1.0,
                    "percent": true
                },
                {
                    "eventId": "d1movement12",
                    "stock": "BTZN",
                    "change": 0.5,
                    "percent": true
                },
                {
                    "eventId": "d1movement13",
                    "stock": "BTZN",
                    "change": 0.5,
                    "percent": true
                },
                {
                    "eventId": "d1movement14",
                    "stock": "BTZN",
                    "change": 0.5,
                    "percent": true
                }
            ],
            "eventSequence": [
                {
                    "eventId": "d1article1",
                    "delay": 3600
                },
                {
                    "eventId": "d1movement1",
                    "delay": 300
                },
                {
                    "eventId": "d1movement2",
                    "delay": 300
                },
                {
                    "eventId": "d1movement3",
                    "delay": 300
                },
                {
                    "eventId": "d1article2",
                    "delay": 3600
                },
                {
                    "eventId": "d1movement4",
                    "delay": 300
                },
                {
                    "eventId": "d1movement5",
                    "delay": 300
                },
                {
                    "eventId": "d1movement6",
                    "delay": 300
                },
                {
                    "eventId": "d1article3",
                    "delay": 3600
                },
                {
                    "eventId": "d1movement7",
                    "delay": 300
                },
                {
                    "eventId": "d1movement8",
                    "delay": 300
                },
                {
                    "eventId": "d1movement9",
                    "delay": 300
                },
                {
                    "eventId": "d1article4",
                    "delay": 3600
                },
                {
                    "eventId": "d1movement10",
                    "delay": 300
                },
                {
                    "eventId": "d1movement11",
                    "delay": 300
                },
                {
                    "eventId": "d1movement12",
                    "delay": 300
                },
                {
                    "eventId": "d1movement13",
                    "delay": 300
                },
                {
                    "eventId": "d1movement14",
                    "delay": 300
                }
            ]
        }
    ],
    "categories": [
        "tech_innovation",
        "e-commerce"
    ],
    "timeFrame": 1
}