{
    "id": "betazon_underwater_data_centers",
    "title": "Betazon's Underwater Data Centers",
    "canRepeat": false,
    "description": "Betazon launches an ambitious project to build underwater data centers for energy efficiency, facing technical challenges and environmental concerns.",
    "days": [
      {
        "number": 1,
        "articles": [
          {
            "eventId": "d1article1",
            "title": "Rumors Swirl: Is Betazon Building Underwater Data Centers?",
            "content": "Whispers in the tech world suggest that e-commerce giant Betazon (BTZN) might be diving into a new venture – underwater data centers. Industry insiders speculate that the move is aimed at improving energy efficiency and reducing cooling costs.\n\nWhile the company has yet to confirm or deny these rumors, the prospect of such an innovative project has already captured the imagination of tech enthusiasts. Some analysts believe that if Betazon can successfully navigate the challenges of underwater infrastructure, it could set a new standard for data center operations.\n\nHowever, skeptics point out that the technical difficulties and high costs associated with such a project could prove to be significant hurdles. As the rumor mill continues to churn, investors and industry watchers alike are eagerly awaiting an official statement from Betazon.",
            "stocks": ["BTZN"],
            "author": "Toby Techie",
            "website": "Byte Banter"
          },
          {
            "eventId": "d1article2",  
            "title": "Betazon Confirms Underwater Data Center Project, Touts Environmental Benefits",
            "content": "In a stunning announcement, Betazon (BTZN) has confirmed that it is indeed building underwater data centers, putting an end to the swirling rumors. The company claims that this innovative approach will not only improve energy efficiency but also significantly reduce its carbon footprint.\n\nBetazon's CEO, in a press conference, emphasized the environmental benefits of the project, stating, \"By housing our data centers underwater, we can take advantage of the naturally cool temperatures, reducing the need for energy-intensive cooling systems. This is a game-changer for both our company and the industry as a whole.\"\n\nThe confirmation has sent ripples through the tech world, with many praising Betazon for its bold vision and commitment to sustainability. Investors have also responded positively, with Betazon's stock price surging following the announcement.\n\nDespite the initial excitement, some experts caution that the project's success will depend on Betazon's ability to overcome the significant technical challenges posed by underwater infrastructure. Nonetheless, if successful, Betazon's underwater data centers could set a new standard for the industry and cement the company's position as a leader in innovative, eco-friendly technology solutions.",
            "stocks": ["BTZN"],  
            "author": "Alice Algorithm",
            "website": "Silicon Circus"
          }
        ],
        "stockMovements": [
          {
            "eventId": "d1movement1",
            "stock": "BTZN",
            "change": 0.8,
            "percent": true
          },
          {
            "eventId": "d1movement2",
            "stock": "BTZN",  
            "change": 1.2,
            "percent": true
          },
          {
            "eventId": "d1movement3",
            "stock": "BTZN",
            "change": 0.5,  
            "percent": true
          },
          {
            "eventId": "d1movement4",
            "stock": "BTZN",
            "change": 1.0,
            "percent": true
          },
          {
            "eventId": "d1movement5",  
            "stock": "BTZN",
            "change": 1.0,
            "percent": true
          },
          {
            "eventId": "d1movement6",
            "stock": "BTZN",  
            "change": 1.0,
            "percent": true
          }
        ],
        "earningsReport": [],
        "eventSequence": [
          {
            "eventId": "d1article1",
            "delay": 0
          },
          {
            "eventId": "d1movement1",
            "delay": 120  
          },
          {
            "eventId": "d1movement2",
            "delay": 180
          },
          {
            "eventId": "d1movement3",
            "delay": 300  
          },
          {
            "eventId": "d1article2",
            "delay": 10200
          },
          {
            "eventId": "d1movement4",
            "delay": 60
          },
          {  
            "eventId": "d1movement5",
            "delay": 180
          },
          {
            "eventId": "d1movement6",  
            "delay": 120
          }
        ]
      },
      {
        "number": 2,
        "articles": [
          {
            "eventId": "d2article1",
            "title": "Trouble in the Deep: Betazon's Underwater Data Centers Face Technical Challenges",  
            "content": "The excitement surrounding Betazon's (BTZN) ambitious underwater data center project has been tempered by reports of significant technical challenges and ballooning costs. Insiders reveal that the company has encountered unexpected difficulties in ensuring the structural integrity of the submerged facilities.\n\nEngineers have expressed concerns about the long-term viability of the underwater infrastructure, citing the corrosive nature of seawater and the need for specialized materials to withstand the harsh conditions. These challenges have led to cost overruns, causing unease among investors.\n\nIn light of these revelations, some analysts have begun to question whether the potential benefits of the project justify the growing expenses. They argue that Betazon may have underestimated the complexity of building and maintaining underwater data centers.\n\nDespite these setbacks, Betazon remains committed to the project, with a spokesperson stating that the company is working diligently to address the technical issues and find cost-effective solutions. As the project continues to face scrutiny, the tech world will be watching closely to see if Betazon can overcome these obstacles and deliver on its promise of a more sustainable future for data centers.",
            "stocks": ["BTZN"],
            "author": "Gary Glitch", 
            "website": "Silicon Circus"
          },
          {
            "eventId": "d2article2",
            "title": "Betazon Reassures Investors Amid Underwater Data Center Concerns",
            "content": "In response to growing concerns about the technical challenges and costs associated with its underwater data center project, Betazon (BTZN) has issued a statement to reassure investors. The company acknowledges the difficulties it has faced but remains confident in its ability to overcome them.\n\nBetazon's Chief Technology Officer outlined a plan to address the issues, which includes partnering with leading marine engineering firms and investing in the development of new, corrosion-resistant materials. The company also emphasized that it has allocated sufficient resources to cover the increased costs without compromising its overall financial health.\n\nAnalysts have responded positively to Betazon's proactive approach, with many praising the company's transparency and willingness to confront the challenges head-on. Some have even suggested that the lessons learned from this project could lead to breakthroughs in underwater infrastructure technology.\n\nInvestors appear to be cautiously optimistic following Betazon's statement, with the company's stock price recovering slightly from its earlier dip. However, some market watchers advise continued caution, noting that the project's ultimate success will depend on Betazon's ability to execute its mitigation plans effectively.",
            "stocks": ["BTZN"],
            "author": "Timmy Tumble",
            "website": "Bull and Bear Circus"  
          }
        ],
        "stockMovements": [
          {
            "eventId": "d2movement1",
            "stock": "BTZN",
            "change": -1.0,
            "percent": true  
          },
          {
            "eventId": "d2movement2", 
            "stock": "BTZN",
            "change": -1.5,
            "percent": true
          },
          {
            "eventId": "d2movement3",
            "stock": "BTZN",
            "change": 0.8,  
            "percent": true
          },
          {
            "eventId": "d2movement4",
            "stock": "BTZN", 
            "change": 0.6,
            "percent": true  
          },
          {
            "eventId": "d2movement5",
            "stock": "BTZN",
            "change": 0.6,
            "percent": true
          }
        ],  
        "earningsReport": [],
        "eventSequence": [
          {
            "eventId": "d2article1",
            "delay": 0
          },
          {
            "eventId": "d2movement1",
            "delay": 300
          },
          {
            "eventId": "d2movement2",
            "delay": 300  
          },
          {
            "eventId": "d2article2",
            "delay": 13800
          },  
          {
            "eventId": "d2movement3",
            "delay": 180
          },
          {  
            "eventId": "d2movement4",
            "delay": 120
          },
          {
            "eventId": "d2movement5",  
            "delay": 60
          }
        ] 
      },
      {
        "number": 3,
        "articles": [
          {
            "eventId": "d3article1",
            "title": "Betazon's Underwater Data Centers: A Threat to Marine Life?",
            "content": "Betazon's (BTZN) underwater data center project has hit another snag, this time facing criticism from environmental groups concerned about the potential impact on marine life. Activists argue that the construction and operation of these submerged facilities could disrupt delicate aquatic ecosystems.\n\nThe groups point to the potential for noise pollution from the data centers, which could interfere with the communication and navigation of marine mammals. They also express concerns about the heat generated by the servers, which could alter the temperature of the surrounding water and affect sensitive species.\n\nIn response to these concerns, Betazon has stated that it is working closely with marine biologists and environmental experts to minimize any negative impact. The company claims that it has implemented state-of-the-art noise-reduction technologies and is exploring ways to capture and repurpose the heat generated by the servers.\n\nDespite these assurances, the environmental backlash has caused Betazon's stock price to dip, as investors worry about potential legal and regulatory challenges. Some analysts suggest that the company may need to invest more heavily in environmental mitigation measures to allay these concerns and protect its reputation.",
            "stocks": ["BTZN"],
            "author": "Greta Gamble",  
            "website": "Cash Clown"
          },
          {
            "eventId": "d3article2",
            "title": "Analysts Predict Long-Term Benefits from Betazon's Underwater Data Centers, Despite Short-Term Volatility",
            "content": "Despite the recent challenges faced by Betazon's (BTZN) underwater data center project, including technical issues and environmental concerns, many analysts remain bullish on the company's long-term prospects. They argue that the potential benefits of this innovative approach to data center infrastructure could far outweigh the short-term setbacks.\n\nProponents of the project point to the significant energy savings and reduced carbon footprint that underwater data centers could achieve. They believe that if Betazon can successfully navigate the current challenges, it could set a new industry standard and cement its position as a leader in sustainable technology.\n\nFurthermore, some analysts suggest that the lessons learned from this project could lead to advancements in underwater engineering and environmental management, with potential applications beyond the tech industry.\n\nFollowing these optimistic predictions, Betazon's stock price has stabilized somewhat, although it remains volatile due to the ongoing uncertainty surrounding the project. As the company continues to work on addressing the technical and environmental issues, investors will be closely watching for signs of progress and any further developments that could impact the project's viability.",
            "stocks": ["BTZN"],
            "author": "Warren Buffoon",
            "website": "Cash Clown"
          }  
        ],
        "stockMovements": [
          {
            "eventId": "d3movement1",
            "stock": "BTZN",
            "change": -0.8, 
            "percent": true
          },
          {
            "eventId": "d3movement2",
            "stock": "BTZN",
            "change": -0.6,
            "percent": true
          },  
          {
            "eventId": "d3movement3",
            "stock": "BTZN",
            "change": -0.6,
            "percent": true
          },
          {  
            "eventId": "d3movement4",
            "stock": "BTZN",
            "change": 0.5,
            "percent": true
          },
          {
            "eventId": "d3movement5", 
            "stock": "BTZN",
            "change": 0.5,
            "percent": true
          },
          {
            "eventId": "d3movement6",
            "stock": "BTZN",
            "change": 0.5,  
            "percent": true
          }
        ],
        "earningsReport": [], 
        "eventSequence": [
          {
            "eventId": "d3article1",
            "delay": 0
          },
          {
            "eventId": "d3movement1",  
            "delay": 120
          },
          {
            "eventId": "d3movement2",
            "delay": 180
          },
          {  
            "eventId": "d3movement3",
            "delay": 240
          },
          {
            "eventId": "d3article2", 
            "delay": 10260  
          },
          {
            "eventId": "d3movement4",
            "delay": 120
          },
          {
            "eventId": "d3movement5",
            "delay": 180  
          },
          {
            "eventId": "d3movement6",
            "delay": 120
          }
        ]
      }
    ],
    "categories": ["technology", "environment"],  
    "timeFrame": 3
  }