{
    "id": "betazon_smart_refrigerator_line",
    "title": "Betazon's Smart Refrigerator Line",
    "canRepeat": false,
    "description": "Betazon enters the smart appliance market with a new line of refrigerators, facing both praise and criticism as it navigates the challenges of a new industry.",
    "days": [
      {
        "number": 1,
        "articles": [
          {
            "eventId": "d1article1",
            "title": "Rumor Mill: Is Betazon Cooling Down with Smart Fridges?",
            "content": "Whispers in the tech world suggest that e-commerce giant Betazon (BTZN) might be eyeing a fresh market: smart refrigerators. Insiders hint that the company has been quietly developing a line of high-tech fridges packed with advanced features.\n\nIf the rumors are true, this would mark Betazon's first foray into the home appliance market, a space dominated by established players like Samson and NE. However, given Betazon's track record of disrupting traditional industries, analysts are taking note.\n\n\"Betazon has a knack for shaking things up,\" said one industry observer. \"If they can bring their expertise in artificial intelligence and user experience to the world of refrigerators, it could be a game-changer.\"\n\nOthers are more skeptical, pointing out that the smart appliance market is already crowded, with many products offering similar features like voice control and automated ordering.\n\n\"It's not clear what Betazon could bring to the table that would set them apart,\" said another analyst. \"They'll need to offer something truly innovative to stand out in this space.\"\n\nAs the rumor mill continues to churn, all eyes are on Betazon to see if they'll confirm the speculation or leave us all out in the cold.",
            "stocks": ["BTZN"],
            "author": "Giggle Gwen",
            "website": "Gamer Giggles"
          },
          {
            "eventId": "d1article2",
            "title": "Betazon Confirms Smart Fridge Lineup, Promises to Revolutionize Kitchen Tech",
            "content": "Betazon (BTZN) has officially announced its entry into the smart appliance market with a new line of high-tech refrigerators. The e-commerce giant promises that its smart fridges will feature cutting-edge technology and seamless integration with its existing ecosystem of products and services.\n\n\"We're not just building a better fridge,\" said Betazon's CEO at the launch event. \"We're reimagining what a refrigerator can be and how it can make your life easier and more efficient.\"\n\nThe new fridges boast an array of impressive features, including advanced voice control, computer vision-based inventory tracking, and predictive ordering capabilities. They also feature large touchscreens that can display recipes, stream video, and even control other smart home devices.\n\nAnalysts are cautiously optimistic about Betazon's move, noting that the company's expertise in artificial intelligence and user experience could give it an edge in the competitive smart appliance market.\n\n\"Betazon has a proven track record of taking complex technology and making it accessible and user-friendly,\" said one industry expert. \"If they can bring that same approach to smart fridges, they could be onto something big.\"\n\nHowever, others caution that success in the appliance market is far from guaranteed, even for a tech giant like Betazon.\n\n\"Building a great fridge is one thing,\" said another analyst. \"But building a great fridge that people actually want to buy and use is another challenge entirely.\"\n\nAs Betazon gears up to launch its smart fridge lineup, the tech world will be watching closely to see if the company can bring its Midas touch to the kitchen.",
            "stocks": ["BTZN"],
            "author": "Hype Harry",
            "website": "Market Madness"
          }
        ],
        "stockMovements": [
          {
            "eventId": "d1movement1",
            "stock": "BTZN",
            "change": 0.8,
            "percent": true
          },
          {
            "eventId": "d1movement2",
            "stock": "BTZN",
            "change": 0.6,
            "percent": true
          },
          {
            "eventId": "d1movement3",
            "stock": "BTZN",  
            "change": 0.6,
            "percent": true
          },
          {
            "eventId": "d1movement4", 
            "stock": "BTZN",
            "change": 1.2,
            "percent": true
          },
          {
            "eventId": "d1movement5",
            "stock": "BTZN",
            "change": 1.0,  
            "percent": true
          },
          {
            "eventId": "d1movement6",  
            "stock": "BTZN",
            "change": 0.8,
            "percent": true
          }
        ],
        "earningsReport": [],
        "eventSequence": [  
          {
            "eventId": "d1article1",
            "delay": 0
          },
          {
            "eventId": "d1movement1",
            "delay": 180  
          },
          {
            "eventId": "d1movement2", 
            "delay": 240
          },
          { 
            "eventId": "d1movement3",
            "delay": 180
          },
          {
            "eventId": "d1article2",
            "delay": 10200
          },  
          {
            "eventId": "d1movement4",
            "delay": 120
          },
          {
            "eventId": "d1movement5", 
            "delay": 180
          },
          {  
            "eventId": "d1movement6",
            "delay": 120
          }
        ]
      },
      {
        "number": 2,
        "articles": [
          {  
            "eventId": "d2article1",
            "title": "Mixed Reviews for Betazon's Smart Fridges, Technical Issues Reported",
            "content": "Early reviews are in for Betazon's (BTZN) much-hyped smart refrigerator line, and the results are mixed. While many users praise the fridges' advanced features and sleek design, others report frustrating technical glitches and connectivity issues.\n\n\"When it works, it's amazing,\" said one early adopter. \"The voice control is seamless, and the automatic ordering is a game-changer. But I've had to reset the thing three times in the past week because it keeps losing its connection to my home network.\"\n\nOther users have reported similar problems, with some complaining of freezing touchscreens, inaccurate inventory tracking, and orders being placed without their knowledge.\n\n\"I woke up to find that my fridge had ordered 50 gallons of milk,\" said another frustrated customer. \"I appreciate the thought, but that's a bit much, even for my family.\"\n\nAnalysts say that such technical hiccups are not uncommon for new products, especially in the complex world of smart appliances. However, they caution that Betazon will need to move quickly to address these issues if it wants to avoid damaging its reputation.\n\n\"Betazon is known for its top-notch customer service,\" said one industry observer. \"They'll need to put that to the test now and show that they can handle the unique challenges of the appliance market.\"\n\nDespite the mixed reviews, demand for Betazon's smart fridges remains high, with many customers willing to overlook the early glitches for a chance to have the latest and greatest in kitchen technology. However, with competition in the smart appliance space heating up, Betazon will need to prove that its fridges are more than just a flashy novelty.",
            "stocks": ["BTZN"],  
            "author": "Ned Nerdlinger",
            "website": "Tech Tattler" 
          },
          {
            "eventId": "d2article2", 
            "title": "Betazon Promises Fixes for Smart Fridge Glitches, Stock Recovers",
            "content": "Betazon (BTZN) has acknowledged the technical issues plaguing its new line of smart refrigerators and has pledged to take swift action to address them. The company says it is working around the clock to roll out software updates and improve connectivity, aiming to quell customer frustrations.\n\n\"We're listening closely to feedback from our users and taking it very seriously,\" said a Betazon spokesperson. \"Our team is working non-stop to resolve these glitches and ensure that our fridges live up to the high standards we set for ourselves and that our customers expect from us.\"\n\nThe company also announced that it would be providing additional training to its customer service representatives to better handle technical inquiries and complaints related to the smart fridges.\n\nInvestors seem to be heartened by Betazon's proactive response, with the company's stock recovering slightly after an initial dip following reports of the technical issues.\n\n\"It's a good sign that Betazon is confronting these problems head-on,\" said one market analyst. \"It shows that they're committed to making this product a success and are willing to put in the work to get it right.\"\n\nHowever, others caution that the real test will be whether Betazon can deliver on its promises and roll out meaningful fixes in a timely manner.\n\n\"Words are one thing, but actions are what matter,\" said another industry watcher. \"Betazon needs to show that it can walk the walk when it comes to addressing these technical challenges.\"\n\nAs Betazon works to smooth out the kinks in its smart fridge rollout, customers and investors alike will be watching closely to see if the company can turn the tide and deliver on the lofty promises of its latest innovation.",
            "stocks": ["BTZN"],
            "author": "Timmy Tumble",  
            "website": "Bull and Bear Circus"
          }
        ],  
        "stockMovements": [
          {
            "eventId": "d2movement1",
            "stock": "BTZN",
            "change": -0.8,
            "percent": true
          },  
          {
            "eventId": "d2movement2", 
            "stock": "BTZN",
            "change": -0.6,
            "percent": true  
          },
          {
            "eventId": "d2movement3",
            "stock": "BTZN", 
            "change": -0.6, 
            "percent": true
          },
          {
            "eventId": "d2movement4",
            "stock": "BTZN",  
            "change": 0.5,
            "percent": true
          },
          {  
            "eventId": "d2movement5",
            "stock": "BTZN",
            "change": 0.5,
            "percent": true  
          },
          {
            "eventId": "d2movement6",
            "stock": "BTZN",
            "change": 0.5,
            "percent": true
          }  
        ],
        "earningsReport": [],
        "eventSequence": [
          {
            "eventId": "d2article1", 
            "delay": 0
          },
          {
            "eventId": "d2movement1",  
            "delay": 180
          },
          {
            "eventId": "d2movement2",
            "delay": 240
          },
          {
            "eventId": "d2movement3",
            "delay": 180  
          },
          {  
            "eventId": "d2article2",
            "delay": 13800
          },
          {
            "eventId": "d2movement4",
            "delay": 120
          },
          {  
            "eventId": "d2movement5",
            "delay": 180
          },
          {
            "eventId": "d2movement6", 
            "delay": 120  
          }
        ]
      },
      {
        "number": 3,
        "articles": [
          {
            "eventId": "d3article1",
            "title": "Analysts Question Betazon's Smart Fridge Strategy Amid Competitive Pressure",  
            "content": "As Betazon (BTZN) continues to grapple with technical issues in its smart refrigerator line, some analysts are beginning to question the company's strategy and its ability to compete in the crowded smart appliance market.\n\n\"Betazon is a newcomer to this space,\" said one industry expert. \"They're going up against established players who have been making refrigerators for decades. It's not clear if they have the expertise or the infrastructure to really compete at scale.\"\n\nOthers point out that while Betazon's smart fridges offer a range of impressive features, many of these are already available from other manufacturers, making it harder for the company to differentiate itself.\n\n\"Betazon's fridges are certainly flashy, but at the end of the day, are they really offering anything that you can't get from a Samson or an NE?\" asked another analyst. \"They need to find a way to stand out beyond just bells and whistles.\"\n\nThese concerns, combined with the ongoing technical glitches, have put pressure on Betazon's stock, which has dipped in recent trading.\n\nHowever, some remain bullish on Betazon's long-term prospects, arguing that the company's expertise in areas like artificial intelligence and user experience could help it carve out a unique niche in the market.\n\n\"Betazon has a track record of taking complex technologies and making them accessible and user-friendly,\" said one supporter. \"If they can bring that approach to smart fridges and really nail the user experience, they could still be a formidable player.\"\n\nAs the smart appliance wars heat up, Betazon will need to prove that it can not only iron out the kinks in its current offering but also articulate a compelling vision for the future of the connected kitchen. For now, though, the company finds itself in the uncomfortable position of playing catch-up in a market it had hoped to disrupt.",
            "stocks": ["BTZN"],
            "author": "Exaggerated Ellie",  
            "website": "Market Madness"
          },
          {
            "eventId": "d3article2",
            "title": "Betazon Touts Strong Smart Fridge Sales, Remains Confident Despite Challenges",
            "content": "Amid concerns about technical issues and market competition, Betazon (BTZN) is pushing back with a show of confidence, announcing that sales of its smart refrigerator line have exceeded initial projections.\n\n\"We're thrilled with the early response to our smart fridges,\" said a Betazon spokesperson. \"Despite some bumps in the road, customers are clearly excited about what we're offering, and we're confident that we can build on this strong start.\"\n\nThe company did not provide specific sales figures but said that it had seen particularly strong demand in key markets like the US, Europe, and Asia. It also highlighted positive customer reviews, noting that users who hadn't experienced technical issues were giving the fridges high marks for their innovative features and sleek design.\n\nBetazon also reiterated its commitment to addressing the technical glitches that have plagued some units, saying that software updates were already showing promising results.\n\n\"We're not taking our foot off the gas,\" the spokesperson said. \"We're going to keep pushing to make these fridges the best they can be and to deliver the kind of game-changing innovation that our customers expect from us.\"\n\nSome analysts see Betazon's confidence as a good sign, suggesting that the company wouldn't double down unless it believed it could overcome the challenges it faces.\n\nThis is a tricky market, but Betazon has shown time and again that it can succeed in the face of skepticism,\" said one observer. \"If they say they're bullish on these fridges, I wouldn't bet against them.\"\n\nOthers, however, remain cautious, noting that strong early sales don't necessarily translate to long-term success, especially in a market as competitive and fast-moving as smart appliances.\n\n\"Betazon still has a lot to prove,\" said another analyst. \"They need to show that they can sustain this momentum, scale up production, and fend off rivals who are all gunning for a piece of the smart kitchen market.\"\n\nAs the battle for the connected kitchen heats up, Betazon is making it clear that it intends to stay in the game. Whether it can ultimately emerge victorious, however, remains to be seen.",
         "stocks": ["BTZN"],
         "author": "Hype Harry",
         "website": "Market Madness"  
       }
     ],
     "stockMovements": [
       {
         "eventId": "d3movement1",
         "stock": "BTZN",
         "change": -1.0,
         "percent": true
       },
       {  
         "eventId": "d3movement2",
         "stock": "BTZN",
         "change": -0.8, 
         "percent": true
       },
       {
         "eventId": "d3movement3",  
         "stock": "BTZN",
         "change": -0.7,
         "percent": true
       },  
       {
         "eventId": "d3movement4",
         "stock": "BTZN", 
         "change": 0.4, 
         "percent": true
       },
       {  
         "eventId": "d3movement5",
         "stock": "BTZN",
         "change": 0.3,
         "percent": true
       },
       { 
         "eventId": "d3movement6", 
         "stock": "BTZN",
         "change": 0.3,
         "percent": true
       }
     ],  
     "earningsReport": [],
     "eventSequence": [
       {
         "eventId": "d3article1",
         "delay": 0  
       },
       {
         "eventId": "d3movement1", 
         "delay": 180
       },
       {
         "eventId": "d3movement2",
         "delay": 240
       },  
       {
         "eventId": "d3movement3", 
         "delay": 180
       },
       {
         "eventId": "d3article2",
         "delay": 10200
       },
       {
         "eventId": "d3movement4",
         "delay": 120
       },
       {
         "eventId": "d3movement5",
         "delay": 180  
       },  
       {
         "eventId": "d3movement6",
         "delay": 120
       }
     ] 
   }
 ],
 "categories": ["technology", "home_appliances"],
 "timeFrame": 3  
}