{
    "id": "betazon_cloud_storage_data_loss",
    "title": "Betazon's New Cloud Storage Service Faces Data Loss Issues",
    "canRepeat": false,
    "description": "Betazon's launch of a new cloud storage service is marred by reports of data loss, shaking consumer confidence.",
    "days": [
      {
        "number": 1,
        "articles": [
          {
            "eventId": "d1article1",
            "title": "Rumor: Betazon to Launch New Cloud Storage Service",
            "content": "Whispers in the tech world suggest that e-commerce giant Betazon (BTZN) is preparing to launch a new cloud storage service, potentially competing with established players like Dropbox and Google Drive.\n\nSources close to the company say that the new service, rumored to be an extension of Betazon Web Services (BWS), will offer increased security features and larger storage capacities compared to rivals.\n\n\"Betazon is looking to make a splash in the cloud storage market,\" said one insider. \"They believe they can differentiate themselves on security and scale, leveraging the robust infrastructure of BWS.\"\n\nIf the rumors prove true, this would mark a significant expansion for BWS, which has thus far primarily focused on providing cloud computing services to businesses. A move into consumer-facing cloud storage would put Betazon in direct competition with some of the biggest names in tech.\n\nAnalysts say such a move could be lucrative for Betazon, given the growing demand for cloud storage solutions. However, they also caution that the market is already crowded, and that Betazon will need to offer compelling features and pricing to stand out.\n\n\"Cloud storage is a tough nut to crack,\" said one industry watcher. \"Betazon certainly has the resources and expertise to make a go of it, but they'll need to bring their A-game to win over consumers.\"\n\nAs of now, Betazon has declined to comment on the rumors. But if the company does indeed enter the cloud storage fray, it could set the stage for a new battle in the cloud wars.",
            "stocks": ["BTZN"],
            "author": "Ned Nerdlinger", 
            "website": "Tech Tattler"
          },
          {
            "eventId": "d1article2",
            "title": "Betazon Unveils BWS Cloud Storage, Promises Enhanced Security and Capacity",
            "content": "Betazon (BTZN) has officially launched its new cloud storage service, confirming rumors that the e-commerce giant was preparing to enter this competitive market.\n\nThe new service, part of the Betazon Web Services (BWS) suite, promises to offer users enhanced security features and larger storage capacities compared to leading rivals.\n\n\"With BWS Cloud Storage, we're not just offering another me-too product,\" said Betazon's CEO at the launch event. \"We've built this service from the ground up with a focus on two things: security and scale. We believe we're bringing something truly differentiated to the market.\"\n\nThe company emphasized the service's encryption capabilities, which it claims go beyond industry standards. It also touted the ability for users to easily scale up their storage as needed, thanks to the vast infrastructure of BWS.\n\n\"Whether you're an individual looking to back up your personal files, or a business needing to archive massive amounts of data, BWS Cloud Storage can handle it,\" said the CEO. \"And you can rest assured that your data is always safe and secure.\"\n\nBetazon is offering the service at competitive prices, with plans starting at $5.99 per month for 1TB of storage. It's also offering integration with its other services, such as Prime Photos and Alexa.\n\nAnalysts say the move makes sense for Betazon, given the synergies with its existing offerings. However, they note that success is far from guaranteed in the cutthroat cloud storage market.\n\n\"Betazon is certainly making a bold entrance,\" said one analyst. \"The focus on security and scale is smart, but they'll need to back that up with flawless execution. Any hiccups could be costly in terms of both money and reputation.\"\n\nFor now, though, Betazon seems confident in its new offering. The company is offering free trials to entice users, and says it has robust customer support in place to handle any issues. \n\nAs the cloud storage wars heat up, Betazon is clearly signaling its intention to be a major player. The question now is whether it can deliver on its lofty promises.",
            "stocks": ["BTZN"], 
            "author": "Hype Harry", 
            "website": "Market Madness"  
          }
        ],
        "stockMovements": [
          {
            "eventId": "d1movement1",
            "stock": "BTZN",
            "change": 1.0,
            "percent": true
          },
          {
            "eventId": "d1movement2",
            "stock": "BTZN",
            "change": 0.8,
            "percent": true
          },
          {
            "eventId": "d1movement3",
            "stock": "BTZN",
            "change": 0.7,
            "percent": true
          },
          {
            "eventId": "d1movement4",
            "stock": "BTZN",
            "change": 1.5,
            "percent": true
          },
          {
            "eventId": "d1movement5",
            "stock": "BTZN",  
            "change": 1.0,
            "percent": true
          },
          {
            "eventId": "d1movement6",
            "stock": "BTZN",
            "change": 0.5,
            "percent": true
          }
        ],
        "earningsReport": [],
        "eventSequence": [
          {
            "eventId": "d1article1",
            "delay": 0
          },
          {
            "eventId": "d1movement1",
            "delay": 180
          },
          {
            "eventId": "d1movement2",
            "delay": 240
          },
          {
            "eventId": "d1movement3",
            "delay": 180
          },
          {
            "eventId": "d1article2", 
            "delay": 10200
          },
          {
            "eventId": "d1movement4",
            "delay": 120
          },
          {
            "eventId": "d1movement5",
            "delay": 180
          },
          {
            "eventId": "d1movement6",
            "delay": 120
          }
        ]
      },
      {
        "number": 2,
        "articles": [
          {
            "eventId": "d2article1",
            "title": "Betazon's BWS Cloud Storage Hit by Data Loss Reports",
            "content": "Just days after the launch of Betazon's (BTZN) BWS Cloud Storage, the service is already facing its first major challenge as early adopters report issues with data loss.\n\nNumerous users have taken to social media and online forums to complain that files they uploaded to the new service have disappeared, sometimes within hours of being stored.\n\n\"I trusted Betazon with my most important documents, and now they're just gone,\" wrote one angry user on Twitter. \"This is unacceptable for any storage service, let alone one that touts itself as secure and reliable.\"\n\nOther users reported similar experiences, with some claiming to have lost irreplaceable photos and videos. Many are expressing frustration with Betazon's customer support, saying they've been unable to get clear answers about what happened to their data.\n\nThe reports have raised concerns about the reliability and security of BWS Cloud Storage, which Betazon heavily promoted as being superior to rivals in these areas.\n\n\"This is a worst-case scenario for Betazon,\" said one industry analyst. \"They made big promises about security and reliability, and now they're facing a crisis of confidence right out of the gate.\"\n\nBetazon has yet to make an official statement about the data loss reports. However, sources within the company say that engineers are working around the clock to investigate the issue and determine the extent of the problem.\n\n\"This is an all-hands-on-deck situation,\" said one Betazon insider. \"We're taking these reports extremely seriously and doing everything we can to get to the bottom of it.\"\n\nBut for users who have already lost data, such assurances may be too little, too late. Some are already calling for refunds and threatening to switch to rival services.\n\nAs Betazon scrambles to contain the fallout, the future of its fledgling cloud storage service hangs in the balance. For a company that prides itself on customer trust, this incident could prove to be a major test.",
            "stocks": ["BTZN"],
            "author": "Sammy Security",
            "website": "Tech Tattler" 
          },
          {
            "eventId": "d2article2",  
            "title": "Betazon Acknowledges BWS Cloud Storage Issues, Promises Fix",
            "content": "Betazon (BTZN) has finally broken its silence on the data loss issues plaguing its new BWS Cloud Storage service, acknowledging the problem and pledging to make things right for affected users.\n\nIn a blog post on the company's website, Betazon's CTO addressed the reports head-on, confirming that a \"small percentage\" of users had experienced data loss.\n\n\"We are acutely aware of how important your data is to you, and we take any incident like this extremely seriously,\" wrote the CTO. \"I want to personally apologize to anyone who has been affected by this issue.\"\n\nThe post went on to explain that the company had identified the source of the problem, which it described as a \"bug in our data synchronization process.\" It said that engineers were working to fix the bug and restore lost data where possible.\n\n\"We have a full team working around the clock to resolve this,\" the CTO wrote. \"We're confident we can fix the underlying issue and prevent further data loss. However, we know that for many of you, the damage may already be done.\"\n\nTo that end, Betazon announced that it would be offering compensation to affected users, including refunds for subscription fees and credit for future BWS services. It also said it was setting up a dedicated support channel to help users recover lost data.\n\nAnalysts say the response is a necessary first step, but caution that the damage to Betazon's reputation may be harder to repair.\n\n\"This is a serious black eye for Betazon,\" said one industry watcher. \"They're doing the right things in terms of fixing the problem and making amends with users, but the trust factor has taken a big hit.\"\n\nIndeed, some users are expressing skepticism about Betazon's ability to safeguard their data going forward.\n\n\"I don't know if I can trust them again,\" said one user who reported losing important work files. \"It's going to take a lot more than a refund to convince me to put my data back in their hands.\"\n\nFor Betazon, the road to recovery for BWS Cloud Storage looks to be a long one. But with its quick acknowledgment of the issue and commitment to making it right, the company is hoping to at least start the journey on the right foot.",
            "stocks": ["BTZN"],
            "author": "Hype Harry", 
            "website": "Market Madness"
          }
        ],
        "stockMovements": [
          {
            "eventId": "d2movement1",
            "stock": "BTZN",
            "change": -1.0,
            "percent": true
          },
          {
            "eventId": "d2movement2",
            "stock": "BTZN",
            "change": -0.8,  
            "percent": true
          },
          {
            "eventId": "d2movement3",  
            "stock": "BTZN",
            "change": -0.7,
            "percent": true
          },
          {  
            "eventId": "d2movement4",
            "stock": "BTZN",
            "change": -1.0,
            "percent": true
          },
          {
            "eventId": "d2movement5",  
            "stock": "BTZN",
            "change": -0.5,
            "percent": true  
          },
          {
            "eventId": "d2movement6",
            "stock": "BTZN",
            "change": -0.5,  
            "percent": true
          }
        ],
        "earningsReport": [],  
        "eventSequence": [
          {
            "eventId": "d2article1",
            "delay": 0  
          },
          {
            "eventId": "d2movement1", 
            "delay": 180
          },
          {
            "eventId": "d2movement2",
            "delay": 240  
          },
          {
            "eventId": "d2movement3",
            "delay": 180
          },
          {
            "eventId": "d2article2",
            "delay": 13800
          },  
          {
            "eventId": "d2movement4",
            "delay": 120
          },
          {
            "eventId": "d2movement5",
            "delay": 180
          },
          {  
            "eventId": "d2movement6",
            "delay": 120  
          }
        ]
      },
      {
        "number": 3,
        "articles": [
          {
            "eventId": "d3article1",
            "title": "Betazon Releases Patch for BWS Cloud Storage, But Confidence Shaken",
            "content": "A week after reports of data loss first surfaced, Betazon (BTZN) has released a patch for its troubled BWS Cloud Storage service. The company says the update addresses the bug that caused some users to lose data and implements additional safeguards to prevent future incidents.\n\n\"We've worked non-stop to fix this issue and fortify our systems,\" said Betazon's CTO in a statement. \"This patch is a major step forward in restoring the reliability and security that our users expect from BWS Cloud Storage.\"\n\nAccording to Betazon, the patch has been automatically applied to all user accounts, and the company is continuing to work with affected individuals to recover lost data where possible.\n\nHowever, for many users, the damage to their trust in Betazon may be harder to patch. Despite the fix, some are still expressing hesitancy about continuing to use BWS Cloud Storage.\n\n\"It's good that they've fixed the problem, but I'm not sure I'm ready to risk my data again,\" said one user. \"I think I'm going to stick with other services for now and wait to see if any more issues crop up.\"\n\nAnalysts say this lingering wariness is understandable, and that Betazon will need to work hard to rebuild confidence in its cloud offerings.\n\n\"Fixing the technical issue is just the first step,\" said one industry watcher. \"Betazon now needs to go above and beyond in terms of transparency, communication, and customer support to win back the trust it's lost.\"\n\nSome are predicting that the data loss debacle could have a lasting impact on BWS Cloud Storage's growth and market share.\n\n\"This is the kind of early stumble that can be very hard to recover from,\" said another analyst. \"Betazon has deep pockets and a strong brand, but in the cutthroat cloud storage market, trust is everything. They've got their work cut out for them to bounce back from this.\"\n\nFor its part, Betazon remains outwardly optimistic, promising continued investments and improvements in BWS Cloud Storage. But as the old saying goes, there's no patch for lost trust. Only time will tell if Betazon can debug its relationship with cloud storage users.",
            "stocks": ["BTZN"],"author": "Sammy Security",
         "website": "Tech Tattler"
       },
       {
         "eventId": "d3article2",
         "title": "Analysts Predict Long-Term Recovery for Betazon's BWS Cloud Storage",
         "content": "Despite the rocky start for Betazon's (BTZN) BWS Cloud Storage service, some analysts are taking a longer-term view and predicting that the e-commerce giant will be able to bounce back from the data loss fiasco.\n\n\"There's no question that this has been a major setback for Betazon,\" said one industry analyst. \"But we've seen time and again that they are a resilient company with a proven ability to learn from their mistakes and come back stronger.\"\n\nThese analysts point to Betazon's quick response to the issue, including the release of a patch and the offer of compensation to affected users, as signs that the company is taking the problem seriously and working diligently to make amends.\n\n\"They didn't try to sweep this under the rug or downplay the severity,\" said another analyst. \"They faced it head-on, and that counts for something in terms of rebuilding trust with customers.\"\n\nOthers note that, despite the data loss reports, BWS Cloud Storage still has a lot going for it, including competitive pricing, integration with Betazon's other popular services, and the backing of Betazon's massive infrastructure.\n\n\"This is a speed bump, not a dead end,\" said one bullish analyst. \"BWS Cloud Storage has too many strengths and too much potential for this to be a fatal blow. It may take time, but I expect Betazon to rebound and become a major player in this space.\"\n\nOf course, not everyone is so optimistic. Some point out that the cloud storage market is fiercely competitive, and that any loss of momentum can be hard to recover from.\n\n\"Betazon may be a juggernaut, but it's not invincible,\" said one skeptic. \"If they can't quickly restore confidence and differentiate their offering, they risk being left behind by nimbler rivals.\"\n\nFor now, Betazon's stock remains volatile as investors weigh the short-term fallout against the company's long-term prospects. But if the optimists are right, this cloud may have a silver lining for Betazon in the long run.",
         "stocks": ["BTZN"],
         "author": "Polly Profit",
         "website": "Bull and Bear Circus"
       }
     ],
     "stockMovements": [
       {
         "eventId": "d3movement1",
         "stock": "BTZN",
         "change": -1.2,
         "percent": true
       },
       {
         "eventId": "d3movement2",
         "stock": "BTZN",
         "change": -0.8,
         "percent": true
       },
       {
         "eventId": "d3movement3",
         "stock": "BTZN", 
         "change": -0.5,
         "percent": true
       },
       {
         "eventId": "d3movement4",
         "stock": "BTZN",
         "change": 0.5,  
         "percent": true
       },
       {
         "eventId": "d3movement5",
         "stock": "BTZN",
         "change": 0.5,
         "percent": true
       },  
       {
         "eventId": "d3movement6", 
         "stock": "BTZN",
         "change": 0.5,
         "percent": true
       }
     ],
     "earningsReport": [],
     "eventSequence": [
       {
         "eventId": "d3article1",
         "delay": 0
       },
       {
         "eventId": "d3movement1", 
         "delay": 180
       },
       {
         "eventId": "d3movement2",
         "delay": 240
       },
       {
         "eventId": "d3movement3",
         "delay": 180
       },  
       {
         "eventId": "d3article2",
         "delay": 10200  
       },
       {
         "eventId": "d3movement4", 
         "delay": 120
       },
       {
         "eventId": "d3movement5",
         "delay": 180  
       },
       {
         "eventId": "d3movement6",
         "delay": 120
       }  
     ]
   }
 ],
 "categories": ["technology", "cloud_computing"], 
 "timeFrame": 3
}