{
    "id": "betazon_acquires_leading_cybersecurity_firm",
    "title": "Betazon Acquires Leading Cybersecurity Firm",
    "canRepeat": false,
    "description": "Betazon announces the acquisition of a leading cybersecurity firm to enhance its cloud services, Betazon Web Services (BWS), driving stock prices up.",
    "days": [
        {
            "number": 1,
            "articles": [
                {
                    "eventId": "d1article1",
                    "title": "Rumors of Betazon Acquiring Leading Cybersecurity Firm",
                    "content": "Betazon (BTZN) is rumored to be in the process of acquiring a leading cybersecurity firm to bolster the security measures of its cloud computing services, Betazon Web Services (BWS). Sources close to the matter have indicated that the acquisition aims to enhance BWS's security offerings and provide better protection for its customers. While the details of the deal are still under wraps, industry experts believe that this move could significantly strengthen Betazon's position in the cloud computing market. Investors are already showing positive reactions, and the stock price has begun to reflect the optimistic outlook.\nThis acquisition, if confirmed, would mark a significant step for Betazon in securing its cloud services and maintaining its competitive edge in the market.",
                    "stocks": [
                        "BTZN"
                    ],
                    "author": "Polly Profit",
                    "website": "Bull and Bear Circus"
                },
                {
                    "eventId": "d1article2",
                    "title": "Betazon Confirms Acquisition, Touting Improved Security Measures",
                    "content": "Betazon (BTZN) has officially confirmed the acquisition of a leading cybersecurity firm, following rumors that circulated earlier in the day. The company announced that the acquisition will enhance the security measures of Betazon Web Services (BWS), providing advanced protection for its customers. \"We are committed to ensuring the highest level of security for our users,\" said Betazon CEO. \"This acquisition will allow us to integrate state-of-the-art cybersecurity technologies into our cloud services.\" Investors have responded positively to the news, anticipating that this strategic move will drive growth and reinforce Betazon's market leadership.",
                    "stocks": [
                        "BTZN"
                    ],
                    "author": "Diana Data",
                    "website": "Silicon Circus"
                }
            ],
            "stockMovements": [
                {
                    "eventId": "d1movement1",
                    "stock": "BTZN",
                    "change": 0.67,
                    "percent": true
                },
                {
                    "eventId": "d1movement2",
                    "stock": "BTZN",
                    "change": 0.67,
                    "percent": true
                },
                {
                    "eventId": "d1movement3",
                    "stock": "BTZN",
                    "change": 0.66,
                    "percent": true
                },
                {
                    "eventId": "d1movement4",
                    "stock": "BTZN",
                    "change": 0.83,
                    "percent": true
                },
                {
                    "eventId": "d1movement5",
                    "stock": "BTZN",
                    "change": 0.83,
                    "percent": true
                },
                {
                    "eventId": "d1movement6",
                    "stock": "BTZN",
                    "change": 0.84,
                    "percent": true
                }
            ],
            "earningsReport": [],
            "eventSequence": [
                {
                    "eventId": "d1article1",
                    "delay": 0
                },
                {
                    "eventId": "d1movement1",
                    "delay": 100
                },
                {
                    "eventId": "d1movement2",
                    "delay": 200
                },
                {
                    "eventId": "d1movement3",
                    "delay": 300
                },
                {
                    "eventId": "d1article2",
                    "delay": 6600
                },
                {
                    "eventId": "d1movement4",
                    "delay": 100
                },
                {
                    "eventId": "d1movement5",
                    "delay": 200
                },
                {
                    "eventId": "d1movement6",
                    "delay": 300
                }
            ]
        },
        {
            "number": 2,
            "articles": [
                {
                    "eventId": "d2article1",
                    "title": "Analysts Praise Betazon's Strategic Move, Predicting Strong Growth",
                    "content": "Analysts have praised Betazon's (BTZN) recent acquisition of a leading cybersecurity firm, highlighting the strategic benefits of the move. The acquisition is expected to enhance the security measures of Betazon Web Services (BWS), positioning the company for strong growth in the cloud computing market. \"This acquisition is a game-changer for Betazon,\" said a leading industry analyst. \"With the integration of advanced cybersecurity technologies, Betazon is well-positioned to attract more enterprise customers and expand its market share.\" The positive outlook from analysts has led to an increase in Betazon's stock price.",
                    "stocks": [
                        "BTZN"
                    ],
                    "author": "Gina Gadget",
                    "website": "Tech Tattler"
                },
                {
                    "eventId": "d2article2",
                    "title": "Tech Experts Highlight Betazon's Potential Market Dominance in Cloud Security",
                    "content": "Following Betazon's (BTZN) acquisition of a leading cybersecurity firm, tech experts are highlighting the company's potential for market dominance in cloud security. The integration of advanced cybersecurity measures into Betazon Web Services (BWS) is expected to provide unparalleled protection for customers, setting a new standard in the industry. \"Betazon's move to enhance its security offerings is a significant step towards market leadership,\" said a tech expert. \"With this acquisition, Betazon is poised to dominate the cloud security market and deliver top-notch services to its clients.\" The optimistic views from tech experts have further boosted investor confidence, with Betazon's stock continuing to rise.",
                    "stocks": [
                        "BTZN"
                    ],
                    "author": "Andy Algorithm",
                    "website": "Byte Banter"
                }
            ],
            "stockMovements": [
                {
                    "eventId": "d2movement1",
                    "stock": "BTZN",
                    "change": 1.0,
                    "percent": true
                },
                {
                    "eventId": "d2movement2",
                    "stock": "BTZN",
                    "change": 1.0,
                    "percent": true
                },
                {
                    "eventId": "d2movement3",
                    "stock": "BTZN",
                    "change": 1.0,
                    "percent": true
                },
                {
                    "eventId": "d2movement4",
                    "stock": "BTZN",
                    "change": 0.83,
                    "percent": true
                },
                {
                    "eventId": "d2movement5",
                    "stock": "BTZN",
                    "change": 0.84,
                    "percent": true
                },
                {
                    "eventId": "d2movement6",
                    "stock": "BTZN",
                    "change": 0.83,
                    "percent": true
                },
                {
                    "eventId": "d2movement7",
                    "stock": "BTZN",
                    "change": 0.84,
                    "percent": true
                }
            ],
            "earningsReport": [],
            "eventSequence": [
                {
                    "eventId": "d2article1",
                    "delay": 0
                },
                {
                    "eventId": "d2movement1",
                    "delay": 100
                },
                {
                    "eventId": "d2movement2",
                    "delay": 200
                },
                {
                    "eventId": "d2movement3",
                    "delay": 300
                },
                {
                    "eventId": "d2article2",
                    "delay": 13800
                },
                {
                    "eventId": "d2movement4",
                    "delay": 100
                },
                {
                    "eventId": "d2movement5",
                    "delay": 200
                },
                {
                    "eventId": "d2movement6",
                    "delay": 300
                },
                {
                    "eventId": "d2movement7",
                    "delay": 400
                }
            ]
        }
    ],
    "categories": [
        "acquisition",
        "cloud_security"
    ],
    "timeFrame": 2
}