{
    "id": "betazon_expands_bws",
    "title": "Betazon Expands BWS to New Markets",
    "canRepeat": false,
    "description": "Betazon announces the expansion of BWS to new international markets, boosting investor confidence.",
    "days": [
        {
            "number": 1,
            "articles": [
                {
                    "eventId": "d1article1",
                    "title": "Rumors of Betazon Expanding BWS to New International Markets",
                    "content": "Rumors are swirling that Betazon (BTZN) is planning to expand its Betazon Web Services (BWS) to new international markets. This potential move could open up significant new revenue streams for the company, especially in emerging economies.",
                    "stocks": [
                        "BTZN"
                    ],
                    "author": "Freddy Fortune",
                    "website": "Moolah Misfits"
                },
                {
                    "eventId": "d1article2",
                    "title": "Betazon Confirms Expansion, Targets Emerging Economies",
                    "content": "Betazon (BTZN) has confirmed that it will be expanding its Betazon Web Services (BWS) to several new international markets. The company is particularly targeting emerging economies, which are expected to see rapid growth in cloud computing adoption. This strategic move is anticipated to significantly boost Betazon's market share and revenue.",
                    "stocks": [
                        "BTZN"
                    ],
                    "author": "Diana Data",
                    "website": "Silicon Circus"
                }
            ],
            "stockMovements": [
                {
                    "eventId": "d1movement1",
                    "stock": "BTZN",
                    "change": 0.5,
                    "percent": true,
                    "delay": 120
                },
                {
                    "eventId": "d1movement2",
                    "stock": "BTZN",
                    "change": 0.5,
                    "percent": true,
                    "delay": 120
                },
                {
                    "eventId": "d1movement3",
                    "stock": "BTZN",
                    "change": 0.5,
                    "percent": true,
                    "delay": 180
                },
                {
                    "eventId": "d1movement4",
                    "stock": "BTZN",
                    "change": 0.67,
                    "percent": true,
                    "delay": 150
                },
                {
                    "eventId": "d1movement5",
                    "stock": "BTZN",
                    "change": 0.67,
                    "percent": true,
                    "delay": 150
                },
                {
                    "eventId": "d1movement6",
                    "stock": "BTZN",
                    "change": 0.66,
                    "percent": true,
                    "delay": 180
                }
            ],
            "earningsReport": [],
            "eventSequence": [
                {
                    "eventId": "d1article1",
                    "delay": 0
                },
                {
                    "eventId": "d1movement1",
                    "delay": 120
                },
                {
                    "eventId": "d1movement2",
                    "delay": 120
                },
                {
                    "eventId": "d1movement3",
                    "delay": 180
                },
                {
                    "eventId": "d1article2",
                    "delay": 6300
                },
                {
                    "eventId": "d1movement4",
                    "delay": 150
                },
                {
                    "eventId": "d1movement5",
                    "delay": 150
                },
                {
                    "eventId": "d1movement6",
                    "delay": 180
                }
            ]
        },
        {
            "number": 2,
            "articles": [
                {
                    "eventId": "d2article1",
                    "title": "Analysts Praise Betazon's Strategic Expansion",
                    "content": "Industry analysts are praising Betazon's (BTZN) recent decision to expand Betazon Web Services (BWS) to new international markets. The move is expected to drive significant revenue growth as the company taps into the rapidly growing demand for cloud computing in emerging economies. Analysts believe this strategic expansion could position Betazon as a dominant player in the global cloud services market.",
                    "stocks": [
                        "BTZN"
                    ],
                    "author": "Greta Gamble",
                    "website": "Bull and Bear Circus"
                },
                {
                    "eventId": "d2article2",
                    "title": "Strong Early Adoption Rates Boost Confidence in Betazon's Expansion",
                    "content": "Early reports indicate that Betazon (BTZN) is seeing strong adoption rates for its Betazon Web Services (BWS) in the new international markets it has entered. This early success is boosting investor confidence and suggests that the company's strategic expansion will yield significant benefits. Betazon's focus on emerging economies appears to be paying off, as businesses in these regions rapidly embrace cloud technology.",
                    "stocks": [
                        "BTZN"
                    ],
                    "author": "Polly Profit",
                    "website": "Bull and Bear Circus"
                }
            ],
            "stockMovements": [
                {
                    "eventId": "d2movement1",
                    "stock": "BTZN",
                    "change": 0.83,
                    "percent": true,
                    "delay": 180
                },
                {
                    "eventId": "d2movement2",
                    "stock": "BTZN",
                    "change": 0.83,
                    "percent": true,
                    "delay": 180
                },
                {
                    "eventId": "d2movement3",
                    "stock": "BTZN",
                    "change": 0.84,
                    "percent": true,
                    "delay": 240
                },
                {
                    "eventId": "d2movement4",
                    "stock": "BTZN",
                    "change": 0.67,
                    "percent": true,
                    "delay": 120
                },
                {
                    "eventId": "d2movement5",
                    "stock": "BTZN",
                    "change": 0.67,
                    "percent": true,
                    "delay": 120
                },
                {
                    "eventId": "d2movement6",
                    "stock": "BTZN",
                    "change": 0.66,
                    "percent": true,
                    "delay": 180
                }
            ],
            "earningsReport": [],
            "eventSequence": [
                {
                    "eventId": "d2article1",
                    "delay": 0
                },
                {
                    "eventId": "d2movement1",
                    "delay": 180
                },
                {
                    "eventId": "d2movement2",
                    "delay": 180
                },
                {
                    "eventId": "d2movement3",
                    "delay": 240
                },
                {
                    "eventId": "d2article2",
                    "delay": 13380
                },
                {
                    "eventId": "d2movement4",
                    "delay": 120
                },
                {
                    "eventId": "d2movement5",
                    "delay": 120
                },
                {
                    "eventId": "d2movement6",
                    "delay": 180
                }
            ]
        }
    ],
    "categories": [
        "expansion",
        "cloud"
    ],
    "timeFrame": 2
}