{
    "id": "fintendo_introduces_vr_gaming_system",
    "title": "Fintendo Introduces VR Gaming System",
    "canRepeat": false,
    "description": "Fintendo introduces its new VR gaming system, which initially excites investors, follows with skepticism, and then reassures with successful demos.",
    "days": [
        {
            "number": 1,
            "articles": [
                {
                    "eventId": "d1article1",
                    "title": "Rumors of Fintendo VR System Spark Excitement",
                    "content": "Rumors are swirling about Fintendo (FNTD) introducing a groundbreaking VR gaming system. Enthusiasts and analysts are buzzing with excitement over what could be a significant leap in gaming technology. These whispers have sparked investor interest, suggesting a potential uptick in Fintendo's stock value.",
                    "stocks": [
                        "FNTD"
                    ],
                    "author": "Epic Eric",
                    "website": "Console Carnival"
                }
            ],
            "stockMovements": [
                {
                    "eventId": "d1movement1_1",
                    "stock": "FNTD",
                    "change": 0.5,
                    "percent": true,
                    "delay": 60
                },
                {
                    "eventId": "d1movement1_2",
                    "stock": "FNTD",
                    "change": 0.8,
                    "percent": true,
                    "delay": 120
                },
                {
                    "eventId": "d1movement1_3",
                    "stock": "FNTD",
                    "change": 0.7,
                    "percent": true,
                    "delay": 180
                },
                {
                    "eventId": "d1movement1_4",
                    "stock": "FNTD",
                    "change": 0.5,
                    "percent": true,
                    "delay": 240
                }
            ],
            "earningsReport": [],
            "eventSequence": [
                {
                    "eventId": "d1article1",
                    "delay": 0
                },
                {
                    "eventId": "d1movement1_1",
                    "delay": 0
                },
                {
                    "eventId": "d1movement1_2",
                    "delay": 60
                },
                {
                    "eventId": "d1movement1_3",
                    "delay": 180
                },
                {
                    "eventId": "d1movement1_4",
                    "delay": 360
                }
            ]
        },
        {
            "number": 1,
            "articles": [
                {
                    "eventId": "d1article2",
                    "title": "Fintendo Confirms Revolutionary VR Gaming System",
                    "content": "Fintendo (FNTD) has officially confirmed the development of its highly anticipated VR gaming system. This announcement comes with a showcase of immersive gaming experiences that have the potential to redefine the industry. The revelation has boosted investor confidence, sending FNTD's stock upward.",
                    "stocks": [
                        "FNTD"
                    ],
                    "author": "Epic Eric",
                    "website": "Console Carnival"
                }
            ],
            "stockMovements": [
                {
                    "eventId": "d1movement2_1",
                    "stock": "FNTD",
                    "change": 1.0,
                    "percent": true,
                    "delay": 90
                },
                {
                    "eventId": "d1movement2_2",
                    "stock": "FNTD",
                    "change": 1.2,
                    "percent": true,
                    "delay": 180
                },
                {
                    "eventId": "d1movement2_3",
                    "stock": "FNTD",
                    "change": 1.3,
                    "percent": true,
                    "delay": 270
                }
            ],
            "earningsReport": [],
            "eventSequence": [
                {
                    "eventId": "d1article1",
                    "delay": 7200
                },
                {
                    "eventId": "d1article2",
                    "delay": 0
                },
                {
                    "eventId": "d1movement2_1",
                    "delay": 60
                },
                {
                    "eventId": "d1movement2_2",
                    "delay": 150
                },
                {
                    "eventId": "d1movement2_3",
                    "delay": 330
                }
            ]
        },
        {
            "number": 1,
            "articles": [
                {
                    "eventId": "d1article3",
                    "title": "Skepticism Surrounds Fintendo's VR System Practicality",
                    "content": "Despite the excitement surrounding Fintendo's (FNTD) new VR gaming system, some industry experts have raised concerns about its practicality. Issues such as affordability, accessibility, and potential technical limitations are being highlighted. This skepticism has resulted in a slight dip in FNTD's stock.",
                    "stocks": [
                        "FNTD"
                    ],
                    "author": "Dramatic Dana",
                    "website": "Console Carnival"
                }
            ],
            "stockMovements": [
                {
                    "eventId": "d1movement3_1",
                    "stock": "FNTD",
                    "change": -0.5,
                    "percent": true,
                    "delay": 120
                },
                {
                    "eventId": "d1movement3_2",
                    "stock": "FNTD",
                    "change": -0.7,
                    "percent": true,
                    "delay": 240
                },
                {
                    "eventId": "d1movement3_3",
                    "stock": "FNTD",
                    "change": -0.8,
                    "percent": true,
                    "delay": 360
                }
            ],
            "earningsReport": [],
            "eventSequence": [
                {
                    "eventId": "d1article2",
                    "delay": 14400
                },
                {
                    "eventId": "d1article3",
                    "delay": 0
                },
                {
                    "eventId": "d1movement3_1",
                    "delay": 60
                },
                {
                    "eventId": "d1movement3_2",
                    "delay": 180
                },
                {
                    "eventId": "d1movement3_3",
                    "delay": 360
                }
            ]
        },
        {
            "number": 1,
            "articles": [
                {
                    "eventId": "d1article4",
                    "title": "Fintendo Demos Address Concerns, Restore Investor Confidence",
                    "content": "Fintendo (FNTD) has taken steps to address the concerns surrounding its new VR system by showcasing successful demos. These demonstrations have alleviated some fears about the system's practicality and have positively impacted investor sentiment. The stock has shown signs of recovery as a result.",
                    "stocks": [
                        "FNTD"
                    ],
                    "author": "Epic Eric",
                    "website": "Console Carnival"
                }
            ],
            "stockMovements": [
                {
                    "eventId": "d1movement4_1",
                    "stock": "FNTD",
                    "change": 0.5,
                    "percent": true,
                    "delay": 180
                },
                {
                    "eventId": "d1movement4_2",
                    "stock": "FNTD",
                    "change": 0.7,
                    "percent": true,
                    "delay": 360
                },
                {
                    "eventId": "d1movement4_3",
                    "stock": "FNTD",
                    "change": 0.8,
                    "percent": true,
                    "delay": 600
                }
            ],
            "earningsReport": [],
            "eventSequence": [
                {
                    "eventId": "d1article3",
                    "delay": 3600
                },
                {
                    "eventId": "d1article4",
                    "delay": 3600
                },
                {
                    "eventId": "d1movement4_1",
                    "delay": 300
                },
                {
                    "eventId": "d1movement4_2",
                    "delay": 300
                },
                {
                    "eventId": "d1movement4_3",
                    "delay": 300
                }
            ]
        }
    ],
    "categories": [
        "product_launch",
        "gaming"
    ],
    "timeFrame": 1
}