{
    "id": "fintendo_faces_backlash_over_microtransactions",
    "title": "Fintendo Faces Backlash Over Microtransactions",
    "canRepeat": false,
    "description": "Fintendo faces backlash from consumers over its use of microtransactions in new games, causing initial stock drops, followed by attempts to stabilize, and further stock movements.",
    "days": [
        {
            "number": 1,
            "articles": [
                {
                    "eventId": "d1article1",
                    "title": "Reports of Consumer Backlash over Fintendo's Use of Microtransactions",
                    "content": "Fintendo (FNTD) is facing significant consumer backlash over its recent decision to implement microtransactions in its new games. Many gamers feel that this move prioritizes profit over player experience. The backlash has been swift and intense, with social media platforms flooded with complaints. Some gamers have even started a petition demanding that Fintendo remove microtransactions altogether. The company's stock has already begun to show signs of stress.",
                    "stocks": [
                        "FNTD"
                    ],
                    "author": "Silly Sam",
                    "website": "Gamer Giggles"
                },
                {
                    "eventId": "d1article2",
                    "title": "Fintendo Defends Its Practices",
                    "content": "In response to the backlash over microtransactions, Fintendo (FNTD) has released a statement defending its practices. The company argues that microtransactions allow for continuous game development and provide players with additional content. 'Our goal is to enhance the gaming experience, not detract from it,' a Fintendo spokesperson said. Despite the defense, investors are watching closely to see how this controversy will unfold.",
                    "stocks": [
                        "FNTD"
                    ],
                    "author": "Retro Randy",
                    "website": "Pixel Pundit",
                    "delay": 7200
                },
                {
                    "eventId": "d1article3",
                    "title": "Further Consumer Dissatisfaction Emerges",
                    "content": "Despite Fintendo's (FNTD) defense of its microtransaction practices, further consumer dissatisfaction has emerged. Players argue that the company's justification does not address their primary concerns about fair gameplay and accessibility. The hashtag #BoycottFintendo is trending on social media, and the stock has dipped again as the controversy continues to grow.",
                    "stocks": [
                        "FNTD"
                    ],
                    "author": "Laughing Lily",
                    "website": "Gamer Giggles",
                    "delay": 14400
                },
                {
                    "eventId": "d1article4",
                    "title": "Analysts Predict Limited Long-term Impact",
                    "content": "Analysts are predicting that while the backlash over microtransactions is a significant short-term issue for Fintendo (FNTD), the long-term impact may be limited. They argue that the gaming market is resilient and that consumers will eventually adapt. The company's commitment to ongoing development and content updates could help stabilize the stock in the long run.",
                    "stocks": [
                        "FNTD"
                    ],
                    "author": "Epic Eric",
                    "website": "Console Carnival",
                    "delay": 21600
                }
            ],
            "stockMovements": [
                {
                    "eventId": "d1movement1_1",
                    "stock": "FNTD",
                    "change": -1.0,
                    "percent": true,
                    "delay": 0
                },
                {
                    "eventId": "d1movement1_2",
                    "stock": "FNTD",
                    "change": -1.0,
                    "percent": true,
                    "delay": 100
                },
                {
                    "eventId": "d1movement1_3",
                    "stock": "FNTD",
                    "change": -1.0,
                    "percent": true,
                    "delay": 300
                },
                {
                    "eventId": "d1movement2_1",
                    "stock": "FNTD",
                    "change": 0.5,
                    "percent": true,
                    "delay": 150
                },
                {
                    "eventId": "d1movement2_2",
                    "stock": "FNTD",
                    "change": 0.5,
                    "percent": true,
                    "delay": 100
                },
                {
                    "eventId": "d1movement2_3",
                    "stock": "FNTD",
                    "change": 0.5,
                    "percent": true,
                    "delay": 100
                },
                {
                    "eventId": "d1movement3_1",
                    "stock": "FNTD",
                    "change": -0.75,
                    "percent": true,
                    "delay": 150
                },
                {
                    "eventId": "d1movement3_2",
                    "stock": "FNTD",
                    "change": -0.75,
                    "percent": true,
                    "delay": 100
                },
                {
                    "eventId": "d1movement3_3",
                    "stock": "FNTD",
                    "change": -1.0,
                    "percent": true,
                    "delay": 100
                },
                {
                    "eventId": "d1movement4_1",
                    "stock": "FNTD",
                    "change": 0.33,
                    "percent": true,
                    "delay": 100
                },
                {
                    "eventId": "d1movement4_2",
                    "stock": "FNTD",
                    "change": 0.33,
                    "percent": true,
                    "delay": 150
                },
                {
                    "eventId": "d1movement4_3",
                    "stock": "FNTD",
                    "change": 0.34,
                    "percent": true,
                    "delay": 200
                }
            ],
            "earningsReport": [],
            "eventSequence": [
                {
                    "eventId": "d1article1",
                    "delay": 3600
                },
                {
                    "eventId": "d1movement1_1",
                    "delay": 300
                },
                {
                    "eventId": "d1movement1_2",
                    "delay": 300
                },
                {
                    "eventId": "d1movement1_3",
                    "delay": 300
                },
                {
                    "eventId": "d1article2",
                    "delay": 3600
                },
                {
                    "eventId": "d1movement2_1",
                    "delay": 300
                },
                {
                    "eventId": "d1movement2_2",
                    "delay": 300
                },
                {
                    "eventId": "d1movement2_3",
                    "delay": 300
                },
                {
                    "eventId": "d1article3",
                    "delay": 3600
                },
                {
                    "eventId": "d1movement3_1",
                    "delay": 300
                },
                {
                    "eventId": "d1movement3_2",
                    "delay": 300
                },
                {
                    "eventId": "d1movement3_3",
                    "delay": 300
                },
                {
                    "eventId": "d1article4",
                    "delay": 3600
                },
                {
                    "eventId": "d1movement4_1",
                    "delay": 300
                },
                {
                    "eventId": "d1movement4_2",
                    "delay": 300
                },
                {
                    "eventId": "d1movement4_3",
                    "delay": 300
                }
            ]
        }
    ],
    "categories": [
        "consumer_backlash",
        "gaming"
    ],
    "timeFrame": 1
}