{
    "id": "fintendo_new_console_issues",
    "title": "Fintendo's New Console Faces Technical Issues",
    "canRepeat": false,
    "description": "Initially enthusiastic reactions to Fintendo's new console launch turn sour as technical issues arise, leading to a dramatic drop in stock prices.",
    "days": [
        {
            "number": 1,
            "articles": [
                {
                    "eventId": "d1article1",
                    "title": "Rumors Swirl About Fintendo's Imminent Console Launch",
                    "content": "Exciting whispers are making the rounds in the gaming community today about Fintendo (FNTD) possibly launching a groundbreaking new console. Fans are abuzz with speculation about the advanced features it might include, such as real-time ray tracing and enhanced VR support. If the rumors are true, this console could be a game-changer in the industry.",
                    "stocks": [
                        "FNTD"
                    ],
                    "author": "Retro Randy",
                    "website": "Pixel Pundit"
                },
                {
                    "eventId": "d1article2",
                    "title": "Fintendo Confirms New Console with Advanced Features",
                    "content": "Fintendo (FNTD) has officially confirmed the rumors\u2013a new console is on its way! Known as the FintendoNext, this state-of-the-art device promises to deliver unmatched gaming experiences with features like real-time ray tracing, advanced VR capabilities, and a proprietary cooling system to ensure optimal performance. Investors are thrilled, and the company\u2019s stock has seen an immediate boost.",
                    "stocks": [
                        "FNTD"
                    ],
                    "author": "Epic Eric",
                    "website": "Console Carnival"
                }
            ],
            "stockMovements": [
                {
                    "eventId": "d1movement1",
                    "stock": "FNTD",
                    "change": 0.8,
                    "percent": true,
                    "delay": 120
                },
                {
                    "eventId": "d1movement2",
                    "stock": "FNTD",
                    "change": 0.8,
                    "percent": true,
                    "delay": 120
                },
                {
                    "eventId": "d1movement3",
                    "stock": "FNTD",
                    "change": 0.9,
                    "percent": true,
                    "delay": 120
                },
                {
                    "eventId": "d1movement4",
                    "stock": "FNTD",
                    "change": 1.0,
                    "percent": true,
                    "delay": 120
                },
                {
                    "eventId": "d1movement5",
                    "stock": "FNTD",
                    "change": 1.0,
                    "percent": true,
                    "delay": 120
                },
                {
                    "eventId": "d1movement6",
                    "stock": "FNTD",
                    "change": 1.0,
                    "percent": true,
                    "delay": 120
                }
            ],
            "earningsReport": [],
            "eventSequence": [
                {
                    "eventId": "d1article1",
                    "delay": 0
                },
                {
                    "eventId": "d1movement1",
                    "delay": 0
                },
                {
                    "eventId": "d1movement2",
                    "delay": 120
                },
                {
                    "eventId": "d1movement3",
                    "delay": 120
                },
                {
                    "eventId": "d1movement4",
                    "delay": 120
                },
                {
                    "eventId": "d1movement5",
                    "delay": 120
                },
                {
                    "eventId": "d1movement6",
                    "delay": 120
                },
                {
                    "eventId": "d1article2",
                    "delay": 10440
                }
            ]
        },
        {
            "number": 2,
            "articles": [
                {
                    "eventId": "d2article1",
                    "title": "Early Reviews Praise FintendoNext Console",
                    "content": "The first reviews for the FintendoNext console are in, and the consensus is overwhelmingly positive. Critics are praising the console's stunning graphics, seamless gameplay, and innovative features. The gaming community is reacting enthusiastically, with many declaring it the best console Fintendo has ever produced. As word spreads, Fintendo's stock continues to climb.",
                    "stocks": [
                        "FNTD"
                    ],
                    "author": "Laughing Lily",
                    "website": "Gamer Giggles"
                },
                {
                    "eventId": "d2article2",
                    "title": "Technical Issues Surface for FintendoNext",
                    "content": "Several early adopters of the FintendoNext console are reporting technical issues that are causing significant concerns. Complaints include frequent crashes, overheating problems, and intermittent connectivity issues. This news has caused a ripple of anxiety among investors and gamers alike, casting a shadow over the highly anticipated release.",
                    "stocks": [
                        "FNTD"
                    ],
                    "author": "Gary Glitch",
                    "website": "Silicon Circus"
                }
            ],
            "stockMovements": [
                {
                    "eventId": "d2movement1",
                    "stock": "FNTD",
                    "change": 0.6,
                    "percent": true,
                    "delay": 120
                },
                {
                    "eventId": "d2movement2",
                    "stock": "FNTD",
                    "change": 0.6,
                    "percent": true,
                    "delay": 120
                },
                {
                    "eventId": "d2movement3",
                    "stock": "FNTD",
                    "change": 0.8,
                    "percent": true,
                    "delay": 120
                },
                {
                    "eventId": "d2movement4",
                    "stock": "FNTD",
                    "change": -0.8,
                    "percent": true,
                    "delay": 120
                },
                {
                    "eventId": "d2movement5",
                    "stock": "FNTD",
                    "change": -0.8,
                    "percent": true,
                    "delay": 120
                },
                {
                    "eventId": "d2movement6",
                    "stock": "FNTD",
                    "change": -0.9,
                    "percent": true,
                    "delay": 120
                }
            ],
            "earningsReport": [],
            "eventSequence": [
                {
                    "eventId": "d2article1",
                    "delay": 0
                },
                {
                    "eventId": "d2movement1",
                    "delay": 0
                },
                {
                    "eventId": "d2movement2",
                    "delay": 120
                },
                {
                    "eventId": "d2movement3",
                    "delay": 120
                },
                {
                    "eventId": "d2movement4",
                    "delay": 120
                },
                {
                    "eventId": "d2movement5",
                    "delay": 120
                },
                {
                    "eventId": "d2movement6",
                    "delay": 120
                },
                {
                    "eventId": "d2article2",
                    "delay": 14040
                }
            ]
        },
        {
            "number": 3,
            "articles": [
                {
                    "eventId": "d3article1",
                    "title": "Fintendo Addresses Technical Issues, But Fans Are Disappointed",
                    "content": "Fintendo (FNTD) has issued a statement addressing the technical issues plaguing the FintendoNext console. The company has assured users that a fix is on the way and urged patience. However, many early adopters remain dissatisfied, feeling let down by a product they eagerly awaited. This sentiment is reflected in Fintendo\u2019s stock, which is taking a hit.",
                    "stocks": [
                        "FNTD"
                    ],
                    "author": "Greta Gamble",
                    "website": "Bull and Bear Circus"
                },
                {
                    "eventId": "d3article2",
                    "title": "Analysts Lower Growth Projections for Fintendo",
                    "content": "In light of the recent technical problems and subsequent customer dissatisfaction with the FintendoNext console, several analysts have downgraded Fintendo's growth projections. The lowered forecasts have led to a sharp decline in the company's stock price. It remains to be seen how Fintendo will navigate these troubled waters and restore investor confidence.",
                    "stocks": [
                        "FNTD"
                    ],
                    "author": "Sally Shortsell",
                    "website": "Bull and Bear Circus"
                }
            ],
            "stockMovements": [
                {
                    "eventId": "d3movement1",
                    "stock": "FNTD",
                    "change": -1.0,
                    "percent": true,
                    "delay": 120
                },
                {
                    "eventId": "d3movement2",
                    "stock": "FNTD",
                    "change": -1.0,
                    "percent": true,
                    "delay": 120
                },
                {
                    "eventId": "d3movement3",
                    "stock": "FNTD",
                    "change": -1.0,
                    "percent": true,
                    "delay": 120
                },
                {
                    "eventId": "d3movement4",
                    "stock": "FNTD",
                    "change": -1.3,
                    "percent": true,
                    "delay": 120
                },
                {
                    "eventId": "d3movement5",
                    "stock": "FNTD",
                    "change": -1.3,
                    "percent": true,
                    "delay": 120
                },
                {
                    "eventId": "d3movement6",
                    "stock": "FNTD",
                    "change": -1.4,
                    "percent": true,
                    "delay": 120
                }
            ],
            "earningsReport": [],
            "eventSequence": [
                {
                    "eventId": "d3article1",
                    "delay": 0
                },
                {
                    "eventId": "d3movement1",
                    "delay": 0
                },
                {
                    "eventId": "d3movement2",
                    "delay": 120
                },
                {
                    "eventId": "d3movement3",
                    "delay": 120
                },
                {
                    "eventId": "d3movement4",
                    "delay": 120
                },
                {
                    "eventId": "d3movement5",
                    "delay": 120
                },
                {
                    "eventId": "d3movement6",
                    "delay": 120
                },
                {
                    "eventId": "d3article2",
                    "delay": 10440
                }
            ]
        }
    ],
    "categories": [
        "console_issues",
        "gaming"
    ],
    "timeFrame": 3
}