{
    "date": "2021-01-01",
    "numStoryEvents": 6,
    "marketDirection": -0.08,
    "stockMovements": [
      {
        "stockSymbol": "AAPL",
        "pricePercentageChange": 10.5,
        "eventTime": "2021-01-01T09:35:00"
      },
      {
        "stockSymbol": "GOOGL",
        "pricePercentageChange": -0.8,
        "eventTime": "2021-01-01T10:36:00"
      }
    ],
    "articles": [
      {
        "title": "Apple Announces New iPhone",
        "body": "Apple Inc. (AAPL) has announced the launch of its latest iPhone model, featuring cutting-edge technology and sleek design. Analysts predict strong sales and a positive impact on the company's stock price.",
        "displayedBody": "Apple Inc. (AAPL) has announced the launch of its latest iPhone model...",
        "author": "John Smith",
        "website": "TechNews.com",
        "relatedStockSymbols": [
          "AAPL"
        ],
        "appearanceTime": "2021-01-01T09:33:30Z"
      }
    ],
    "earningsReports": [
      {
        "stockSymbol": "HYT",
        "reportPath": "game_files/story/earnings/hyt_q1_positive",
        "eventTime": "2021-01-01T09:34:00",
        "quarter": 1,
        "year": 2021,
        "eps": 2.34,
        "revenue": 50000000.00,
        "costOfGoods": 20000000.00,
        "grossProfit": 30000000.00,
        "operatingExpenses": 10000000.00,
        "operatingIncome": 20000000.00,
        "netIncome": 15000000.00,
        "beatExpectations": true,
        "beatExpectationsBy": 0.1
      }
    ]
  }
