{
    "id": "oraclite_acquires_leading_cloud_security_firm",
    "title": "Oraclite Acquires Leading Cloud Security Firm",
    "canRepeat": false,
    "description": "Oraclite sparks industry excitement with the acquisition of a leading cloud security firm, enhancing its cloud service offerings.",
    "days": [
        {
            "number": 1,
            "articles": [
                {
                    "eventId": "d1article1",
                    "title": "Rumors of Oraclite Acquiring Leading Cloud Security Firm",
                    "content": "In recent developments, speculation is rife that Oraclite (ORCL) is on the verge of acquiring a prominent cloud security firm. The move, if true, is expected to bolster Oraclite's position in the cloud computing market. Industry insiders believe such a strategic acquisition will enable Oraclite to provide enhanced security measures, vital in today's increasingly digital world.",
                    "stocks": [
                        "ORCL"
                    ],
                    "author": "Warren Buffoon",
                    "website": "Cash Clown"
                },
                {
                    "eventId": "d1article2",
                    "title": "Oraclite Confirms Acquisition of Leading Cloud Security Firm",
                    "content": "In a significant announcement, Oraclite (ORCL) has officially confirmed the acquisition of a leading cloud security firm. This comes after much speculation and rumors circulating earlier. Oraclite CEO stated, 'This acquisition is a pivotal moment for us, ensuring that we can offer unparalleled security measures to our customers. With this addition, Oraclite solidifies its position as a leader in the cloud computing market.' The news has generated optimism among investors, looking forward to the company's enhanced capabilities and market presence.",
                    "stocks": [
                        "ORCL"
                    ],
                    "author": "Diana Data",
                    "website": "Silicon Circus"
                }
            ],
            "stockMovements": [
                {
                    "eventId": "d1movement1",
                    "stock": "ORCL",
                    "change": 0.7,
                    "percent": true,
                    "delay": 0
                },
                {
                    "eventId": "d1movement2",
                    "stock": "ORCL",
                    "change": 0.6,
                    "percent": true,
                    "delay": 120
                },
                {
                    "eventId": "d1movement3",
                    "stock": "ORCL",
                    "change": 0.7,
                    "percent": true,
                    "delay": 240
                },
                {
                    "eventId": "d1movement4",
                    "stock": "ORCL",
                    "change": 0.9,
                    "percent": true,
                    "delay": 0
                },
                {
                    "eventId": "d1movement5",
                    "stock": "ORCL",
                    "change": 0.8,
                    "percent": true,
                    "delay": 120
                },
                {
                    "eventId": "d1movement6",
                    "stock": "ORCL",
                    "change": 0.8,
                    "percent": true,
                    "delay": 240
                }
            ],
            "earningsReport": [],
            "eventSequence": [
                {
                    "eventId": "d1article1",
                    "delay": 0
                },
                {
                    "eventId": "d1movement1",
                    "delay": 0
                },
                {
                    "eventId": "d1movement2",
                    "delay": 120
                },
                {
                    "eventId": "d1movement3",
                    "delay": 240
                },
                {
                    "eventId": "d1article2",
                    "delay": 6480
                },
                {
                    "eventId": "d1movement4",
                    "delay": 0
                },
                {
                    "eventId": "d1movement5",
                    "delay": 120
                },
                {
                    "eventId": "d1movement6",
                    "delay": 240
                }
            ]
        },
        {
            "number": 2,
            "articles": [
                {
                    "eventId": "d2article1",
                    "title": "Analysts Praise Oraclite's Strategic Move",
                    "content": "Following Oraclite's (ORCL) confirmation of its acquisition of a leading cloud security firm, market analysts have lauded the strategic move. According to prominent financial analysts, this acquisition is likely to lead to substantial growth in Oraclite's cloud security offerings. With an increased focus on security, Oraclite is expected to attract a larger customer base, enhancing its overall market share in the cloud computing sector.",
                    "stocks": [
                        "ORCL"
                    ],
                    "author": "Polly Profit",
                    "website": "Bull and Bear Circus"
                },
                {
                    "eventId": "d2article2",
                    "title": "Tech Experts Highlight Oraclite's Potential Market Dominance",
                    "content": "Tech experts are buzzing with excitement over Oraclite's (ORCL) recent acquisition of a leading cloud security firm. This move is not just about enhanced security measures; it positions Oraclite to potentially dominate the cloud computing market. According to tech industry insiders, Oraclite's strengthened security portfolio will allow for greater robustness in data protection, attracting enterprises seeking reliable cloud solutions. The sentiment in the tech community is overwhelmingly positive, with predictions of Oraclite setting new standards in cloud security.",
                    "stocks": [
                        "ORCL"
                    ],
                    "author": "Hype Harry",
                    "website": "Market Madness"
                }
            ],
            "stockMovements": [
                {
                    "eventId": "d2movement1",
                    "stock": "ORCL",
                    "change": 1.0,
                    "percent": true,
                    "delay": 0
                },
                {
                    "eventId": "d2movement2",
                    "stock": "ORCL",
                    "change": 0.8,
                    "percent": true,
                    "delay": 180
                },
                {
                    "eventId": "d2movement3",
                    "stock": "ORCL",
                    "change": 0.7,
                    "percent": true,
                    "delay": 360
                },
                {
                    "eventId": "d2movement4",
                    "stock": "ORCL",
                    "change": 0.5,
                    "percent": true,
                    "delay": 540
                },
                {
                    "eventId": "d2movement5",
                    "stock": "ORCL",
                    "change": 0.9,
                    "percent": true,
                    "delay": 0
                },
                {
                    "eventId": "d2movement6",
                    "stock": "ORCL",
                    "change": 0.8,
                    "percent": true,
                    "delay": 120
                },
                {
                    "eventId": "d2movement7",
                    "stock": "ORCL",
                    "change": 0.8,
                    "percent": true,
                    "delay": 240
                }
            ],
            "earningsReport": [],
            "eventSequence": [
                {
                    "eventId": "d2article1",
                    "delay": 0
                },
                {
                    "eventId": "d2movement1",
                    "delay": 0
                },
                {
                    "eventId": "d2movement2",
                    "delay": 180
                },
                {
                    "eventId": "d2movement3",
                    "delay": 360
                },
                {
                    "eventId": "d2movement4",
                    "delay": 540
                },
                {
                    "eventId": "d2article2",
                    "delay": 12960
                },
                {
                    "eventId": "d2movement5",
                    "delay": 0
                },
                {
                    "eventId": "d2movement6",
                    "delay": 120
                },
                {
                    "eventId": "d2movement7",
                    "delay": 240
                }
            ]
        }
    ],
    "categories": [
        "merger_acquisition",
        "technology"
    ],
    "timeFrame": 2
}