{
    "id": "pony_expands_mobile_gaming_division",
    "title": "Pony Expands Mobile Gaming Division",
    "canRepeat": false,
    "description": "Pony Entertainment announces plans to expand its mobile gaming division, causing its stock price to rise significantly over two days.",
    "days": [
        {
            "number": 1,
            "articles": [
                {
                    "eventId": "d1article1",
                    "title": "Rumors of Pony Expanding Mobile Gaming Division",
                    "content": "Rumors are circulating that Pony Entertainment (PONY) is planning to expand its mobile gaming division with several new titles. This move is expected to position Pony as a significant player in the mobile gaming market. Industry insiders believe that the company has been working on this expansion for months, and the official announcement could come any day now. Investors seem excited about the potential growth this expansion could bring to the company's stock value.",
                    "stocks": [
                        "PONY"
                    ],
                    "author": "Polly Profit",
                    "website": "Bull and Bear Circus"
                },
                {
                    "eventId": "d1article2",
                    "title": "Pony Confirms Expansion of Mobile Gaming Division",
                    "content": "Pony Entertainment (PONY) has officially confirmed that it is expanding its mobile gaming division. The company announced that it plans to launch several innovative mobile games designed to attract a broad audience of casual and hardcore gamers. Pony's CEO stated that the expansion is a strategic move to capitalize on the growing popularity of mobile gaming. The announcement has been met with enthusiasm from both investors and gamers, who are eager to see what new titles Pony will bring to the market.",
                    "stocks": [
                        "PONY"
                    ],
                    "author": "Trendy Tina",
                    "website": "Trend Tribune"
                }
            ],
            "stockMovements": [
                {
                    "eventId": "d1movement1",
                    "stock": "PONY",
                    "change": 0.5,
                    "percent": true,
                    "delay": 60
                },
                {
                    "eventId": "d1movement2",
                    "stock": "PONY",
                    "change": 0.5,
                    "percent": true,
                    "delay": 60
                },
                {
                    "eventId": "d1movement3",
                    "stock": "PONY",
                    "change": 0.5,
                    "percent": true,
                    "delay": 120
                },
                {
                    "eventId": "d1movement4",
                    "stock": "PONY",
                    "change": 0.5,
                    "percent": true,
                    "delay": 60
                },
                {
                    "eventId": "d1movement5",
                    "stock": "PONY",
                    "change": 0.5,
                    "percent": true,
                    "delay": 60
                },
                {
                    "eventId": "d1movement6",
                    "stock": "PONY",
                    "change": 0.5,
                    "percent": true,
                    "delay": 120
                },
                {
                    "eventId": "d1movement7",
                    "stock": "PONY",
                    "change": 0.5,
                    "percent": true,
                    "delay": 60
                },
                {
                    "eventId": "d1movement8",
                    "stock": "PONY",
                    "change": 0.5,
                    "percent": true,
                    "delay": 60
                },
                {
                    "eventId": "d1movement9",
                    "stock": "PONY",
                    "change": 0.5,
                    "percent": true,
                    "delay": 120
                },
                {
                    "eventId": "d1movement10",
                    "stock": "PONY",
                    "change": 0.5,
                    "percent": true,
                    "delay": 120
                }
            ],
            "earningsReport": [],
            "eventSequence": [
                {
                    "eventId": "d1article1",
                    "delay": 0
                },
                {
                    "eventId": "d1movement1",
                    "delay": 0
                },
                {
                    "eventId": "d1movement2",
                    "delay": 60
                },
                {
                    "eventId": "d1movement3",
                    "delay": 60
                },
                {
                    "eventId": "d1movement4",
                    "delay": 120
                },
                {
                    "eventId": "d1movement5",
                    "delay": 60
                },
                {
                    "eventId": "d1movement6",
                    "delay": 60
                },
                {
                    "eventId": "d1movement7",
                    "delay": 120
                },
                {
                    "eventId": "d1movement8",
                    "delay": 60
                },
                {
                    "eventId": "d1movement9",
                    "delay": 60
                },
                {
                    "eventId": "d1movement10",
                    "delay": 120
                },
                {
                    "eventId": "d1article2",
                    "delay": 7140
                }
            ]
        },
        {
            "number": 2,
            "articles": [
                {
                    "eventId": "d2article1",
                    "title": "Analysts Praise Pony's Mobile Gaming Expansion",
                    "content": "Analysts are praising Pony Entertainment's (PONY) recent decision to expand its mobile gaming division. The move is seen as a strategic step to capture a larger share of the booming mobile gaming market. According to industry experts, Pony's expansion could lead to significant revenue growth and strengthen its position in the competitive gaming industry. Investors are optimistic about the potential returns, and the stock price has seen a steady climb since the announcement.",
                    "stocks": [
                        "PONY"
                    ],
                    "author": "Freddy Fortune",
                    "website": "Moolah Misfits"
                },
                {
                    "eventId": "d2article2",
                    "title": "Positive Early User Feedback on Pony's New Mobile Games",
                    "content": "Early user feedback on Pony Entertainment's (PONY) new mobile games has been overwhelmingly positive. Gamers are particularly impressed with the innovative gameplay and high-quality graphics. The positive reception has boosted confidence among investors and industry experts alike. Many believe that Pony's mobile gaming expansion is set for great success, potentially setting new benchmarks in the industry. The stock price has continued to rise, reflecting the growing optimism around Pony's future prospects.",
                    "stocks": [
                        "PONY"
                    ],
                    "author": "Epic Eric",
                    "website": "Console Carnival"
                }
            ],
            "stockMovements": [
                {
                    "eventId": "d2movement1",
                    "stock": "PONY",
                    "change": 0.5,
                    "percent": true,
                    "delay": 60
                },
                {
                    "eventId": "d2movement2",
                    "stock": "PONY",
                    "change": 0.5,
                    "percent": true,
                    "delay": 60
                },
                {
                    "eventId": "d2movement3",
                    "stock": "PONY",
                    "change": 0.5,
                    "percent": true,
                    "delay": 60
                },
                {
                    "eventId": "d2movement4",
                    "stock": "PONY",
                    "change": 0.5,
                    "percent": true,
                    "delay": 120
                },
                {
                    "eventId": "d2movement5",
                    "stock": "PONY",
                    "change": 0.5,
                    "percent": true,
                    "delay": 60
                },
                {
                    "eventId": "d2movement6",
                    "stock": "PONY",
                    "change": 0.5,
                    "percent": true,
                    "delay": 60
                },
                {
                    "eventId": "d2movement7",
                    "stock": "PONY",
                    "change": 0.5,
                    "percent": true,
                    "delay": 60
                },
                {
                    "eventId": "d2movement8",
                    "stock": "PONY",
                    "change": 0.5,
                    "percent": true,
                    "delay": 120
                },
                {
                    "eventId": "d2movement9",
                    "stock": "PONY",
                    "change": 0.5,
                    "percent": true,
                    "delay": 120
                }
            ],
            "earningsReport": [],
            "eventSequence": [
                {
                    "eventId": "d2article1",
                    "delay": 0
                },
                {
                    "eventId": "d2movement1",
                    "delay": 0
                },
                {
                    "eventId": "d2movement2",
                    "delay": 60
                },
                {
                    "eventId": "d2movement3",
                    "delay": 60
                },
                {
                    "eventId": "d2movement4",
                    "delay": 60
                },
                {
                    "eventId": "d2movement5",
                    "delay": 120
                },
                {
                    "eventId": "d2movement6",
                    "delay": 60
                },
                {
                    "eventId": "d2movement7",
                    "delay": 60
                },
                {
                    "eventId": "d2movement8",
                    "delay": 60
                },
                {
                    "eventId": "d2movement9",
                    "delay": 120
                },
                {
                    "eventId": "d2article2",
                    "delay": 13920
                }
            ]
        }
    ],
    "categories": [
        "corporate_expansion",
        "gaming"
    ],
    "timeFrame": 2
}