{
    "id": "pony_e_sports_initiative_faces_challenges",
    "title": "Pony's E-Sports Initiative Faces Challenges",
    "canRepeat": false,
    "description": "Pony Entertainment faces challenges with their new e-sports initiative, causing stock fluctuations over three days as the company responds to issues.",
    "days": [
        {
            "number": 1,
            "articles": [
                {
                    "eventId": "d1article1",
                    "title": "Challenges Reported in Pony's E-Sports Initiative",
                    "content": "Reports are emerging that Pony Entertainment (PONY) is facing significant challenges with their newly launched e-sports initiative. Troubles range from organizing logistics to technical difficulties, putting a damper on investor confidence.",
                    "stocks": [
                        "PONY"
                    ],
                    "author": "Timmy Tumble",
                    "website": "Bull and Bear Circus"
                }
            ],
            "stockMovements": [
                {
                    "eventId": "d1movement5",
                    "stock": "PONY",
                    "change": 0.4,
                    "percent": true
                },
                {
                    "eventId": "d1movement6",
                    "stock": "PONY",
                    "change": 0.4,
                    "percent": true
                },
                {
                    "eventId": "d1movement7",
                    "stock": "PONY",
                    "change": 0.4,
                    "percent": true
                }
            ],
            "earningsReport": [],
            "eventSequence": [
                {
                    "eventId": "d1article1",
                    "delay": 0
                },
                {
                    "eventId": "d1movement1",
                    "delay": 0
                },
                {
                    "eventId": "d1movement2",
                    "delay": 240
                },
                {
                    "eventId": "d1movement3",
                    "delay": 180
                },
                {
                    "eventId": "d1movement4",
                    "delay": 360
                },
                {
                    "eventId": "d1article2",
                    "delay": 10800
                },
                {
                    "eventId": "d1movement5",
                    "delay": 0
                },
                {
                    "eventId": "d1movement6",
                    "delay": 600
                },
                {
                    "eventId": "d1movement7",
                    "delay": 360
                }
            ]
        },
        {
            "number": 2,
            "articles": [
                {
                    "eventId": "d2article1",
                    "title": "Logistical Problems Emerge in Pony's E-Sports Initiative",
                    "content": "Day two sees new reports surfacing about logistical problems within the Pony Entertainment (PONY) e-sports initiative. Issues related to coordination and resource management have raised concerns among investors, causing a drop in the stock price.",
                    "stocks": [
                        "PONY"
                    ],
                    "author": "Sally Shortsell",
                    "website": "Bull and Bear Circus"
                }
            ],
            "stockMovements": [
                {
                    "eventId": "d2movement5",
                    "stock": "PONY",
                    "change": 0.5,
                    "percent": true
                },
                {
                    "eventId": "d2movement6",
                    "stock": "PONY",
                    "change": 0.5,
                    "percent": true
                },
                {
                    "eventId": "d2movement7",
                    "stock": "PONY",
                    "change": 0.5,
                    "percent": true
                },
                {
                    "eventId": "d2movement8",
                    "stock": "PONY",
                    "change": 0.5,
                    "percent": true
                }
            ],
            "earningsReport": [],
            "eventSequence": [
                {
                    "eventId": "d2article1",
                    "delay": 0
                },
                {
                    "eventId": "d2movement1",
                    "delay": 0
                },
                {
                    "eventId": "d2movement2",
                    "delay": 800
                },
                {
                    "eventId": "d2movement3",
                    "delay": 500
                },
                {
                    "eventId": "d2movement4",
                    "delay": 360
                },
                {
                    "eventId": "d2article2",
                    "delay": 14400
                },
                {
                    "eventId": "d2movement5",
                    "delay": 0
                },
                {
                    "eventId": "d2movement6",
                    "delay": 800
                },
                {
                    "eventId": "d2movement7",
                    "delay": 500
                },
                {
                    "eventId": "d2movement8",
                    "delay": 360
                }
            ]
        },
        {
            "number": 3,
            "articles": [
                {
                    "eventId": "d3article1",
                    "title": "Analysts Cautious of Pony's E-Sports Prospects",
                    "content": "On the final day of coverage, analysts are expressing caution regarding the future of Pony Entertainment's (PONY) e-sports initiative. While the company has shown resilience and immediate action, the complexities of the e-sports market and ongoing challenges suggest potential setbacks ahead.",
                    "stocks": [
                        "PONY"
                    ],
                    "author": "Thrilling Theo",
                    "website": "Console Carnival"
                },
                {
                    "eventId": "d3article2",
                    "title": "Mixed Reactions as Pony E-Sports Faces Uncertainty",
                    "content": "The stock of Pony Entertainment (PONY) has been fluctuating throughout the day as investors react to mixed signals surrounding the company's e-sports initiative. With analysts' cautionary advice and the company's efforts to overcome challenges, the path forward remains uncertain. Some investors are bullish on the long-term potential, while others are wary of the risks involved.",
                    "stocks": [
                        "PONY"
                    ],
                    "author": "Dramatic Dana",
                    "website": "Console Carnival"
                }
            ],
            "stockMovements": [
                {
                    "eventId": "d3movement1",
                    "stock": "PONY",
                    "change": -0.4,
                    "percent": true
                },
                {
                    "eventId": "d3movement2",
                    "stock": "PONY",
                    "change": -0.4,
                    "percent": true
                },
                {
                    "eventId": "d3movement3",
                    "stock": "PONY",
                    "change": -0.4,
                    "percent": true
                },
                {
                    "eventId": "d3movement4",
                    "stock": "PONY",
                    "change": -0.3,
                    "percent": true
                },
                {
                    "eventId": "d3movement5",
                    "stock": "PONY",
                    "change": -0.3,
                    "percent": true
                },
                {
                    "eventId": "d3movement6",
                    "stock": "PONY",
                    "change": -0.3,
                    "percent": true
                }
            ],
            "earningsReport": [],
            "eventSequence": [
                {
                    "eventId": "d3article1",
                    "delay": 0
                },
                {
                    "eventId": "d3movement1",
                    "delay": 0
                },
                {
                    "eventId": "d3movement2",
                    "delay": 600
                },
                {
                    "eventId": "d3movement3",
                    "delay": 360
                },
                {
                    "eventId": "d3movement4",
                    "delay": 0
                },
                {
                    "eventId": "d3movement5",
                    "delay": 720
                },
                {
                    "eventId": "d3movement6",
                    "delay": 600
                },
                {
                    "eventId": "d3article2",
                    "delay": 10800
                }
            ]
        }
    ],
    "categories": [
        "esports_challenges",
        "gaming"
    ],
    "timeFrame": 3
}