{
    "id": "pony_partners_with_major_studio",
    "title": "Pony Partners with Major Studio for Movie Adaptations",
    "canRepeat": false,
    "description": "Pony announces a partnership with a major studio for movie adaptations of its popular games. The news is met with excitement initially, but reports of creative differences dampen the enthusiasm.",
    "days": [
        {
            "number": 1,
            "articles": [
                {
                    "eventId": "d1article1",
                    "title": "Rumors of Pony Partnering for Movie Adaptations",
                    "content": "Word on the street is that Pony Entertainment (PONY) is in talks with a major Hollywood studio to bring its iconic game franchises to the big screen. Industry insiders believe that this partnership could potentially lead to blockbuster films, elevating Pony's brand beyond the gaming world.",
                    "stocks": [
                        "PONY"
                    ],
                    "author": "Epic Eric",
                    "website": "Console Carnival"
                },
                {
                    "eventId": "d1article2",
                    "title": "Pony Confirms Partnership for Movie Adaptations",
                    "content": "Pony Entertainment (PONY) has officially confirmed the rumors: they are partnering with a major Hollywood studio to adapt their popular game franchises into movies. This exciting announcement has stirred the market, with many speculating on the potential success of such adaptations. Early reports suggest that this could lead to a series of blockbuster hits, similar to the success seen by other game-to-movie adaptations.",
                    "stocks": [
                        "PONY"
                    ],
                    "author": "David Lee",
                    "website": "GamingNews.com"
                }
            ],
            "stockMovements": [
                {
                    "eventId": "d1movement1",
                    "stock": "PONY",
                    "change": 1.0,
                    "percent": true,
                    "delay": 1
                },
                {
                    "eventId": "d1movement2",
                    "stock": "PONY",
                    "change": 0.8,
                    "percent": true,
                    "delay": 60
                },
                {
                    "eventId": "d1movement3",
                    "stock": "PONY",
                    "change": 0.7,
                    "percent": true,
                    "delay": 300
                },
                {
                    "eventId": "d1movement4",
                    "stock": "PONY",
                    "change": 1.2,
                    "percent": true,
                    "delay": 10499
                },
                {
                    "eventId": "d1movement5",
                    "stock": "PONY",
                    "change": 1.0,
                    "percent": true,
                    "delay": 50
                },
                {
                    "eventId": "d1movement6",
                    "stock": "PONY",
                    "change": 0.8,
                    "percent": true,
                    "delay": 250
                }
            ],
            "earningsReport": [],
            "eventSequence": [
                {
                    "eventId": "d1article1",
                    "delay": 0
                },
                {
                    "eventId": "d1movement1",
                    "delay": 1
                },
                {
                    "eventId": "d1movement2",
                    "delay": 60
                },
                {
                    "eventId": "d1movement3",
                    "delay": 300
                },
                {
                    "eventId": "d1article2",
                    "delay": 10499
                },
                {
                    "eventId": "d1movement4",
                    "delay": 1
                },
                {
                    "eventId": "d1movement5",
                    "delay": 50
                },
                {
                    "eventId": "d1movement6",
                    "delay": 250
                }
            ]
        },
        {
            "number": 2,
            "articles": [
                {
                    "eventId": "d2article1",
                    "title": "Positive Early Feedback on Pony's Movie Plans",
                    "content": "Early feedback on Pony Entertainment's (PONY) partnership with a major Hollywood studio has been overwhelmingly positive. Critics and fans alike are eagerly anticipating the movie adaptations of Pony's beloved game franchises. This positive buzz has continued to drive Pony's stock up, as investors show confidence in the potential success of these films.",
                    "stocks": [
                        "PONY"
                    ],
                    "author": "Dramatic Dana",
                    "website": "Console Carnival"
                },
                {
                    "eventId": "d2article2",
                    "title": "Creative Differences Emerge in Pony's Movie Partnership",
                    "content": "Despite the initial excitement, reports of creative differences between Pony Entertainment (PONY) and the Hollywood studio have emerged. Insiders reveal that there have been disagreements over the direction and tone of the film adaptations, causing concern among investors about the future of the projects. The stock, which had been climbing, has now taken a hit as these differences come to light.",
                    "stocks": [
                        "PONY"
                    ],
                    "author": "Dramatic Dave",
                    "website": "Market Madness"
                }
            ],
            "stockMovements": [
                {
                    "eventId": "d2movement1",
                    "stock": "PONY",
                    "change": 1.0,
                    "percent": true,
                    "delay": 1
                },
                {
                    "eventId": "d2movement2",
                    "stock": "PONY",
                    "change": 0.8,
                    "percent": true,
                    "delay": 60
                },
                {
                    "eventId": "d2movement3",
                    "stock": "PONY",
                    "change": 0.7,
                    "percent": true,
                    "delay": 300
                },
                {
                    "eventId": "d2movement4",
                    "stock": "PONY",
                    "change": -0.8,
                    "percent": true,
                    "delay": 14099
                },
                {
                    "eventId": "d2movement5",
                    "stock": "PONY",
                    "change": -0.7,
                    "percent": true,
                    "delay": 50
                },
                {
                    "eventId": "d2movement6",
                    "stock": "PONY",
                    "change": -0.5,
                    "percent": true,
                    "delay": 250
                }
            ],
            "earningsReport": [],
            "eventSequence": [
                {
                    "eventId": "d2article1",
                    "delay": 0
                },
                {
                    "eventId": "d2movement1",
                    "delay": 1
                },
                {
                    "eventId": "d2movement2",
                    "delay": 60
                },
                {
                    "eventId": "d2movement3",
                    "delay": 300
                },
                {
                    "eventId": "d2article2",
                    "delay": 14099
                },
                {
                    "eventId": "d2movement4",
                    "delay": 1
                },
                {
                    "eventId": "d2movement5",
                    "delay": 50
                },
                {
                    "eventId": "d2movement6",
                    "delay": 250
                }
            ]
        },
        {
            "number": 3,
            "articles": [
                {
                    "eventId": "d3article1",
                    "title": "Pony Addresses Creative Differences in Movie Partnership",
                    "content": "In response to reports of creative differences, Pony Entertainment (PONY) has released a statement addressing the concerns. The company assured investors and fans that it is working closely with the Hollywood studio to resolve any issues and ensure the success of the movie adaptations. However, skepticism among investors remains, causing further volatility in the stock.",
                    "stocks": [
                        "PONY"
                    ],
                    "author": "Polly Profit",
                    "website": "Bull and Bear Circus"
                },
                {
                    "eventId": "d3article2",
                    "title": "Analysts Predict Long-Term Benefits for Pony's Movie Ventures",
                    "content": "Despite the recent turbulence, analysts are optimistic about the long-term benefits of Pony Entertainment's (PONY) partnership with a Hollywood studio. They predict that the movie adaptations of Pony's popular game franchises will ultimately drive significant growth for the company. This optimism has helped stabilize the stock, although it remains somewhat volatile.",
                    "stocks": [
                        "PONY"
                    ],
                    "author": "Peter Processor",
                    "website": "Silicon Circus"
                }
            ],
            "stockMovements": [
                {
                    "eventId": "d3movement1",
                    "stock": "PONY",
                    "change": -1.0,
                    "percent": true,
                    "delay": 1
                },
                {
                    "eventId": "d3movement2",
                    "stock": "PONY",
                    "change": -0.9,
                    "percent": true,
                    "delay": 60
                },
                {
                    "eventId": "d3movement3",
                    "stock": "PONY",
                    "change": -0.6,
                    "percent": true,
                    "delay": 300
                },
                {
                    "eventId": "d3movement4",
                    "stock": "PONY",
                    "change": 0.6,
                    "percent": true,
                    "delay": 10499
                },
                {
                    "eventId": "d3movement5",
                    "stock": "PONY",
                    "change": 0.5,
                    "percent": true,
                    "delay": 50
                },
                {
                    "eventId": "d3movement6",
                    "stock": "PONY",
                    "change": 0.4,
                    "percent": true,
                    "delay": 250
                }
            ],
            "earningsReport": [],
            "eventSequence": [
                {
                    "eventId": "d3article1",
                    "delay": 0
                },
                {
                    "eventId": "d3movement1",
                    "delay": 1
                },
                {
                    "eventId": "d3movement2",
                    "delay": 60
                },
                {
                    "eventId": "d3movement3",
                    "delay": 300
                },
                {
                    "eventId": "d3article2",
                    "delay": 10499
                },
                {
                    "eventId": "d3movement4",
                    "delay": 1
                },
                {
                    "eventId": "d3movement5",
                    "delay": 50
                },
                {
                    "eventId": "d3movement6",
                    "delay": 250
                }
            ]
        }
    ],
    "categories": [
        "partnerships",
        "gaming"
    ],
    "timeFrame": 3
}