{
    "id": "pony_entertainment_announces_playstation_6",
    "title": "Pony Entertainment Announces PlaySation 6",
    "canRepeat": false,
    "description": "Multiple sources report on Pony Entertainment announcing the PlaySation 6, leading to high investor optimism and a soaring stock price.",
    "days": [
        {
            "number": 1,
            "articles": [
                {
                    "eventId": "d1article1",
                    "title": "Rumors Circulate About PlaySation 6 Console",
                    "content": "Rumors are swirling in the gaming community that Pony Entertainment (PONY) is poised to unveil the next generation of their iconic gaming console, the PlaySation 6. Sources close to the company hint at groundbreaking features, including enhanced virtual reality support and unprecedented graphics capabilities. \n\n If these rumors prove true, gamers and investors alike have plenty to be excited about. Anticipation is reaching fever pitch, and all eyes are on Pony Entertainment for an official announcement. \n\n As these rumors gain traction, PONY stock is already seeing upward momentum, reflecting the market's eager speculation.",
                    "stocks": [
                        "PONY"
                    ],
                    "author": "Mocking Mike",
                    "website": "Gamer Giggles"
                }
            ],
            "stockMovements": [
                {
                    "eventId": "d1movement1",
                    "stock": "PONY",
                    "change": 1.0,
                    "percent": true,
                    "delay": 60
                },
                {
                    "eventId": "d1movement2",
                    "stock": "PONY",
                    "change": 1.0,
                    "percent": true,
                    "delay": 60
                },
                {
                    "eventId": "d1movement3",
                    "stock": "PONY",
                    "change": 1.0,
                    "percent": true,
                    "delay": 60
                }
            ],
            "earningsReport": [],
            "eventSequence": [
                {
                    "eventId": "d1article1",
                    "delay": 0
                },
                {
                    "eventId": "d1movement1",
                    "delay": 60
                },
                {
                    "eventId": "d1movement2",
                    "delay": 60
                },
                {
                    "eventId": "d1movement3",
                    "delay": 60
                },
                {
                    "eventId": "d2article1",
                    "delay": 7020
                }
            ]
        },
        {
            "number": 1,
            "articles": [
                {
                    "eventId": "d2article1",
                    "title": "Pony Entertainment Confirms PlaySation 6 Release",
                    "content": "In a much-anticipated announcement, Pony Entertainment (PONY) officially confirmed the release of the PlaySation 6. The new console promises to revolutionize the gaming experience with cutting-edge technology and unparalleled performance. Key features include integrated AI for smarter gameplay, 8K resolution support, and seamless cloud gaming capabilities. \n\n Ponys reveal also showcased a lineup of exclusive games that will be available at launch, further fueling excitement among gamers and investors. With such an impressive feature set, the PlaySation 6 is set to dominate the market and redefine the boundaries of home entertainment. \n\n As reports surfaced from the company headquarters, PONY stocks saw a significant uptick, mirroring the immense market confidence in this groundbreaking next-gen console.",
                    "stocks": [
                        "PONY"
                    ],
                    "author": "Epic Eric",
                    "website": "Console Carnival"
                }
            ],
            "stockMovements": [
                {
                    "eventId": "d2movement1",
                    "stock": "PONY",
                    "change": 1.0,
                    "percent": true,
                    "delay": 60
                },
                {
                    "eventId": "d2movement2",
                    "stock": "PONY",
                    "change": 1.0,
                    "percent": true,
                    "delay": 60
                },
                {
                    "eventId": "d2movement3",
                    "stock": "PONY",
                    "change": 1.0,
                    "percent": true,
                    "delay": 60
                },
                {
                    "eventId": "d2movement4",
                    "stock": "PONY",
                    "change": 1.0,
                    "percent": true,
                    "delay": 60
                }
            ],
            "earningsReport": [],
            "eventSequence": [
                {
                    "eventId": "d2article1",
                    "delay": 0
                },
                {
                    "eventId": "d2movement1",
                    "delay": 60
                },
                {
                    "eventId": "d2movement2",
                    "delay": 60
                },
                {
                    "eventId": "d2movement3",
                    "delay": 60
                },
                {
                    "eventId": "d2movement4",
                    "delay": 60
                },
                {
                    "eventId": "d3article1",
                    "delay": 14280
                }
            ]
        },
        {
            "number": 1,
            "articles": [
                {
                    "eventId": "d3article1",
                    "title": "PlaySation 6 Pre-orders Begin with High Demand",
                    "content": "Following Pony Entertainment's (PONY) exciting announcement of the PlaySation 6, pre-orders have officially begun, and the response has been overwhelming. The demand for the new console is so high that many retailers have reported near-instantaneous sellouts, with additional stock being rapidly allocated to meet the immense customer interest. \n\n Industry analysts view this flood of pre-orders as a clear indication of the PlaySation 6's expected market dominance. The console's future looks incredibly promising, as gamers eagerly anticipate the innovative features and exclusive titles that Pony Entertainment has to offer. \n\n This early success has sparked further enthusiasm among investors, driving PONY stocks even higher, as the company solidifies its position as a leading force in the gaming industry.",
                    "stocks": [
                        "PONY"
                    ],
                    "author": "Epic Eric",
                    "website": "Pixel Pundit"
                }
            ],
            "stockMovements": [
                {
                    "eventId": "d3movement1",
                    "stock": "PONY",
                    "change": 1.0,
                    "percent": true,
                    "delay": 60
                },
                {
                    "eventId": "d3movement2",
                    "stock": "PONY",
                    "change": 1.0,
                    "percent": true,
                    "delay": 60
                },
                {
                    "eventId": "d3movement3",
                    "stock": "PONY",
                    "change": 1.0,
                    "percent": true,
                    "delay": 60
                },
                {
                    "eventId": "d3movement4",
                    "stock": "PONY",
                    "change": 1.0,
                    "percent": true,
                    "delay": 60
                }
            ],
            "earningsReport": [],
            "eventSequence": [
                {
                    "eventId": "d3article1",
                    "delay": 0
                },
                {
                    "eventId": "d3movement1",
                    "delay": 60
                },
                {
                    "eventId": "d3movement2",
                    "delay": 60
                },
                {
                    "eventId": "d3movement3",
                    "delay": 60
                },
                {
                    "eventId": "d3movement4",
                    "delay": 60
                }
            ]
        }
    ],
    "categories": [
        "product_announcements",
        "gaming"
    ],
    "timeFrame": 1
}