{
    "id": "pony_manufacturer_recall",
    "title": "PlaySation 5 Faces Recall Due to Hardware Issues",
    "canRepeat": false,
    "description": "Pony announces recall of PlaySation 5 due to hardware issues, sparking concern among investors. Further issues cause continued stock decline.",
    "days": [
        {
            "number": 1,
            "articles": [
                {
                    "eventId": "d1article1",
                    "title": "PlaySation 5 Faces Recall Due to Hardware Issues",
                    "content": "In a significant blow to the gaming industry, Pony Entertainment (PONY) has announced a recall of its highly popular PlaySation 5 console due to severe hardware issues. Reports from avid gamers suggest widespread problems ranging from overheating to complete system failures, leading many to question the console's reliability. The recall has taken the gaming community by storm, with many expressing disappointment over the unexpected turn of events.",
                    "stocks": [
                        "PONY"
                    ],
                    "author": "Dramatic Dana",
                    "website": "ConsoleCarnival.com"
                }
            ],
            "stockMovements": [
                {
                    "eventId": "d1movement6",
                    "stock": "PONY",
                    "change": 0.4,
                    "percent": true
                },
                {
                    "eventId": "d1movement7",
                    "stock": "PONY",
                    "change": 0.3,
                    "percent": true
                },
                {
                    "eventId": "d1movement8",
                    "stock": "PONY",
                    "change": 0.3,
                    "percent": true
                }
            ],
            "earningsReport": [],
            "eventSequence": [
                {
                    "eventId": "d1article1",
                    "delay": 0
                },
                {
                    "eventId": "d1movement1",
                    "delay": 60
                },
                {
                    "eventId": "d1movement2",
                    "delay": 60
                },
                {
                    "eventId": "d1movement3",
                    "delay": 60
                },
                {
                    "eventId": "d1movement4",
                    "delay": 60
                },
                {
                    "eventId": "d1movement5",
                    "delay": 60
                },
                {
                    "eventId": "d1article2",
                    "delay": 10440
                },
                {
                    "eventId": "d1movement6",
                    "delay": 60
                },
                {
                    "eventId": "d1movement7",
                    "delay": 60
                },
                {
                    "eventId": "d1movement8",
                    "delay": 60
                }
            ]
        },
        {
            "number": 2,
            "articles": [
                {
                    "eventId": "d2article1",
                    "title": "Ongoing Problems Plague PlaySation 5",
                    "content": "The situation for Pony Entertainment (PONY) continues to worsen as additional reports of hardware issues with the PlaySation 5 emerge. Despite the company's efforts to resolve the problems, gamers are still experiencing significant issues with their consoles, ranging from strange graphical glitches to persistent performance drops. The ongoing malfunctions are causing further doubts about the PlaySation 5's reliability and long-term durability.",
                    "stocks": [
                        "PONY"
                    ],
                    "author": "Dramatic Dana",
                    "website": "ConsoleCarnival.com"
                }
            ],
            "stockMovements": [
                {
                    "eventId": "d2movement1",
                    "stock": "PONY",
                    "change": -0.5,
                    "percent": true
                },
                {
                    "eventId": "d2movement2",
                    "stock": "PONY",
                    "change": -0.5,
                    "percent": true
                },
                {
                    "eventId": "d2movement3",
                    "stock": "PONY",
                    "change": -0.5,
                    "percent": true
                },
                {
                    "eventId": "d2movement4",
                    "stock": "PONY",
                    "change": -0.5,
                    "percent": true
                },
                {
                    "eventId": "d2movement5",
                    "stock": "PONY",
                    "change": -0.5,
                    "percent": true
                },
                {
                    "eventId": "d2movement6",
                    "stock": "PONY",
                    "change": -0.5,
                    "percent": true
                }
            ],
            "earningsReport": [],
            "eventSequence": [
                {
                    "eventId": "d2article1",
                    "delay": 0
                },
                {
                    "eventId": "d2movement1",
                    "delay": 60
                },
                {
                    "eventId": "d2movement2",
                    "delay": 60
                },
                {
                    "eventId": "d2movement3",
                    "delay": 60
                },
                {
                    "eventId": "d2movement4",
                    "delay": 60
                },
                {
                    "eventId": "d2movement5",
                    "delay": 60
                },
                {
                    "eventId": "d2movement6",
                    "delay": 60
                }
            ]
        },
        {
            "number": 2,
            "articles": [
                {
                    "eventId": "d2article2",
                    "title": "Analysts Warn of Potential Impact on Holiday Sales",
                    "content": "In a recent update, analysts have expressed serious concerns that the ongoing PlaySation 5 hardware issues could negatively impact Pony Entertainment's performance during the crucial holiday sales period. The recall and persistent problems have dented consumer confidence, and there are fears that potential buyers may opt for alternative consoles. This development poses a significant threat to Pony's market position, especially as competitors gear up for the holiday season with quality products.",
                    "stocks": [
                        "PONY"
                    ],
                    "author": "Greta Gamble",
                    "website": "Bull and Bear Circus"
                }
            ],
            "stockMovements": [
                {
                    "eventId": "d2movement7",
                    "stock": "PONY",
                    "change": -0.5,
                    "percent": true
                },
                {
                    "eventId": "d2movement8",
                    "stock": "PONY",
                    "change": -0.5,
                    "percent": true
                },
                {
                    "eventId": "d2movement9",
                    "stock": "PONY",
                    "change": -0.5,
                    "percent": true
                },
                {
                    "eventId": "d2movement10",
                    "stock": "PONY",
                    "change": -0.5,
                    "percent": true
                },
                {
                    "eventId": "d2movement11",
                    "stock": "PONY",
                    "change": -0.5,
                    "percent": true
                }
            ],
            "earningsReport": [],
            "eventSequence": [
                {
                    "eventId": "d2article2",
                    "delay": 13860
                },
                {
                    "eventId": "d2movement7",
                    "delay": 60
                },
                {
                    "eventId": "d2movement8",
                    "delay": 60
                },
                {
                    "eventId": "d2movement9",
                    "delay": 60
                },
                {
                    "eventId": "d2movement10",
                    "delay": 60
                },
                {
                    "eventId": "d2movement11",
                    "delay": 60
                }
            ]
        }
    ],
    "categories": [
        "recalls",
        "gaming"
    ],
    "timeFrame": 2
}