{
    "date": "2021-01-03",
    "numStoryEvents": 5,
    "marketDirection": -0.01,
    "stockMovements": [
      {
        "stockSymbol": "MLFT",
        "pricePercentageChange": -0.2,
        "eventTime": "2021-01-03T10:31:00"
      },
      {
        "stockSymbol": "MLFT",
        "pricePercentageChange": -0.5,
        "eventTime": "2021-01-03T10:50:00"
      },
      {
        "stockSymbol": "MLFT",
        "pricePercentageChange": 0.3,
        "eventTime": "2021-01-03T11:15:00"
      },
      {
        "stockSymbol": "MLFT",
        "pricePercentageChange": 0.6,
        "eventTime": "2021-01-03T11:45:00"
      },
      {
        "stockSymbol": "MLFT",
        "pricePercentageChange": 0.9,
        "eventTime": "2021-01-03T12:20:00"
      },
      {
        "stockSymbol": "TYDA",
        "pricePercentageChange": -0.6,
        "eventTime": "2021-01-03T11:46:00"
      },
      {
        "stockSymbol": "TYDA",
        "pricePercentageChange": -0.9,
        "eventTime": "2021-01-03T12:05:00"
      },
      {
        "stockSymbol": "TYDA",
        "pricePercentageChange": -1.2,
        "eventTime": "2021-01-03T12:35:00"
      },
      {
        "stockSymbol": "TYDA",
        "pricePercentageChange": -1.5,
        "eventTime": "2021-01-03T13:10:00"
      },
      {
        "stockSymbol": "TYDA",
        "pricePercentageChange": -1.8,
        "eventTime": "2021-01-03T13:50:00"
      },
      {
        "stockSymbol": "TYDA",
        "pricePercentageChange": -2.1,
        "eventTime": "2021-01-03T14:35:00"
      },
      {
        "stockSymbol": "NPY",
        "pricePercentageChange": 1.2,
        "eventTime": "2021-01-03T13:31:00"
      },
      {
        "stockSymbol": "NPY",
        "pricePercentageChange": 1.5,
        "eventTime": "2021-01-03T13:50:00"
      },
      {
        "stockSymbol": "NPY",
        "pricePercentageChange": 1.8,
        "eventTime": "2021-01-03T14:15:00"
      },
      {
        "stockSymbol": "NPY",
        "pricePercentageChange": 2.1,
        "eventTime": "2021-01-03T14:45:00"
      },
      {
        "stockSymbol": "NPY",
        "pricePercentageChange": 2.4,
        "eventTime": "2021-01-03T15:20:00"
      },
      {
        "stockSymbol": "RKWL",
        "pricePercentageChange": 0.8,
        "eventTime": "2021-01-03T15:01:00"
      },
      {
        "stockSymbol": "RKWL",
        "pricePercentageChange": 1.1,
        "eventTime": "2021-01-03T15:25:00"
      },
      {
        "stockSymbol": "RKWL",
        "pricePercentageChange": 1.4,
        "eventTime": "2021-01-03T15:50:00"
      }
    ],
    "articles": [
      {
        "title": "Microloft Acquires Virtual Paperclip Company",
        "body": "Microloft Corporation (MLFT) has announced a significant acquisition of a company specializing in creating virtual paperclips. The news has generated a mixed reaction from investors.",
        "displayedBody": "Microloft Corporation (MLFT) has announced a significant acquisition of a company specializing in creating virtual paperclips...",
        "author": "David Wilson",
        "website": "TechCrunch.com",
        "relatedStockSymbols": [
          "MLFT"
        ],
        "appearanceTime": "2021-01-03T10:30:00Z"
      },
      {
        "title": "Microloft's Virtual Paperclip Acquisition Sparks Debate",
        "body": "The recent acquisition of a virtual paperclip company by Microloft (MLFT) has sparked a heated debate among industry experts about the future of office productivity software.",
        "displayedBody": "The recent acquisition of a virtual paperclip company by Microloft (MLFT) has sparked a heated debate among industry experts...",
        "author": "Sarah Thompson",
        "website": "BusinessInsider.com",
        "relatedStockSymbols": [
          "MLFT"
        ],
        "appearanceTime": "2021-01-03T12:00:00Z"
      },
      {
        "title": "Toyoda Recalls 'Self-Driving' Cars Due to Racing Issues",
        "body": "Toyoda (TYDA) has recalled a batch of its \"self-driving\" cars after reports of vehicles attempting to race each other at traffic lights. The news has caused a temporary dip in the company's stock price.",
        "displayedBody": "Toyoda (TYDA) has recalled a batch of its \"self-driving\" cars after reports of vehicles attempting to race each other at traffic lights...",
        "author": "Amanda Lee",
        "website": "AutoInsider.com",
        "relatedStockSymbols": [
          "TYDA"
        ],
        "appearanceTime": "2021-01-03T11:45:00Z"
      },
      {
        "title": "Toyoda CEO Apologizes for 'Self-Driving' Car Issues",
        "body": "In a press conference, Toyoda's (TYDA) CEO apologized for the recent issues with the company's \"self-driving\" cars and promised to resolve the problem quickly. The stock price continues to be affected by the recall.",
        "displayedBody": "In a press conference, Toyoda's (TYDA) CEO apologized for the recent issues with the company's \"self-driving\" cars and promised to resolve the problem quickly...",
        "author": "Michael Brown",
        "website": "AutoNews.com",
        "relatedStockSymbols": [
          "TYDA"
        ],
        "appearanceTime": "2021-01-03T14:15:00Z"
      },
      {
        "title": "Naughty Puppy Releases Game Featuring Evil Accountant Battles",
        "body": "Naughty Puppy (NPY) has released a highly anticipated video game where players battle evil accountants. The game's launch has caused the company's stock to surge.",
        "displayedBody": "Naughty Puppy (NPY) has released a highly anticipated video game where players battle evil accountants...",
        "author": "Olivia Anderson",
        "website": "GameSpot.com",
        "relatedStockSymbols": [
          "NPY"
        ],
        "appearanceTime": "2021-01-03T13:30:00Z"
      },
      {
        "title": "RockWell Games Teases Virtual Rock Band Management Game",
        "body": "RockWell Games (RKWL) has teased a new game franchise that allows players to manage a virtual rock band. The announcement has generated excitement among investors, leading to a rise in the company's stock price.",
        "displayedBody": "RockWell Games (RKWL) has teased a new game franchise that allows players to manage a virtual rock band...",
        "author": "Daniel Thompson",
        "website": "GamingNews.com",
        "relatedStockSymbols": [
          "RKWL"
        ],
        "appearanceTime": "2021-01-03T15:00:00Z"
      }
    ],
    "earningsReports": []
  }