{
    "date": "2021-01-05",
    "numStoryEvents": 5,
    "marketDirection": 0.01,
    "stockMovements": [
      {
        "stockSymbol": "ZAPL",
        "pricePercentageChange": -0.3,
        "eventTime": "2021-01-05T09:31:00"
      },
      {
        "stockSymbol": "ZAPL",
        "pricePercentageChange": -0.6,
        "eventTime": "2021-01-05T09:55:00"
      },
      {
        "stockSymbol": "ZAPL",
        "pricePercentageChange": -0.9,
        "eventTime": "2021-01-05T10:25:00"
      },
      {
        "stockSymbol": "ZAPL",
        "pricePercentageChange": -1.2,
        "eventTime": "2021-01-05T11:00:00"
      },
      {
        "stockSymbol": "ZAPL",
        "pricePercentageChange": -1.5,
        "eventTime": "2021-01-05T11:40:00"
      },
      {
        "stockSymbol": "MLKG",
        "pricePercentageChange": 0.8,
        "eventTime": "2021-01-05T11:31:00"
      },
      {
        "stockSymbol": "MLKG",
        "pricePercentageChange": 1.1,
        "eventTime": "2021-01-05T11:55:00"
      },
      {
        "stockSymbol": "MLKG",
        "pricePercentageChange": 1.4,
        "eventTime": "2021-01-05T12:25:00"
      },
      {
        "stockSymbol": "MLKG",
        "pricePercentageChange": 1.7,
        "eventTime": "2021-01-05T13:00:00"
      },
      {
        "stockSymbol": "MLKG",
        "pricePercentageChange": 2.0,
        "eventTime": "2021-01-05T13:40:00"
      },
      {
        "stockSymbol": "ELAR",
        "pricePercentageChange": 0.6,
        "eventTime": "2021-01-05T13:16:00"
      },
      {
        "stockSymbol": "ELAR",
        "pricePercentageChange": 0.9,
        "eventTime": "2021-01-05T13:45:00"
      },
      {
        "stockSymbol": "ELAR",
        "pricePercentageChange": 1.2,
        "eventTime": "2021-01-05T14:20:00"
      },
      {
        "stockSymbol": "ELAR",
        "pricePercentageChange": 1.5,
        "eventTime": "2021-01-05T15:00:00"
      },
      {
        "stockSymbol": "ELAR",
        "pricePercentageChange": 1.8,
        "eventTime": "2021-01-05T15:45:00"
      },
      {
        "stockSymbol": "ORCL",
        "pricePercentageChange": 1.0,
        "eventTime": "2021-01-05T14:31:00"
      },
      {
        "stockSymbol": "ORCL",
        "pricePercentageChange": 1.3,
        "eventTime": "2021-01-05T15:00:00"
      },
      {
        "stockSymbol": "ORCL",
        "pricePercentageChange": 1.6,
        "eventTime": "2021-01-05T15:35:00"
      }
    ],
    "articles": [
      {
        "title": "Zapple Faces Supply Chain Issues Due to Pizza Topping Shortage",
        "body": "Zapple Inc. (ZAPL) is experiencing supply chain issues due to a shortage of pizza toppings for its new smartphone's built-in pizza oven. The news has caused a slight decline in the company's stock price.",
        "displayedBody": "Zapple Inc. (ZAPL) is experiencing supply chain issues due to a shortage of pizza toppings for its new smartphone's built-in pizza oven...",
        "author": "Emily Davis",
        "website": "TechInsider.com",
        "relatedStockSymbols": [
          "ZAPL"
        ],
        "appearanceTime": "2021-01-05T09:30:00Z"
      },
      {
        "title": "Zapple CEO Addresses Pizza Topping Shortage Concerns",
        "body": "In a press release, Zapple's (ZAPL) CEO addressed concerns about the pizza topping shortage affecting the company's new smartphone, stating that the issue is being actively resolved and is not expected to have a long-term impact on sales.",
        "displayedBody": "In a press release, Zapple's (ZAPL) CEO addressed concerns about the pizza topping shortage affecting the company's new smartphone...",
        "author": "Michael Brown",
        "website": "BusinessNews.com",
        "relatedStockSymbols": [
          "ZAPL"
        ],
        "appearanceTime": "2021-01-05T11:15:00Z"
      },
      {
        "title": "Molkmogen Unveils 'Invisible' Car for Urban Camouflage",
        "body": "Molkmogen (MLKG) has unveiled a new \"invisible\" car that promises to revolutionize urban camouflage. The vehicle utilizes advanced cloaking technology to blend seamlessly into its surroundings, leading to a surprising increase in the company's stock price.",
        "displayedBody": "Molkmogen (MLKG) has unveiled a new \"invisible\" car that promises to revolutionize urban camouflage...",
        "author": "Sarah Thompson",
        "website": "AutoInnovation.com",
        "relatedStockSymbols": [
          "MLKG"
        ],
        "appearanceTime": "2021-01-05T11:30:00Z"
      },
      {
        "title": "Molkmogen's 'Invisible' Car Sparks Privacy Concerns",
        "body": "While Molkmogen's (MLKG) new \"invisible\" car has generated excitement among investors, some consumer advocacy groups have raised concerns about the potential privacy implications of the vehicle's cloaking technology.",
        "displayedBody": "While Molkmogen's (MLKG) new \"invisible\" car has generated excitement among investors, some consumer advocacy groups have raised concerns about the potential privacy implications...",
        "author": "David Wilson",
        "website": "ConsumerWatchdog.com",
        "relatedStockSymbols": [
          "MLKG"
        ],
        "appearanceTime": "2021-01-05T13:15:00Z"
      },
      {
        "title": "ElectroArts Partners with Popular Gaming Franchise for Pie-Throwing Game",
        "body": "ElectroArts (ELAR) has announced a strategic partnership with a popular gaming franchise to create a game where players can throw virtual pies at each other. The news has led to a boost in the company's stock price as investors anticipate the game's success.",
        "displayedBody": "ElectroArts (ELAR) has announced a strategic partnership with a popular gaming franchise to create a game where players can throw virtual pies at each other...",
        "author": "Jessica Thompson",
        "website": "GamingIndustryNews.com",
        "relatedStockSymbols": [
          "ELAR"
        ],
        "appearanceTime": "2021-01-05T13:15:00Z"
      },
      {
        "title": "Oraclite Reports Increased Cloud Computing Revenue, Teases Fortune-Telling Service",
        "body": "Oraclite (ORCL) has reported a significant increase in cloud computing revenue, but investors are more intrigued by the company's plans to create a cloud-based fortune-telling service. The news has resulted in a positive market reaction and a rise in the company's stock price.",
        "displayedBody": "Oraclite (ORCL) has reported a significant increase in cloud computing revenue, but investors are more intrigued by the company's plans to create a cloud-based fortune-telling service...",
        "author": "Robert Johnson",
        "website": "InvestorsDaily.com",
        "relatedStockSymbols": [
          "ORCL"
        ],
        "appearanceTime": "2021-01-05T14:30:00Z"
      },
      {
        "title": "Oraclite CEO Hints at Upcoming Acquisition in Fortune-Telling Industry",
        "body": "During an investor conference call, Oraclite's (ORCL) CEO hinted at a potential acquisition in the fortune-telling industry to support the company's upcoming cloud-based fortune-telling service. The news has further boosted investor confidence in the company's stock.",
        "displayedBody": "During an investor conference call, Oraclite's (ORCL) CEO hinted at a potential acquisition in the fortune-telling industry to support the company's upcoming cloud-based fortune-telling service...",
        "author": "Olivia Anderson",
        "website": "BusinessInsider.com",
        "relatedStockSymbols": [
          "ORCL"
        ],
        "appearanceTime": "2021-01-05T15:45:00Z"
      }
    ],
    "earningsReports": []
  }