{
    "id": "tiger_faces_backlash_over_high_end_model_pricing",
    "title": "Tiger Faces Backlash Over High-End Model Pricing",
    "canRepeat": false,
    "description": "Tiger faces consumer backlash over high pricing for its new luxury models, followed by a series of dramatic responses and criticisms.",
    "days": [
        {
            "number": 1,
            "articles": [
                {
                    "eventId": "d1article1",
                    "title": "Consumers Lash Out Over Tiger's New Luxury Pricing",
                    "content": "In a surprising turn of events, Tiger (TIGR) is facing significant consumer backlash over the high pricing of its newly launched luxury models. Social media is ablaze with angry comments, and forums are filled with discussions criticizing the seemingly exorbitant prices. Many customers feel that the prices are unjustified, especially in the current economic climate. The company's stock has taken an initial hit, reflecting the negative sentiment. Though some argue that Tiger's prestige warrants such pricing, the consensus is predominantly negative. The company has yet to issue a formal response, but the market has already started to react adversely, and the outlook remains grim.",
                    "stocks": [
                        "TIGR"
                    ],
                    "author": "Wacky Walter",
                    "website": "IndustryInsanity.com"
                }
            ],
            "stockMovements": [
                {
                    "eventId": "d1movement1",
                    "stock": "TIGR",
                    "change": -1.0,
                    "percent": true,
                    "delay": 60
                },
                {
                    "eventId": "d1movement2",
                    "stock": "TIGR",
                    "change": -0.5,
                    "percent": true,
                    "delay": 180
                },
                {
                    "eventId": "d1movement3",
                    "stock": "TIGR",
                    "change": -0.5,
                    "percent": true,
                    "delay": 180
                },
                {
                    "eventId": "d1movement4",
                    "stock": "TIGR",
                    "change": -0.5,
                    "percent": true,
                    "delay": 180
                }
            ],
            "eventSequence": [
                {
                    "eventId": "d1article1",
                    "delay": 0
                },
                {
                    "eventId": "d1movement1",
                    "delay": 60
                },
                {
                    "eventId": "d1movement2",
                    "delay": 240
                },
                {
                    "eventId": "d1movement3",
                    "delay": 420
                },
                {
                    "eventId": "d1movement4",
                    "delay": 600
                }
            ]
        },
        {
            "number": 1,
            "articles": [
                {
                    "eventId": "d1article2",
                    "title": "Tiger Stands Firm on High-End Pricing Amidst Skepticism",
                    "content": "In response to the recent consumer backlash, Tiger (TIGR) has defended its pricing strategy for its new luxury models. Representatives from Tiger argued that the prices reflect the premium quality, advanced technology, and unique design features of the vehicles. According to the company, these models are targeted at a niche market that values exclusivity and innovation. Despite their attempt to justify the high costs, skepticism remains. Consumers and market analysts continue to voice their concerns, questioning whether Tiger might be overestimating the market's willingness to pay such high prices. The company's stock shows a further decline as investor confidence wavers.",
                    "stocks": [
                        "TIGR"
                    ],
                    "author": "Polly Profit",
                    "website": "BullandBearCircus.com"
                }
            ],
            "stockMovements": [
                {
                    "eventId": "d1movement5",
                    "stock": "TIGR",
                    "change": -0.5,
                    "percent": true,
                    "delay": 60
                },
                {
                    "eventId": "d1movement6",
                    "stock": "TIGR",
                    "change": -0.5,
                    "percent": true,
                    "delay": 120
                },
                {
                    "eventId": "d1movement7",
                    "stock": "TIGR",
                    "change": -0.5,
                    "percent": true,
                    "delay": 180
                }
            ],
            "eventSequence": [
                {
                    "eventId": "d1article2",
                    "delay": 10800
                },
                {
                    "eventId": "d1movement5",
                    "delay": 60
                },
                {
                    "eventId": "d1movement6",
                    "delay": 180
                },
                {
                    "eventId": "d1movement7",
                    "delay": 300
                }
            ]
        },
        {
            "number": 2,
            "articles": [
                {
                    "eventId": "d2article1",
                    "title": "Tiger's Handling of Pricing Controversy Comes Under Fire",
                    "content": "Tiger (TIGR) is now facing criticism from major news outlets over its handling of the pricing controversy surrounding its new luxury models. The consensus among critics is that the company has failed to read the room and respond appropriately to the consumer backlash. Some argue that the company's defense of its pricing strategy appeared dismissive and out of touch with the financial realities facing many potential buyers. As the negative sentiment spreads, Tiger's stock continues to suffer. Market analysts are beginning to move away from their previously favorable ratings, citing concerns about the company's public relations strategy and its potential impact on future sales.",
                    "stocks": [
                        "TIGR"
                    ],
                    "author": "Sensational Sue",
                    "website": "MarketMadness.com"
                }
            ],
            "stockMovements": [
                {
                    "eventId": "d2movement1",
                    "stock": "TIGR",
                    "change": -1.0,
                    "percent": true,
                    "delay": 240
                },
                {
                    "eventId": "d2movement2",
                    "stock": "TIGR",
                    "change": -0.75,
                    "percent": true,
                    "delay": 180
                },
                {
                    "eventId": "d2movement3",
                    "stock": "TIGR",
                    "change": -0.75,
                    "percent": true,
                    "delay": 120
                },
                {
                    "eventId": "d2movement4",
                    "stock": "TIGR",
                    "change": -0.5,
                    "percent": true,
                    "delay": 180
                }
            ],
            "eventSequence": [
                {
                    "eventId": "d2article1",
                    "delay": 3600
                },
                {
                    "eventId": "d2movement1",
                    "delay": 300
                },
                {
                    "eventId": "d2movement2",
                    "delay": 300
                },
                {
                    "eventId": "d2movement3",
                    "delay": 300
                },
                {
                    "eventId": "d2movement4",
                    "delay": 300
                }
            ]
        },
        {
            "number": 2,
            "articles": [
                {
                    "eventId": "d2article2",
                    "title": "Tiger Pledges to Review Luxury Model Prices",
                    "content": "Under pressure from consumers and investors alike, Tiger (TIGR) has pledged to review its pricing strategy for its new luxury models. The company acknowledged the feedback from various stakeholders and stated that it is committed to ensuring its products are accessible while maintaining premium quality. However, critics argue that this response is too little, too late. The damage to Tiger's reputation has already been done, and the stock has taken a significant hit over the past two days. While the review process is underway, analysts remain cautious about the company's future prospects. The financial market's reaction to this news underscores the importance of consumer perception in luxury branding.",
                    "stocks": [
                        "TIGR"
                    ],
                    "author": "Diana Data",
                    "website": "SiliconCircus.com"
                }
            ],
            "stockMovements": [
                {
                    "eventId": "d2movement5",
                    "stock": "TIGR",
                    "change": -1.0,
                    "percent": true,
                    "delay": 60
                },
                {
                    "eventId": "d2movement6",
                    "stock": "TIGR",
                    "change": -0.75,
                    "percent": true,
                    "delay": 180
                },
                {
                    "eventId": "d2movement7",
                    "stock": "TIGR",
                    "change": -0.5,
                    "percent": true,
                    "delay": 180
                },
                {
                    "eventId": "d2movement8",
                    "stock": "TIGR",
                    "change": -0.25,
                    "percent": true,
                    "delay": 180
                }
            ],
            "eventSequence": [
                {
                    "eventId": "d2article2",
                    "delay": 14400
                },
                {
                    "eventId": "d2movement5",
                    "delay": 60
                },
                {
                    "eventId": "d2movement6",
                    "delay": 240
                },
                {
                    "eventId": "d2movement7",
                    "delay": 420
                },
                {
                    "eventId": "d2movement8",
                    "delay": 600
                }
            ]
        }
    ],
    "categories": [
        "pricing_controversy",
        "automotive"
    ],
    "timeFrame": 2
}