{
    "id": "volve_new_vr_game_faces_technical_issues",
    "title": "Volve's New VR Game Faces Technical Issues",
    "canRepeat": false,
    "description": "Volve launches a highly anticipated VR game, but despite initial positive reception, faces technical issues causing stock fluctuations.",
    "days": [
        {
            "number": 1,
            "articles": [
                {
                    "eventId": "d1article1",
                    "title": "Volve's Rumored New VR Game",
                    "content": "Rumors are circulating about Volve Corporation (VOLV) launching an innovative new VR game. Sources suggest the game will feature advanced capabilities that could revolutionize the gaming industry.",
                    "stocks": [
                        "VOLV"
                    ],
                    "author": "Epic Eric",
                    "website": "Console Carnival"
                },
                {
                    "eventId": "d1article2",
                    "title": "Volve Confirms New VR Game Launch",
                    "content": "Volve Corporation (VOLV) has officially confirmed the launch of its new VR game, showcasing its advanced features and immersive experience. The announcement has generated significant excitement among investors and gamers alike.",
                    "stocks": [
                        "VOLV"
                    ],
                    "author": "Epic Eric",
                    "website": "Console Carnival"
                }
            ],
            "stockMovements": [
                {
                    "eventId": "d1movement1",
                    "stock": "VOLV",
                    "change": 0.5,
                    "percent": true
                },
                {
                    "eventId": "d1movement2",
                    "stock": "VOLV",
                    "change": 0.5,
                    "percent": true
                },
                {
                    "eventId": "d1movement3",
                    "stock": "VOLV",
                    "change": 0.5,
                    "percent": true
                },
                {
                    "eventId": "d1movement4",
                    "stock": "VOLV",
                    "change": 0.5,
                    "percent": true
                },
                {
                    "eventId": "d1movement5",
                    "stock": "VOLV",
                    "change": 0.5,
                    "percent": true
                },
                {
                    "eventId": "d1movement6",
                    "stock": "VOLV",
                    "change": 0.5,
                    "percent": true
                },
                {
                    "eventId": "d1movement7",
                    "stock": "VOLV",
                    "change": 0.5,
                    "percent": true
                },
                {
                    "eventId": "d1movement8",
                    "stock": "VOLV",
                    "change": 1.0,
                    "percent": true
                },
                {
                    "eventId": "d1movement9",
                    "stock": "VOLV",
                    "change": 1.0,
                    "percent": true
                },
                {
                    "eventId": "d1movement10",
                    "stock": "VOLV",
                    "change": 1.0,
                    "percent": true
                },
                {
                    "eventId": "d1movement11",
                    "stock": "VOLV",
                    "change": 1.0,
                    "percent": true
                },
                {
                    "eventId": "d1movement12",
                    "stock": "VOLV",
                    "change": 1.0,
                    "percent": true
                }
            ],
            "earningsReport": [],
            "eventSequence": [
                {
                    "eventId": "d1article1",
                    "delay": 3600
                },
                {
                    "eventId": "d1movement1",
                    "delay": 300
                },
                {
                    "eventId": "d1movement2",
                    "delay": 300
                },
                {
                    "eventId": "d1movement3",
                    "delay": 300
                },
                {
                    "eventId": "d1movement4",
                    "delay": 300
                },
                {
                    "eventId": "d1movement5",
                    "delay": 300
                },
                {
                    "eventId": "d1movement6",
                    "delay": 300
                },
                {
                    "eventId": "d1movement7",
                    "delay": 300
                },
                {
                    "eventId": "d1movement8",
                    "delay": 300
                },
                {
                    "eventId": "d1article2",
                    "delay": 3600
                },
                {
                    "eventId": "d1movement9",
                    "delay": 300
                },
                {
                    "eventId": "d1movement10",
                    "delay": 300
                },
                {
                    "eventId": "d1movement11",
                    "delay": 300
                },
                {
                    "eventId": "d1movement12",
                    "delay": 300
                }
            ]
        },
        {
            "number": 2,
            "articles": [
                {
                    "eventId": "d2article1",
                    "title": "Early Positive Reviews for Volve's Latest VR Game",
                    "content": "Early reviews for Volve Corporation's (VOLV) new VR game are overwhelmingly positive. Critics are praising its innovative features and immersive experience, potentially marking a new era for VR gaming.",
                    "stocks": [
                        "VOLV"
                    ],
                    "author": "Epic Eric",
                    "website": "Console Carnival"
                },
                {
                    "eventId": "d2article2",
                    "title": "Technical Issues Detected in Volve's VR Game",
                    "content": "Despite the early positive reviews, reports have begun to surface regarding technical issues with Volve Corporation's (VOLV) new VR game. Players are experiencing glitches and performance problems, causing concern among investors.",
                    "stocks": [
                        "VOLV"
                    ],
                    "author": "Sammy Security",
                    "website": "Tech Tattler"
                }
            ],
            "stockMovements": [
                {
                    "eventId": "d2movement1",
                    "stock": "VOLV",
                    "change": 0.5,
                    "percent": true
                },
                {
                    "eventId": "d2movement2",
                    "stock": "VOLV",
                    "change": 0.5,
                    "percent": true
                },
                {
                    "eventId": "d2movement3",
                    "stock": "VOLV",
                    "change": 0.5,
                    "percent": true
                },
                {
                    "eventId": "d2movement4",
                    "stock": "VOLV",
                    "change": 0.5,
                    "percent": true
                },
                {
                    "eventId": "d2movement5",
                    "stock": "VOLV",
                    "change": 0.5,
                    "percent": true
                },
                {
                    "eventId": "d2movement6",
                    "stock": "VOLV",
                    "change": -1.0,
                    "percent": true
                },
                {
                    "eventId": "d2movement7",
                    "stock": "VOLV",
                    "change": -1.0,
                    "percent": true
                },
                {
                    "eventId": "d2movement8",
                    "stock": "VOLV",
                    "change": -1.0,
                    "percent": true
                },
                {
                    "eventId": "d2movement9",
                    "stock": "VOLV",
                    "change": -1.0,
                    "percent": true
                }
            ],
            "earningsReport": [],
            "eventSequence": [
                {
                    "eventId": "d2article1",
                    "delay": 3600
                },
                {
                    "eventId": "d2movement1",
                    "delay": 300
                },
                {
                    "eventId": "d2movement2",
                    "delay": 300
                },
                {
                    "eventId": "d2movement3",
                    "delay": 300
                },
                {
                    "eventId": "d2movement4",
                    "delay": 300
                },
                {
                    "eventId": "d2movement5",
                    "delay": 300
                },
                {
                    "eventId": "d2article2",
                    "delay": 3600
                },
                {
                    "eventId": "d2movement6",
                    "delay": 300
                },
                {
                    "eventId": "d2movement7",
                    "delay": 300
                },
                {
                    "eventId": "d2movement8",
                    "delay": 300
                },
                {
                    "eventId": "d2movement9",
                    "delay": 300
                }
            ]
        },
        {
            "number": 3,
            "articles": [
                {
                    "eventId": "d3article1",
                    "title": "Volve Addresses VR Game Issues, User Dissatisfaction Continues",
                    "content": "Volve Corporation (VOLV) has made a public statement addressing the technical issues with its new VR game. Although steps are being taken to rectify the problems, a significant portion of users remain dissatisfied.",
                    "stocks": [
                        "VOLV"
                    ],
                    "author": "Holly Hacker",
                    "website": "Byte Banter"
                },
                {
                    "eventId": "d3article2",
                    "title": "Analysts Lower Projections for Volve Amid VR Game Troubles",
                    "content": "Analysts have downgraded their growth projections for Volve Corporation (VOLV) due to the unresolved technical issues with its new VR game. The continued problems have caused a sharp decline in investor confidence.",
                    "stocks": [
                        "VOLV"
                    ],
                    "author": "Timmy Tumble",
                    "website": "Bull and Bear Circus"
                }
            ],
            "stockMovements": [
                {
                    "eventId": "d3movement1",
                    "stock": "VOLV",
                    "change": -1.0,
                    "percent": true
                },
                {
                    "eventId": "d3movement2",
                    "stock": "VOLV",
                    "change": -1.0,
                    "percent": true
                },
                {
                    "eventId": "d3movement3",
                    "stock": "VOLV",
                    "change": -1.0,
                    "percent": true
                },
                {
                    "eventId": "d3movement4",
                    "stock": "VOLV",
                    "change": -1.0,
                    "percent": true
                },
                {
                    "eventId": "d3movement5",
                    "stock": "VOLV",
                    "change": -1.0,
                    "percent": true
                },
                {
                    "eventId": "d3movement6",
                    "stock": "VOLV",
                    "change": -1.0,
                    "percent": true
                },
                {
                    "eventId": "d3movement7",
                    "stock": "VOLV",
                    "change": -1.0,
                    "percent": true
                }
            ],
            "earningsReport": [],
            "eventSequence": [
                {
                    "eventId": "d3article1",
                    "delay": 3600
                },
                {
                    "eventId": "d3movement1",
                    "delay": 300
                },
                {
                    "eventId": "d3movement2",
                    "delay": 300
                },
                {
                    "eventId": "d3movement3",
                    "delay": 300
                },
                {
                    "eventId": "d3movement4",
                    "delay": 300
                },
                {
                    "eventId": "d3movement5",
                    "delay": 300
                },
                {
                    "eventId": "d3article2",
                    "delay": 3600
                },
                {
                    "eventId": "d3movement6",
                    "delay": 300
                },
                {
                    "eventId": "d3movement7",
                    "delay": 300
                }
            ]
        }
    ],
    "categories": [
        "product_launch",
        "gaming"
    ],
    "timeFrame": 3
}