{
    "id": "kolamoka_powerrade_in_game_ads",
    "title": "KolaMoka Adds Ads to In-Game Loading Screens for Powerrade",
    "canRepeat": false,
    "description": "Players show dissatisfaction after KolaMoka adds ads to in-game loading screens for Powerrade sponsorship. Company tries to defend decision.",
    "days": [
        {
            "number": 1,
            "articles": [
                {
                    "eventId": "d1article1",
                    "title": "KolaMoka Adds Ads to In-Game Loading Screens: A Powerrade Sponsorship Blunder",
                    "content": "KolaMoka (KLMK) has recently introduced ads for Powerrade in the loading screens of various games. While the company believes this move will enhance the player experience, the gaming community is not taking it lightly. Social media is abuzz with negative feedback, with many players voicing their frustration over the intrusion of advertisements in their gaming experience. The backlash has been swift, with a decline in KolaMoka\u2019s stock value as traders react to the unfolding controversy.",
                    "stocks": [
                        "KLMK"
                    ],
                    "author": "Laughing Lily",
                    "website": "Tech Tattler"
                }
            ],
            "stockMovements": [
                {
                    "eventId": "d1movement1",
                    "stock": "KLMK",
                    "change": -0.7,
                    "percent": true,
                    "delay": 1200
                },
                {
                    "eventId": "d1movement2",
                    "stock": "KLMK",
                    "change": -0.8,
                    "percent": true,
                    "delay": 1500
                },
                {
                    "eventId": "d1movement3",
                    "stock": "KLMK",
                    "change": -0.5,
                    "percent": true,
                    "delay": 1600
                }
            ],
            "eventSequence": [
                {
                    "eventId": "d1article1",
                    "delay": 0
                },
                {
                    "eventId": "d1movement1",
                    "delay": 60
                },
                {
                    "eventId": "d1movement2",
                    "delay": 1260
                },
                {
                    "eventId": "d1movement3",
                    "delay": 2760
                },
                {
                    "eventId": "d1article2",
                    "delay": 6530
                }
            ]
        },
        {
            "number": 2,
            "articles": [
                {
                    "eventId": "d2article1",
                    "title": "Player Dissatisfaction Grows Over KolaMoka's Ad Placements",
                    "content": "Player backlash continues to grow as more reports surface regarding KolaMoka\u2019s (KLMK) decision to introduce Powerrade ads in game loading screens. Gamers across various platforms express heightened dissatisfaction, stating that the ads disrupt their overall experience. Forums and social media are rife with complaints, and initial projections suggest that player dissatisfaction could have moderate repercussions on KolaMoka's reputation and sales.",
                    "stocks": [
                        "KLMK"
                    ],
                    "author": "Dramatic Dana",
                    "website": "Console Carnival"
                }
            ],
            "stockMovements": [
                {
                    "eventId": "d2movement1",
                    "stock": "KLMK",
                    "change": -0.9,
                    "percent": true,
                    "delay": 900
                },
                {
                    "eventId": "d2movement2",
                    "stock": "KLMK",
                    "change": -0.95,
                    "percent": true,
                    "delay": 1200
                },
                {
                    "eventId": "d2movement3",
                    "stock": "KLMK",
                    "change": -0.65,
                    "percent": true,
                    "delay": 1500
                }
            ],
            "eventSequence": [
                {
                    "eventId": "d2article1",
                    "delay": 0
                },
                {
                    "eventId": "d2movement1",
                    "delay": 65
                },
                {
                    "eventId": "d2movement2",
                    "delay": 965
                },
                {
                    "eventId": "d2movement3",
                    "delay": 2165
                },
                {
                    "eventId": "d2article2",
                    "delay": 9870
                }
            ]
        }
    ],
    "categories": [
        "player_backlash",
        "in_game_ads"
    ],
    "timeFrame": 2
}