{
    "id": "kolamoka_partners_with_major_tech_company",
    "title": "KolaMoka Partners with Major Tech Company",
    "canRepeat": false,
    "description": "KolaMoka announces an exciting partnership with a major tech company to develop smart beverage dispensers. The stock price fluctuates with news of the partnership and subsequent technical challenges.",
    "days": [
        {
            "number": 1,
            "articles": [
                {
                    "eventId": "d1article1",
                    "title": "Rumors of KolaMoka's Big Tech Partnership",
                    "content": "Reports have surfaced suggesting that KolaMoka (KLMK) is partnering with a leading tech company to develop innovative smart beverage dispensers. Insiders hint that this could revolutionize the way we consume beverages, making it easier and more convenient for consumers.",
                    "stocks": [
                        "KLMK"
                    ],
                    "author": "Holly Hacker",
                    "website": "Byte Banter"
                }
            ],
            "stockMovements": [
                {
                    "eventId": "d1movement1",
                    "stock": "KLMK",
                    "change": 0.5,
                    "percent": true
                },
                {
                    "eventId": "d1movement2",
                    "stock": "KLMK",
                    "change": 0.5,
                    "percent": true
                },
                {
                    "eventId": "d1movement3",
                    "stock": "KLMK",
                    "change": 0.5,
                    "percent": true
                },
                {
                    "eventId": "d1movement4",
                    "stock": "KLMK",
                    "change": 0.5,
                    "percent": true
                },
                {
                    "eventId": "d1movement5",
                    "stock": "KLMK",
                    "change": 0.5,
                    "percent": true
                }
            ],
            "eventSequence": [
                {
                    "eventId": "d1article1",
                    "delay": 0
                },
                {
                    "eventId": "d1movement1",
                    "delay": 60
                },
                {
                    "eventId": "d1movement2",
                    "delay": 60
                },
                {
                    "eventId": "d1movement3",
                    "delay": 60
                },
                {
                    "eventId": "d1movement4",
                    "delay": 60
                },
                {
                    "eventId": "d1movement5",
                    "delay": 60
                },
                {
                    "eventId": "d1article2",
                    "delay": 10020
                }
            ]
        },
        {
            "number": 1,
            "articles": [
                {
                    "eventId": "d1article2",
                    "title": "KolaMoka Announces Partnership Confirmation",
                    "content": "KolaMoka (KLMK) has officially confirmed its partnership with a major tech company, showcasing the potential for groundbreaking smart beverage dispensers. The collaboration aims to bring innovation to the beverage industry, offering users an enhanced and seamless experience.",
                    "stocks": [
                        "KLMK"
                    ],
                    "author": "Gina Gadget",
                    "website": "Tech Tattler"
                }
            ],
            "stockMovements": [
                {
                    "eventId": "d1movement6",
                    "stock": "KLMK",
                    "change": 0.5,
                    "percent": true
                },
                {
                    "eventId": "d1movement7",
                    "stock": "KLMK",
                    "change": 0.5,
                    "percent": true
                },
                {
                    "eventId": "d1movement8",
                    "stock": "KLMK",
                    "change": 0.5,
                    "percent": true
                },
                {
                    "eventId": "d1movement9",
                    "stock": "KLMK",
                    "change": 0.5,
                    "percent": true
                },
                {
                    "eventId": "d1movement10",
                    "stock": "KLMK",
                    "change": 0.5,
                    "percent": true
                }
            ],
            "eventSequence": [
                {
                    "eventId": "d1article2",
                    "delay": 0
                },
                {
                    "eventId": "d1movement6",
                    "delay": 60
                },
                {
                    "eventId": "d1movement7",
                    "delay": 60
                },
                {
                    "eventId": "d1movement8",
                    "delay": 60
                },
                {
                    "eventId": "d1movement9",
                    "delay": 60
                },
                {
                    "eventId": "d1movement10",
                    "delay": 60
                }
            ]
        },
        {
            "number": 2,
            "articles": [
                {
                    "eventId": "d2article1",
                    "title": "Positive Feedback Boosts KolaMoka's Stock",
                    "content": "Early feedback on KolaMoka's (KLMK) new smart beverage dispensers has been overwhelmingly positive. Consumers and industry experts alike are praising the innovative features and user-friendly design. This feedback has further boosted investor confidence, leading to a rise in stock prices.",
                    "stocks": [
                        "KLMK"
                    ],
                    "author": "Trendy Tina",
                    "website": "Trend Tribune"
                }
            ],
            "stockMovements": [
                {
                    "eventId": "d2movement1",
                    "stock": "KLMK",
                    "change": 0.5,
                    "percent": true
                },
                {
                    "eventId": "d2movement2",
                    "stock": "KLMK",
                    "change": 0.5,
                    "percent": true
                },
                {
                    "eventId": "d2movement3",
                    "stock": "KLMK",
                    "change": 0.5,
                    "percent": true
                },
                {
                    "eventId": "d2movement4",
                    "stock": "KLMK",
                    "change": 0.5,
                    "percent": true
                },
                {
                    "eventId": "d2movement5",
                    "stock": "KLMK",
                    "change": 0.5,
                    "percent": true
                }
            ],
            "eventSequence": [
                {
                    "eventId": "d2article1",
                    "delay": 0
                },
                {
                    "eventId": "d2movement1",
                    "delay": 60
                },
                {
                    "eventId": "d2movement2",
                    "delay": 60
                },
                {
                    "eventId": "d2movement3",
                    "delay": 60
                },
                {
                    "eventId": "d2movement4",
                    "delay": 60
                },
                {
                    "eventId": "d2movement5",
                    "delay": 60
                },
                {
                    "eventId": "d2article2",
                    "delay": 13920
                }
            ]
        },
        {
            "number": 2,
            "articles": [
                {
                    "eventId": "d2article2",
                    "title": "Technical Challenges Cause Concerns",
                    "content": "Despite the positive feedback, reports of technical challenges with KolaMoka's (KLMK) smart beverage dispensers have emerged. These issues have caused some concern among investors, leading to a drop in stock prices. The company is working to address the problems and minimize the impact.",
                    "stocks": [
                        "KLMK"
                    ],
                    "author": "Betty Bungle",
                    "website": "Cash Clown"
                }
            ],
            "stockMovements": [
                {
                    "eventId": "d2movement6",
                    "stock": "KLMK",
                    "change": -0.5,
                    "percent": true
                },
                {
                    "eventId": "d2movement7",
                    "stock": "KLMK",
                    "change": -0.5,
                    "percent": true
                },
                {
                    "eventId": "d2movement8",
                    "stock": "KLMK",
                    "change": -0.5,
                    "percent": true
                },
                {
                    "eventId": "d2movement9",
                    "stock": "KLMK",
                    "change": -0.5,
                    "percent": true
                }
            ],
            "eventSequence": [
                {
                    "eventId": "d2article2",
                    "delay": 0
                },
                {
                    "eventId": "d2movement6",
                    "delay": 60
                },
                {
                    "eventId": "d2movement7",
                    "delay": 60
                },
                {
                    "eventId": "d2movement8",
                    "delay": 60
                },
                {
                    "eventId": "d2movement9",
                    "delay": 60
                }
            ]
        },
        {
            "number": 3,
            "articles": [
                {
                    "eventId": "d3article1",
                    "title": "KolaMoka Addresses Technical Issues",
                    "content": "KolaMoka (KLMK) has released a statement addressing the technical issues with its smart beverage dispensers. While the company is taking steps to resolve these problems, skepticism remains among some investors. The stock has continued to fluctuate as a result.",
                    "stocks": [
                        "KLMK"
                    ],
                    "author": "Dramatic Dana",
                    "website": "Console Carnival"
                }
            ],
            "stockMovements": [
                {
                    "eventId": "d3movement1",
                    "stock": "KLMK",
                    "change": -0.5,
                    "percent": true
                },
                {
                    "eventId": "d3movement2",
                    "stock": "KLMK",
                    "change": -0.5,
                    "percent": true
                },
                {
                    "eventId": "d3movement3",
                    "stock": "KLMK",
                    "change": -0.5,
                    "percent": true
                },
                {
                    "eventId": "d3movement4",
                    "stock": "KLMK",
                    "change": -0.5,
                    "percent": true
                },
                {
                    "eventId": "d3movement5",
                    "stock": "KLMK",
                    "change": -0.5,
                    "percent": true
                },
                {
                    "eventId": "d3movement6",
                    "stock": "KLMK",
                    "change": -0.5,
                    "percent": true
                }
            ],
            "eventSequence": [
                {
                    "eventId": "d3article1",
                    "delay": 0
                },
                {
                    "eventId": "d3movement1",
                    "delay": 60
                },
                {
                    "eventId": "d3movement2",
                    "delay": 60
                },
                {
                    "eventId": "d3movement3",
                    "delay": 60
                },
                {
                    "eventId": "d3movement4",
                    "delay": 60
                },
                {
                    "eventId": "d3movement5",
                    "delay": 60
                },
                {
                    "eventId": "d3movement6",
                    "delay": 10800
                },
                {
                    "eventId": "d3article2",
                    "delay": 0
                }
            ]
        },
        {
            "number": 3,
            "articles": [
                {
                    "eventId": "d3article2",
                    "title": "Analysts Predict Long-term Benefits for KolaMoka",
                    "content": "Despite initial technical challenges, analysts are predicting long-term benefits for KolaMoka (KLMK) and its innovative smart beverage dispensers. The stock has stabilized but remains volatile as investors await further developments.",
                    "stocks": [
                        "KLMK"
                    ],
                    "author": "Greta Gamble",
                    "website": "Bull and Bear Circus"
                }
            ],
            "stockMovements": [
                {
                    "eventId": "d3movement7",
                    "stock": "KLMK",
                    "change": 0.5,
                    "percent": true
                },
                {
                    "eventId": "d3movement8",
                    "stock": "KLMK",
                    "change": 0.5,
                    "percent": true
                },
                {
                    "eventId": "d3movement9",
                    "stock": "KLMK",
                    "change": 0.5,
                    "percent": true
                }
            ],
            "eventSequence": [
                {
                    "eventId": "d3article2",
                    "delay": 0
                },
                {
                    "eventId": "d3movement7",
                    "delay": 60
                },
                {
                    "eventId": "d3movement8",
                    "delay": 60
                },
                {
                    "eventId": "d3movement9",
                    "delay": 60
                }
            ]
        }
    ],
    "categories": [
        "partnership",
        "tech",
        "beverage"
    ],
    "timeFrame": 3
}