{
    "id": "firestorm_adds_ads_to_in_game_loading_screens",
    "title": "Firestorm Adds Ads to In-Game Loading Screens",
    "canRepeat": false,
    "description": "Reports have surfaced that Firestorm Entertainment is adding ads to in-game loading screens, which has caused a stir among players and investors.",
    "days": [
        {
            "number": 1,
            "articles": [
                {
                    "eventId": "d1article1",
                    "title": "Firestorm Adds Ads to Loading Screens",
                    "content": "Firestorm Entertainment (FRST) has announced the introduction of advertisements in their in-game loading screens. Players have expressed their displeasure, citing that the ads disrupt their gaming experience. While the company insists that this move will bring additional revenue, the stock market has not responded positively.",
                    "stocks": [
                        "FRST"
                    ],
                    "author": "Silly Sam",
                    "website": "Gamer Giggles"
                },
                {
                    "eventId": "d1article2",
                    "title": "Firestorm Defends Decision to Add Ads",
                    "content": "In response to the backlash regarding the new advertisements in loading screens, Firestorm Entertainment (FRST) has defended their decision. A spokesperson from the company claimed that this move is aimed at enhancing the player's experience by providing relevant and engaging content during loading times. They also highlighted that the additional revenue will be invested back into game development to improve the overall quality of their games.",
                    "stocks": [
                        "FRST"
                    ],
                    "author": "Gina Gadget",
                    "website": "Tech Tattler"
                }
            ],
            "stockMovements": [
                {
                    "eventId": "d1movement1",
                    "stock": "FRST",
                    "change": -0.7,
                    "percent": true
                },
                {
                    "eventId": "d1movement2",
                    "stock": "FRST",
                    "change": -0.6,
                    "percent": true
                },
                {
                    "eventId": "d1movement3",
                    "stock": "FRST",
                    "change": -0.7,
                    "percent": true
                },
                {
                    "eventId": "d1movement4",
                    "stock": "FRST",
                    "change": 0.5,
                    "percent": true
                },
                {
                    "eventId": "d1movement5",
                    "stock": "FRST",
                    "change": 0.5,
                    "percent": true
                },
                {
                    "eventId": "d1movement6",
                    "stock": "FRST",
                    "change": 0.5,
                    "percent": true
                }
            ],
            "earningsReport": [],
            "eventSequence": [
                {
                    "eventId": "d1article1",
                    "delay": 0
                },
                {
                    "eventId": "d1movement1",
                    "delay": 100
                },
                {
                    "eventId": "d1movement2",
                    "delay": 200
                },
                {
                    "eventId": "d1movement3",
                    "delay": 400
                },
                {
                    "eventId": "d1article2",
                    "delay": 6500
                },
                {
                    "eventId": "d1movement4",
                    "delay": 100
                },
                {
                    "eventId": "d1movement5",
                    "delay": 200
                },
                {
                    "eventId": "d1movement6",
                    "delay": 200
                }
            ]
        },
        {
            "number": 2,
            "articles": [
                {
                    "eventId": "d2article1",
                    "title": "Player Dissatisfaction Grows Over Ads",
                    "content": "Player dissatisfaction continues to grow as more gamers express their frustration over the new advertisements in loading screens introduced by Firestorm Entertainment (FRST). Social media is flooded with complaints and memes, as players feel their immersive experience is being interrupted for profit. Investors are becoming increasingly concerned as the negative sentiment could impact the company\u2019s reputation and future sales.",
                    "stocks": [
                        "FRST"
                    ],
                    "author": "Laughing Lily",
                    "website": "Gamer Giggles"
                },
                {
                    "eventId": "d2article2",
                    "title": "Analysts Predict Limited Long-Term Impact",
                    "content": "Despite the current wave of player dissatisfaction over Firestorm Entertainment\u2019s (FRST) decision to add advertisements in loading screens, analysts predict that the long-term impact on the stock will be minimal. They argue that such changes often face initial resistance but can become accepted over time, especially if the company successfully utilizes the additional revenue to enhance game quality and content.",
                    "stocks": [
                        "FRST"
                    ],
                    "author": "Peter Processor",
                    "website": "Silicon Circus"
                }
            ],
            "stockMovements": [
                {
                    "eventId": "d2movement1",
                    "stock": "FRST",
                    "change": -0.8,
                    "percent": true
                },
                {
                    "eventId": "d2movement2",
                    "stock": "FRST",
                    "change": -0.8,
                    "percent": true
                },
                {
                    "eventId": "d2movement3",
                    "stock": "FRST",
                    "change": -0.9,
                    "percent": true
                },
                {
                    "eventId": "d2movement4",
                    "stock": "FRST",
                    "change": 0.3,
                    "percent": true
                },
                {
                    "eventId": "d2movement5",
                    "stock": "FRST",
                    "change": 0.3,
                    "percent": true
                },
                {
                    "eventId": "d2movement6",
                    "stock": "FRST",
                    "change": 0.4,
                    "percent": true
                }
            ],
            "earningsReport": [],
            "eventSequence": [
                {
                    "eventId": "d2article1",
                    "delay": 0
                },
                {
                    "eventId": "d2movement1",
                    "delay": 100
                },
                {
                    "eventId": "d2movement2",
                    "delay": 200
                },
                {
                    "eventId": "d2movement3",
                    "delay": 300
                },
                {
                    "eventId": "d2article2",
                    "delay": 13800
                },
                {
                    "eventId": "d2movement4",
                    "delay": 100
                },
                {
                    "eventId": "d2movement5",
                    "delay": 100
                },
                {
                    "eventId": "d2movement6",
                    "delay": 150
                }
            ]
        }
    ],
    "categories": [
        "company_policies",
        "gaming"
    ],
    "timeFrame": 2
}