{
    "id": "firestorm_esports_tournament_challenges",
    "title": "Firestorm's E-Sports Tournament Faces Challenges",
    "canRepeat": false,
    "description": "Firestorm Entertainment faces challenges with its new e-sports tournament. Despite reassurances and new partnerships, logistical problems continue to affect the tournament, causing stock fluctuations.",
    "days": [
        {
            "number": 1,
            "articles": [
                {
                    "eventId": "d1article1",
                    "title": "Challenges Surface in Firestorm's E-Sports Tournament",
                    "content": "Firestorm Entertainment (FRST) is currently facing significant challenges in its new e-sports tournament. Reports indicate several logistical issues are causing disruptions, leading to concerns among investors about the viability of the event.",
                    "stocks": [
                        "FRST"
                    ],
                    "author": "Silly Sam",
                    "website": "GamerGiggles.com"
                }
            ],
            "stockMovements": [
                {
                    "eventId": "d1movement1",
                    "stock": "FRST",
                    "change": -0.8,
                    "percent": true
                },
                {
                    "eventId": "d1movement2",
                    "stock": "FRST",
                    "change": -0.6,
                    "percent": true
                },
                {
                    "eventId": "d1movement3",
                    "stock": "FRST",
                    "change": -0.6,
                    "percent": true
                }
            ],
            "earningsReport": [],
            "eventSequence": [
                {
                    "eventId": "d1article1",
                    "delay": 0
                },
                {
                    "eventId": "d1movement1",
                    "delay": 60
                },
                {
                    "eventId": "d1movement2",
                    "delay": 120
                },
                {
                    "eventId": "d1movement3",
                    "delay": 300
                }
            ]
        },
        {
            "number": 2,
            "articles": [
                {
                    "eventId": "d2article1",
                    "title": "Firestorm Reassures Investors Amid E-Sports Issues",
                    "content": "Following initial reports of logistical challenges, Firestorm Entertainment (FRST) has issued a statement to reassure investors. The company has outlined a comprehensive plan to address the issues and ensure the smooth running of its e-sports tournament.",
                    "stocks": [
                        "FRST"
                    ],
                    "author": "Trendy Tina",
                    "website": "TrendTribune.com"
                }
            ],
            "stockMovements": [
                {
                    "eventId": "d2movement1",
                    "stock": "FRST",
                    "change": 0.5,
                    "percent": true
                },
                {
                    "eventId": "d2movement2",
                    "stock": "FRST",
                    "change": 0.5,
                    "percent": true
                },
                {
                    "eventId": "d2movement3",
                    "stock": "FRST",
                    "change": 0.5,
                    "percent": true
                }
            ],
            "earningsReport": [],
            "eventSequence": [
                {
                    "eventId": "d2article1",
                    "delay": 10800
                },
                {
                    "eventId": "d2movement1",
                    "delay": 60
                },
                {
                    "eventId": "d2movement2",
                    "delay": 90
                },
                {
                    "eventId": "d2movement3",
                    "delay": 300
                }
            ]
        },
        {
            "number": 3,
            "articles": [
                {
                    "eventId": "d3article1",
                    "title": "More Logistical Problems for Firestorm's E-Sports Tournament",
                    "content": "New reports today have revealed further logistical problems with Firestorm Entertainment's (FRST) e-sports tournament. These ongoing issues are causing significant concern among participants and investors.",
                    "stocks": [
                        "FRST"
                    ],
                    "author": "Timmy Tumble",
                    "website": "Bull and Bear Circus"
                }
            ],
            "stockMovements": [
                {
                    "eventId": "d3movement1",
                    "stock": "FRST",
                    "change": -1.0,
                    "percent": true
                },
                {
                    "eventId": "d3movement2",
                    "stock": "FRST",
                    "change": -0.75,
                    "percent": true
                },
                {
                    "eventId": "d3movement3",
                    "stock": "FRST",
                    "change": -0.75,
                    "percent": true
                }
            ],
            "earningsReport": [],
            "eventSequence": [
                {
                    "eventId": "d3article1",
                    "delay": 14400
                },
                {
                    "eventId": "d3movement1",
                    "delay": 60
                },
                {
                    "eventId": "d3movement2",
                    "delay": 120
                },
                {
                    "eventId": "d3movement3",
                    "delay": 300
                }
            ]
        },
        {
            "number": 4,
            "articles": [
                {
                    "eventId": "d4article1",
                    "title": "Firestorm Announces New Partnerships to Address E-Sports Issues",
                    "content": "In response to the ongoing logistical problems, Firestorm Entertainment (FRST) has announced new partnerships aimed at improving its e-sports tournament. These partnerships are expected to address the most critical issues and ensure the event's success.",
                    "stocks": [
                        "FRST"
                    ],
                    "author": "Greta Gamble",
                    "website": "Bull and Bear Circus"
                }
            ],
            "stockMovements": [
                {
                    "eventId": "d4movement1",
                    "stock": "FRST",
                    "change": 0.65,
                    "percent": true
                },
                {
                    "eventId": "d4movement2",
                    "stock": "FRST",
                    "change": 0.65,
                    "percent": true
                },
                {
                    "eventId": "d4movement3",
                    "stock": "FRST",
                    "change": 0.7,
                    "percent": true
                }
            ],
            "earningsReport": [],
            "eventSequence": [
                {
                    "eventId": "d4article1",
                    "delay": 10800
                },
                {
                    "eventId": "d4movement1",
                    "delay": 60
                },
                {
                    "eventId": "d4movement2",
                    "delay": 90
                },
                {
                    "eventId": "d4movement3",
                    "delay": 300
                }
            ]
        },
        {
            "number": 5,
            "articles": [
                {
                    "eventId": "d5article1",
                    "title": "Analysts Remain Cautious About Firestorm's E-Sports Tournament",
                    "content": "Despite Firestorm Entertainment's efforts to address the issues with its e-sports tournament, analysts remain cautious. There are still concerns about the long-term implications of these logistical problems, and potential setbacks are likely.",
                    "stocks": [
                        "FRST"
                    ],
                    "author": "Thrilling Theo",
                    "website": "Console Carnival"
                }
            ],
            "stockMovements": [
                {
                    "eventId": "d5movement1",
                    "stock": "FRST",
                    "change": -0.6,
                    "percent": true
                },
                {
                    "eventId": "d5movement2",
                    "stock": "FRST",
                    "change": -0.5,
                    "percent": true
                },
                {
                    "eventId": "d5movement3",
                    "stock": "FRST",
                    "change": -0.4,
                    "percent": true
                }
            ],
            "earningsReport": [],
            "eventSequence": [
                {
                    "eventId": "d5article1",
                    "delay": 14400
                },
                {
                    "eventId": "d5movement1",
                    "delay": 50
                },
                {
                    "eventId": "d5movement2",
                    "delay": 100
                },
                {
                    "eventId": "d5movement3",
                    "delay": 200
                }
            ]
        },
        {
            "number": 6,
            "articles": [
                {
                    "eventId": "d6article1",
                    "title": "Mixed Reactions as Firestorm's Stock Fluctuates",
                    "content": "Investors showed mixed reactions today, causing fluctuations in Firestorm Entertainment's (FRST) stock price. The e-sports tournament continues to be a topic of intense discussion, with opinions divided on the company's future prospects.",
                    "stocks": [
                        "FRST"
                    ],
                    "author": "Sally Shortsell",
                    "website": "Bull and Bear Circus"
                }
            ],
            "stockMovements": [
                {
                    "eventId": "d6movement1",
                    "stock": "FRST",
                    "change": -0.4,
                    "percent": true
                },
                {
                    "eventId": "d6movement2",
                    "stock": "FRST",
                    "change": -0.3,
                    "percent": true
                },
                {
                    "eventId": "d6movement3",
                    "stock": "FRST",
                    "change": -0.3,
                    "percent": true
                }
            ],
            "earningsReport": [],
            "eventSequence": [
                {
                    "eventId": "d6article1",
                    "delay": 10800
                },
                {
                    "eventId": "d6movement1",
                    "delay": 60
                },
                {
                    "eventId": "d6movement2",
                    "delay": 100
                },
                {
                    "eventId": "d6movement3",
                    "delay": 200
                }
            ]
        }
    ],
    "categories": [
        "tournaments",
        "esports",
        "gaming"
    ],
    "timeFrame": 3
}