{
    "id": "firestorm_acquires_indie_game_developer",
    "title": "Firestorm Acquires Indie Game Developer",
    "canRepeat": false,
    "description": "Firestorm Entertainment (FRST) is making headlines with its acquisition of a popular indie game developer, causing its stock to rise.",
    "days": [
        {
            "number": 1,
            "articles": [
                {
                    "eventId": "d1article1",
                    "title": "Rumors of Firestorm Acquiring Indie Game Developer",
                    "content": "Rumors have been circulating that Firestorm Entertainment (FRST) is poised to acquire a well-known indie game developer. Speculation in the industry is reaching a fever pitch as gamers and investors alike anticipate the potential implications of such a move. If these rumors prove true, this acquisition could lead to a slew of new and exciting game releases for Firestorm. The indie developer in question has already made a name for itself with a series of critically acclaimed titles, making the potential partnership all the more intriguing.",
                    "stocks": [
                        "FRST"
                    ],
                    "author": "Trendy Tina",
                    "website": "Trend Tribune"
                },
                {
                    "eventId": "d1article2",
                    "title": "Firestorm Confirms Acquisition of Indie Game Developer",
                    "content": "Firestorm Entertainment (FRST) has officially confirmed the acquisition of a popular indie game developer. In a statement released this morning, the company highlighted the potential for creating groundbreaking new games as a result of this strategic move. The acquisition is seen as a significant step forward for Firestorm, providing access to the indie developer\u2019s innovative IPs and creative talent. Firestorm\u2019s CEO expressed excitement about the future projects that will stem from this collaboration, hinting at several unannounced titles currently in development.",
                    "stocks": [
                        "FRST"
                    ],
                    "author": "Epic Eric",
                    "website": "Console Carnival"
                }
            ],
            "stockMovements": [
                {
                    "eventId": "d1movement1",
                    "stock": "FRST",
                    "change": 0.5,
                    "percent": true
                },
                {
                    "eventId": "d1movement2",
                    "stock": "FRST",
                    "change": 0.5,
                    "percent": true
                },
                {
                    "eventId": "d1movement3",
                    "stock": "FRST",
                    "change": 0.5,
                    "percent": true
                },
                {
                    "eventId": "d1movement4",
                    "stock": "FRST",
                    "change": 0.5,
                    "percent": true
                },
                {
                    "eventId": "d1movement5",
                    "stock": "FRST",
                    "change": 0.5,
                    "percent": true
                },
                {
                    "eventId": "d1movement6",
                    "stock": "FRST",
                    "change": 0.5,
                    "percent": true
                }
            ],
            "earningsReport": [],
            "eventSequence": [
                {
                    "eventId": "d1article1",
                    "delay": 0
                },
                {
                    "eventId": "d1movement1",
                    "delay": 200
                },
                {
                    "eventId": "d1movement2",
                    "delay": 220
                },
                {
                    "eventId": "d1movement3",
                    "delay": 240
                },
                {
                    "eventId": "d1movement4",
                    "delay": 260
                },
                {
                    "eventId": "d1movement5",
                    "delay": 280
                },
                {
                    "eventId": "d1movement6",
                    "delay": 6800
                },
                {
                    "eventId": "d1article2",
                    "delay": 0
                },
                {
                    "eventId": "d1movement1",
                    "delay": 200
                },
                {
                    "eventId": "d1movement2",
                    "delay": 220
                },
                {
                    "eventId": "d1movement3",
                    "delay": 240
                },
                {
                    "eventId": "d1movement4",
                    "delay": 260
                },
                {
                    "eventId": "d1movement5",
                    "delay": 280
                }
            ]
        },
        {
            "number": 2,
            "articles": [
                {
                    "eventId": "d2article1",
                    "title": "Analysts Praise Firestorm's Strategic Acquisition",
                    "content": "Following the official announcement of Firestorm Entertainment (FRST) acquiring a popular indie game developer, analysts are praising the move as a strategic masterstroke. Noted industry analyst Polly Profit has highlighted the significant potential for growth this acquisition could bring. Polly states, 'By bringing this indie developer under their wing, Firestorm is positioning itself to tap into a fresh wave of creativity and innovation. The deal is poised to accelerate Firestorm's growth trajectory and solidify its presence in the gaming industry.' The news continues to drive positive sentiment among investors.",
                    "stocks": [
                        "FRST"
                    ],
                    "author": "Polly Profit",
                    "website": "Bull and Bear Circus"
                },
                {
                    "eventId": "d2article2",
                    "title": "Early Collaboration Details Excite Fans",
                    "content": "Excitement is building among gaming enthusiasts as early details of the collaboration between Firestorm Entertainment (FRST) and the newly acquired indie game developer begin to emerge. Initial reports suggest that the teams are working on several unique titles, which promise to blend Firestorm\u2019s blockbuster production capabilities with the indie developer\u2019s creative flair. Fans are eagerly speculating about the potential of this partnership, with social media abuzz with anticipation. The synergy between the two companies has the potential to redefine Firestorm\u2019s game portfolio, expanding its appeal and boosting investor confidence.",
                    "stocks": [
                        "FRST"
                    ],
                    "author": "Passionate Paula",
                    "website": "Console Carnival"
                }
            ],
            "stockMovements": [
                {
                    "eventId": "d2movement1",
                    "stock": "FRST",
                    "change": 0.5,
                    "percent": true
                },
                {
                    "eventId": "d2movement2",
                    "stock": "FRST",
                    "change": 0.5,
                    "percent": true
                },
                {
                    "eventId": "d2movement3",
                    "stock": "FRST",
                    "change": 0.5,
                    "percent": true
                },
                {
                    "eventId": "d2movement4",
                    "stock": "FRST",
                    "change": 0.5,
                    "percent": true
                },
                {
                    "eventId": "d2movement5",
                    "stock": "FRST",
                    "change": 0.5,
                    "percent": true
                },
                {
                    "eventId": "d2movement6",
                    "stock": "FRST",
                    "change": 0.5,
                    "percent": true
                },
                {
                    "eventId": "d2movement1",
                    "stock": "FRST",
                    "change": 0.5,
                    "percent": true
                },
                {
                    "eventId": "d2movement2",
                    "stock": "FRST",
                    "change": 0.5,
                    "percent": true
                },
                {
                    "eventId": "d2movement3",
                    "stock": "FRST",
                    "change": 0.5,
                    "percent": true
                },
                {
                    "eventId": "d2movement4",
                    "stock": "FRST",
                    "change": 0.5,
                    "percent": true
                },
                {
                    "eventId": "d2movement5",
                    "stock": "FRST",
                    "change": 0.5,
                    "percent": true
                }
            ],
            "earningsReport": [],
            "eventSequence": [
                {
                    "eventId": "d2article1",
                    "delay": 0
                },
                {
                    "eventId": "d2movement1",
                    "delay": 220
                },
                {
                    "eventId": "d2movement2",
                    "delay": 240
                },
                {
                    "eventId": "d2movement3",
                    "delay": 260
                },
                {
                    "eventId": "d2movement4",
                    "delay": 280
                },
                {
                    "eventId": "d2movement5",
                    "delay": 300
                },
                {
                    "eventId": "d2movement6",
                    "delay": 320
                },
                {
                    "eventId": "d2article2",
                    "delay": 6800
                },
                {
                    "eventId": "d2movement1",
                    "delay": 200
                },
                {
                    "eventId": "d2movement2",
                    "delay": 220
                },
                {
                    "eventId": "d2movement3",
                    "delay": 240
                },
                {
                    "eventId": "d2movement4",
                    "delay": 260
                },
                {
                    "eventId": "d2movement5",
                    "delay": 280
                }
            ]
        }
    ],
    "categories": [
        "acquisition",
        "gaming"
    ],
    "timeFrame": 2
}