{
    "id": "tessler_expands_charging_network",
    "title": "Tessler Expands Charging Network",
    "canRepeat": false,
    "description": "Tessler Motors announces an expansion of its charging network targeting underserved areas, boosting investor confidence.",
    "days": [
        {
            "number": 1,
            "articles": [
                {
                    "eventId": "d1article1",
                    "title": "Rumors of Tessler Network Expansion Boost Stocks",
                    "content": "Rumors are swirling that Tessler Motors (TSLR) is planning to expand its charging network, potentially filling major gaps in underserved areas. These rumors have sparked excitement among investors, causing a notable uptick in TSLR's stock price.",
                    "stocks": [
                        "TSLR"
                    ],
                    "author": "Trendy Tina",
                    "website": "Trend Tribune"
                },
                {
                    "eventId": "d1article2",
                    "title": "Tessler Confirms Charging Network Expansion",
                    "content": "Tessler Motors (TSLR) has officially confirmed the rumors regarding its plans to expand its charging network. The company aims to address the needs of underserved areas, making electric vehicle charging more accessible. This move is expected to significantly bolster customer satisfaction and market penetration.",
                    "stocks": [
                        "TSLR"
                    ],
                    "author": "Polly Profit",
                    "website": "Bull and Bear Circus"
                }
            ],
            "stockMovements": [
                {
                    "eventId": "d1movement1",
                    "stock": "TSLR",
                    "change": 0.5,
                    "percent": true,
                    "delay": 0
                },
                {
                    "eventId": "d1movement2",
                    "stock": "TSLR",
                    "change": 0.5,
                    "percent": true,
                    "delay": 60
                },
                {
                    "eventId": "d1movement3",
                    "stock": "TSLR",
                    "change": 0.5,
                    "percent": true,
                    "delay": 60
                },
                {
                    "eventId": "d1movement4",
                    "stock": "TSLR",
                    "change": 1.0,
                    "percent": true,
                    "delay": 3600
                },
                {
                    "eventId": "d1movement5",
                    "stock": "TSLR",
                    "change": 1.0,
                    "percent": true,
                    "delay": 3600
                }
            ],
            "earningsReport": [],
            "eventSequence": [
                {
                    "eventId": "d1article1",
                    "delay": 0
                },
                {
                    "eventId": "d1movement1",
                    "delay": 0
                },
                {
                    "eventId": "d1movement2",
                    "delay": 60
                },
                {
                    "eventId": "d1movement3",
                    "delay": 60
                },
                {
                    "eventId": "d1article2",
                    "delay": 6780
                },
                {
                    "eventId": "d1movement4",
                    "delay": 3600
                },
                {
                    "eventId": "d1movement5",
                    "delay": 3600
                }
            ]
        },
        {
            "number": 2,
            "articles": [
                {
                    "eventId": "d2article1",
                    "title": "Analysts Praise Tessler's Expansion Plans",
                    "content": "Market analysts are praising Tessler Motors' (TSLR) recent announcement to expand its charging network. They believe this strategic move will drive significant increases in customer satisfaction and foster greater adoption of electric vehicles in regions previously lacking infrastructure.",
                    "stocks": [
                        "TSLR"
                    ],
                    "author": "Gina Gadget",
                    "website": "Tech Tattler"
                },
                {
                    "eventId": "d2article2",
                    "title": "Positive Feedback on Tessler's New Charging Stations",
                    "content": "Early feedback from customers regarding Tessler Motors' (TSLR) new charging stations has been overwhelmingly positive. The company's targeted initiative to address underserved areas is already paying off, boosting confidence among investors and the broader market.",
                    "stocks": [
                        "TSLR"
                    ],
                    "author": "Epic Eric",
                    "website": "Console Carnival"
                }
            ],
            "stockMovements": [
                {
                    "eventId": "d2movement1",
                    "stock": "TSLR",
                    "change": 0.5,
                    "percent": true,
                    "delay": 0
                },
                {
                    "eventId": "d2movement2",
                    "stock": "TSLR",
                    "change": 1.0,
                    "percent": true,
                    "delay": 60
                },
                {
                    "eventId": "d2movement3",
                    "stock": "TSLR",
                    "change": 1.0,
                    "percent": true,
                    "delay": 60
                },
                {
                    "eventId": "d2movement4",
                    "stock": "TSLR",
                    "change": 0.5,
                    "percent": true,
                    "delay": 7200
                },
                {
                    "eventId": "d2movement5",
                    "stock": "TSLR",
                    "change": 0.5,
                    "percent": true,
                    "delay": 60
                },
                {
                    "eventId": "d2movement6",
                    "stock": "TSLR",
                    "change": 0.5,
                    "percent": true,
                    "delay": 60
                },
                {
                    "eventId": "d2movement7",
                    "stock": "TSLR",
                    "change": 0.5,
                    "percent": true,
                    "delay": 7080
                }
            ],
            "earningsReport": [],
            "eventSequence": [
                {
                    "eventId": "d2article1",
                    "delay": 3600
                },
                {
                    "eventId": "d2movement1",
                    "delay": 300
                },
                {
                    "eventId": "d2movement2",
                    "delay": 300
                },
                {
                    "eventId": "d2movement3",
                    "delay": 300
                },
                {
                    "eventId": "d2article2",
                    "delay": 3600
                },
                {
                    "eventId": "d2movement4",
                    "delay": 300
                },
                {
                    "eventId": "d2movement5",
                    "delay": 300
                },
                {
                    "eventId": "d2movement6",
                    "delay": 300
                },
                {
                    "eventId": "d2movement7",
                    "delay": 300
                }
            ]
        }
    ],
    "categories": [
        "stock_up",
        "tessler_expansion",
        "electric_vehicle_charging"
    ],
    "timeFrame": 2
}