{
    "id": "tslr_new_electric_truck_production_issues",
    "title": "Tessler's New Electric Truck Faces Production Issues",
    "canRepeat": false,
    "description": "Reports suggest that Tessler's new electric truck is facing production issues, causing stock fluctuations as the company addresses concerns and reassures investors.",
    "days": [
        {
            "number": 1,
            "articles": [
                {
                    "eventId": "d1article1",
                    "title": "Tessler's New Truck Hits a Rough Patch",
                    "content": "Tessler Motors (TSLR) announced today that its new electric truck faces significant production issues. According to insiders, the company is struggling with supply chain disruptions and technical glitches, leading to a delay in the production schedule. This setback has caused considerable concern among investors, resulting in a noticeable dip in stock prices. While Tessler has been a market leader in electric vehicles, such challenges could impede its momentum.",
                    "stocks": [
                        "TSLR"
                    ],
                    "author": "Misty Bankroll",
                    "website": "Cash Clown"
                },
                {
                    "eventId": "d1article2",
                    "title": "Tessler Confident Despite Hurdles",
                    "content": "In response to reports of production issues with its new electric truck, Tessler Motors (TSLR) reassured investors in a statement released today. The company elaborated on its strategy to overcome the hurdles, emphasizing ongoing efforts to streamline supply chains and enhance production efficiency. Tessler's leadership remains optimistic about meeting its goals and minimizing delays. Investor confidence saw a boost following these reassurances.",
                    "stocks": [
                        "TSLR"
                    ],
                    "author": "Polly Profit",
                    "website": "Bull and Bear Circus"
                }
            ],
            "stockMovements": [
                {
                    "eventId": "d1movement1",
                    "stock": "TSLR",
                    "change": -0.5,
                    "percent": true
                },
                {
                    "eventId": "d1movement2",
                    "stock": "TSLR",
                    "change": -0.5,
                    "percent": true
                },
                {
                    "eventId": "d1movement3",
                    "stock": "TSLR",
                    "change": -0.5,
                    "percent": true
                },
                {
                    "eventId": "d1movement4",
                    "stock": "TSLR",
                    "change": -0.5,
                    "percent": true
                },
                {
                    "eventId": "d1movement5",
                    "stock": "TSLR",
                    "change": 0.5,
                    "percent": true
                },
                {
                    "eventId": "d1movement6",
                    "stock": "TSLR",
                    "change": 0.5,
                    "percent": true
                },
                {
                    "eventId": "d1movement7",
                    "stock": "TSLR",
                    "change": 0.5,
                    "percent": true
                }
            ],
            "earningsReport": [],
            "eventSequence": [
                {
                    "eventId": "d1article1",
                    "delay": 0
                },
                {
                    "eventId": "d1movement1",
                    "delay": 60
                },
                {
                    "eventId": "d1movement2",
                    "delay": 120
                },
                {
                    "eventId": "d1movement3",
                    "delay": 180
                },
                {
                    "eventId": "d1movement4",
                    "delay": 240
                },
                {
                    "eventId": "d1article2",
                    "delay": 10800
                },
                {
                    "eventId": "d1movement5",
                    "delay": 60
                },
                {
                    "eventId": "d1movement6",
                    "delay": 120
                },
                {
                    "eventId": "d1movement7",
                    "delay": 180
                }
            ]
        },
        {
            "number": 2,
            "articles": [
                {
                    "eventId": "d2article1",
                    "title": "Production Woes Persist for Tessler's Electric Truck",
                    "content": "Just as optimism started to build, new reports have emerged indicating further delays and technical challenges in Tessler's electric truck production. These issues have deepened concerns about the company's ability to meet its ambitious targets. Inside sources reveal that quality control checks have flagged multiple malfunctions, significantly slowing down the assembly line. The market reacted swiftly, reflecting the increasing unease among investors.",
                    "stocks": [
                        "TSLR"
                    ],
                    "author": "Carl Calamity",
                    "website": "Moolah Misfits"
                },
                {
                    "eventId": "d2article2",
                    "title": "Tessler Bolsters Production With New Partnerships",
                    "content": "In a strategic move to address ongoing production headaches, Tessler Motors (TSLR) announced today a series of new partnerships aimed at expediting the production of its electric truck. These alliances are expected to streamline component supply and enhance technical support. Tessler's executive team expressed confidence that these partnerships would help overcome current obstacles and adhere to revised timelines. The announcement has revived investor confidence, sparking a notable rise in stock prices.",
                    "stocks": [
                        "TSLR"
                    ],
                    "author": "Gina Gadget",
                    "website": "Tech Tattler"
                }
            ],
            "stockMovements": [
                {
                    "eventId": "d2movement1",
                    "stock": "TSLR",
                    "change": -1.0,
                    "percent": true
                },
                {
                    "eventId": "d2movement2",
                    "stock": "TSLR",
                    "change": -0.75,
                    "percent": true
                },
                {
                    "eventId": "d2movement3",
                    "stock": "TSLR",
                    "change": -0.75,
                    "percent": true
                },
                {
                    "eventId": "d2movement4",
                    "stock": "TSLR",
                    "change": 0.5,
                    "percent": true
                },
                {
                    "eventId": "d2movement5",
                    "stock": "TSLR",
                    "change": 0.5,
                    "percent": true
                },
                {
                    "eventId": "d2movement6",
                    "stock": "TSLR",
                    "change": 0.5,
                    "percent": true
                },
                {
                    "eventId": "d2movement7",
                    "stock": "TSLR",
                    "change": 0.5,
                    "percent": true
                }
            ],
            "earningsReport": [],
            "eventSequence": [
                {
                    "eventId": "d2article1",
                    "delay": 3600
                },
                {
                    "eventId": "d2movement1",
                    "delay": 300
                },
                {
                    "eventId": "d2movement2",
                    "delay": 300
                },
                {
                    "eventId": "d2movement3",
                    "delay": 300
                },
                {
                    "eventId": "d2article2",
                    "delay": 3600
                },
                {
                    "eventId": "d2movement4",
                    "delay": 300
                },
                {
                    "eventId": "d2movement5",
                    "delay": 300
                },
                {
                    "eventId": "d2movement6",
                    "delay": 300
                },
                {
                    "eventId": "d2movement7",
                    "delay": 300
                }
            ]
        },
        {
            "number": 3,
            "articles": [
                {
                    "eventId": "d3article1",
                    "title": "Caution Urged Over Tessler's Production Outlook",
                    "content": "Financial analysts continue to voice caution over Tessler Motors' (TSLR) ability to navigate the production challenges facing its electric truck. Despite recent positive announcements, skepticism persists about the feasibility of the revised timelines. Some experts predict further setbacks unless more radical steps are taken. These tempered predictions are causing fluctuations in Tessler's stock, reflecting the market's mixed sentiments.",
                    "stocks": [
                        "TSLR"
                    ],
                    "author": "Alice Algorithm",
                    "website": "Silicon Circus"
                },
                {
                    "eventId": "d3article2",
                    "title": "Tessler's Roller Coaster: Stock Fluctuates Amid Mixed Signals",
                    "content": "Following a series of contradictory reports, Tessler Motors' (TSLR) stock experienced wild fluctuations today. Investors were torn between cautious optimism and lingering doubts. While new partnerships shine a ray of hope, persistent technical issues and skeptical analyst outlooks have created a volatile situation. Tessler's journey with its new electric truck is turning out to be a dramatic saga, keeping the market on its toes.",
                    "stocks": [
                        "TSLR"
                    ],
                    "author": "Andy Algorithm",
                    "website": "Byte Banter"
                }
            ],
            "stockMovements": [
                {
                    "eventId": "d3movement1",
                    "stock": "TSLR",
                    "change": -0.5,
                    "percent": true
                },
                {
                    "eventId": "d3movement2",
                    "stock": "TSLR",
                    "change": -0.5,
                    "percent": true
                },
                {
                    "eventId": "d3movement3",
                    "stock": "TSLR",
                    "change": -0.5,
                    "percent": true
                },
                {
                    "eventId": "d3movement4",
                    "stock": "TSLR",
                    "change": -0.25,
                    "percent": true
                },
                {
                    "eventId": "d3movement5",
                    "stock": "TSLR",
                    "change": -0.25,
                    "percent": true
                },
                {
                    "eventId": "d3movement6",
                    "stock": "TSLR",
                    "change": -0.25,
                    "percent": true
                },
                {
                    "eventId": "d3movement7",
                    "stock": "TSLR",
                    "change": -0.25,
                    "percent": true
                }
            ],
            "earningsReport": [],
            "eventSequence": [
                {
                    "eventId": "d3article1",
                    "delay": 3600
                },
                {
                    "eventId": "d3movement1",
                    "delay": 300
                },
                {
                    "eventId": "d3movement2",
                    "delay": 300
                },
                {
                    "eventId": "d3movement3",
                    "delay": 300
                },
                {
                    "eventId": "d3article2",
                    "delay": 3600
                },
                {
                    "eventId": "d3movement4",
                    "delay": 300
                },
                {
                    "eventId": "d3movement5",
                    "delay": 300
                },
                {
                    "eventId": "d3movement6",
                    "delay": 300
                },
                {
                    "eventId": "d3movement7",
                    "delay": 300
                }
            ]
        }
    ],
    "categories": [
        "product_issues",
        "electric_vehicles",
        "stocks",
        "market_reactions"
    ],
    "timeFrame": 3
}