{
    "id": "electroarts_in_game_purchases",
    "title": "ElectroArts Introduces In-Game Purchases for Single-Player Games",
    "canRepeat": false,
    "description": "ElectroArts (ELAR) confirms the introduction of in-game purchases for single-player games, causing initial excitement but resulting in mixed reactions from the gaming community and investors.",
    "days": [
        {
            "number": 1,
            "articles": [
                {
                    "eventId": "d1article1",
                    "title": "Rumors of In-Game Purchases in Single-Player Games",
                    "content": "ElectroArts (ELAR) is rumored to be introducing in-game purchases for its single-player games. This move is designed to enhance the gaming experience by offering purchasable shortcuts. While some industry experts applaud this potential revenue stream, others worry about the impact on game balance and player satisfaction.",
                    "stocks": [
                        "ELAR"
                    ],
                    "author": "Holly Hacker",
                    "website": "Byte Banter"
                },
                {
                    "eventId": "d1article2",
                    "title": "ElectroArts Confirms In-Game Purchases for Single-Player Games",
                    "content": "Just two hours after speculation began swirling, ElectroArts (ELAR) confirmed that it will indeed be incorporating in-game purchases into its single-player titles. According to their official statement, these purchases will provide players with 'enhanced gameplay options,' allowing them to buy shortcuts and other in-game benefits. The company assured that this new feature will significantly improve the overall gaming experience. This announcement has already generated substantial buzz in the gaming community and amongst investors.",
                    "stocks": [
                        "ELAR"
                    ],
                    "author": "Epic Eric",
                    "website": "Console Carnival"
                },
                {
                    "eventId": "d1article3",
                    "title": "Skepticism Arises Over ElectroArts' New In-Game Purchases",
                    "content": "Four hours after the initial confirmation of in-game purchases for single-player games, skepticism is starting to build within the gaming community. Critics argue that these in-game purchases may undermine the integrity of single-player experiences by introducing pay-to-win elements. Some players voice concerns over the necessity of these purchases, questioning whether they are truly needed to enhance the gaming experience. The mixed reactions have led to a slight dip in ElectroArts' stock price as investors await further information.",
                    "stocks": [
                        "ELAR"
                    ],
                    "author": "Dramatic Dana",
                    "website": "Console Carnival"
                },
                {
                    "eventId": "d1article4",
                    "title": "ElectroArts Reassures Investors with Strong Sales Data on In-Game Purchases",
                    "content": "Six hours into the day, ElectroArts (ELAR) has released preliminary sales data indicating a strong initial response to in-game purchases. The company emphasized that the new feature has already contributed positively to their revenue streams, easing investor concerns. 'We've seen a promising uptake on the new in-game purchases, validating our strategy to enhance the gaming experience,' said an ElectroArts spokesman. This positive report has led to a swift recovery in the stock price, reassuring stakeholders about the company's innovative direction.",
                    "stocks": [
                        "ELAR"
                    ],
                    "author": "Polly Profit",
                    "website": "Bull and Bear Circus"
                }
            ],
            "stockMovements": [
                {
                    "eventId": "d1movement1",
                    "stock": "ELAR",
                    "change": 1.0,
                    "percent": true
                },
                {
                    "eventId": "d1movement2",
                    "stock": "ELAR",
                    "change": 0.75,
                    "percent": true
                },
                {
                    "eventId": "d1movement3",
                    "stock": "ELAR",
                    "change": 0.75,
                    "percent": true
                },
                {
                    "eventId": "d1movement4",
                    "stock": "ELAR",
                    "change": 1.0,
                    "percent": true
                },
                {
                    "eventId": "d1movement5",
                    "stock": "ELAR",
                    "change": 1.25,
                    "percent": true
                },
                {
                    "eventId": "d1movement6",
                    "stock": "ELAR",
                    "change": 1.25,
                    "percent": true
                },
                {
                    "eventId": "d1movement7",
                    "stock": "ELAR",
                    "change": -0.5,
                    "percent": true
                },
                {
                    "eventId": "d1movement8",
                    "stock": "ELAR",
                    "change": -0.75,
                    "percent": true
                },
                {
                    "eventId": "d1movement9",
                    "stock": "ELAR",
                    "change": -0.75,
                    "percent": true
                },
                {
                    "eventId": "d1movement10",
                    "stock": "ELAR",
                    "change": 0.75,
                    "percent": true
                },
                {
                    "eventId": "d1movement11",
                    "stock": "ELAR",
                    "change": 0.75,
                    "percent": true
                },
                {
                    "eventId": "d1movement12",
                    "stock": "ELAR",
                    "change": 0.5,
                    "percent": true
                }
            ],
            "earningsReport": [],
            "eventSequence": [
                {
                    "eventId": "d1article1",
                    "delay": 3600
                },
                {
                    "eventId": "d1movement1",
                    "delay": 300
                },
                {
                    "eventId": "d1movement2",
                    "delay": 300
                },
                {
                    "eventId": "d1movement3",
                    "delay": 300
                },
                {
                    "eventId": "d1article2",
                    "delay": 3600
                },
                {
                    "eventId": "d1movement4",
                    "delay": 300
                },
                {
                    "eventId": "d1movement5",
                    "delay": 300
                },
                {
                    "eventId": "d1movement6",
                    "delay": 300
                },
                {
                    "eventId": "d1article3",
                    "delay": 3600
                },
                {
                    "eventId": "d1movement7",
                    "delay": 300
                },
                {
                    "eventId": "d1movement8",
                    "delay": 300
                },
                {
                    "eventId": "d1movement9",
                    "delay": 300
                },
                {
                    "eventId": "d1article4",
                    "delay": 3600
                },
                {
                    "eventId": "d1movement10",
                    "delay": 300
                },
                {
                    "eventId": "d1movement11",
                    "delay": 300
                },
                {
                    "eventId": "d1movement12",
                    "delay": 300
                }
            ]
        }
    ],
    "categories": [
        "business_news",
        "gaming"
    ],
    "timeFrame": 1
}