{
    "id": "electroarts_expands_cloud_gaming_service",
    "title": "ElectroArts Expands Cloud Gaming Service",
    "canRepeat": false,
    "description": "ElectroArts is expanding its cloud gaming service to emerging markets, with analysts predicting significant growth and users providing positive early feedback.",
    "days": [
        {
            "number": 1,
            "articles": [
                {
                    "eventId": "d1article1",
                    "title": "ElectroArts Cloud Gaming Expansion Rumors",
                    "content": "Rumors have emerged that ElectroArts (ELAR) is planning to expand its popular cloud gaming service to several new regions. The buzz around this potential move has already started impacting the stock price positively, with speculation centered on ElectroArts' ability to capture new markets.",
                    "stocks": [
                        "ELAR"
                    ],
                    "author": "Freddy Fortune",
                    "website": "Moolah Misfits"
                },
                {
                    "eventId": "d1article2",
                    "title": "ElectroArts Confirms Cloud Gaming Service Expansion",
                    "content": "Two hours after the initial rumors, ElectroArts (ELAR) has officially confirmed that it will expand its cloud gaming service to multiple emerging markets. The announcement has been met with excitement from investors, who see this move as a major opportunity for growth and increased revenue.",
                    "stocks": [
                        "ELAR"
                    ],
                    "author": "Epic Eric",
                    "website": "Console Carnival"
                }
            ],
            "stockMovements": [
                {
                    "eventId": "d1move1_1",
                    "stock": "ELAR",
                    "change": 0.5,
                    "percent": true,
                    "delay": 180
                },
                {
                    "eventId": "d1move1_2",
                    "stock": "ELAR",
                    "change": 0.5,
                    "percent": true,
                    "delay": 300
                },
                {
                    "eventId": "d1move1_3",
                    "stock": "ELAR",
                    "change": 0.5,
                    "percent": true,
                    "delay": 300
                },
                {
                    "eventId": "d1move2_1",
                    "stock": "ELAR",
                    "change": 0.5,
                    "percent": true,
                    "delay": 180
                },
                {
                    "eventId": "d1move2_2",
                    "stock": "ELAR",
                    "change": 0.5,
                    "percent": true,
                    "delay": 300
                },
                {
                    "eventId": "d1move2_3",
                    "stock": "ELAR",
                    "change": 0.5,
                    "percent": true,
                    "delay": 300
                }
            ],
            "earningsReport": [],
            "eventSequence": [
                {
                    "eventId": "d1article1",
                    "delay": 0
                },
                {
                    "eventId": "d1move1_1",
                    "delay": 180
                },
                {
                    "eventId": "d1move1_2",
                    "delay": 300
                },
                {
                    "eventId": "d1move1_3",
                    "delay": 300
                },
                {
                    "eventId": "d1article2",
                    "delay": 5940
                },
                {
                    "eventId": "d1move2_1",
                    "delay": 180
                },
                {
                    "eventId": "d1move2_2",
                    "delay": 300
                },
                {
                    "eventId": "d1move2_3",
                    "delay": 300
                }
            ]
        },
        {
            "number": 2,
            "articles": [
                {
                    "eventId": "d2article1",
                    "title": "Analysts Praise ElectroArts Move to Expand Cloud Gaming",
                    "content": "Analysts are praising ElectroArts (ELAR) for their strategic move to expand their cloud gaming service into emerging markets. Many expect significant market growth resulting from this initiative. It's a forward-thinking move that positions ElectroArts ahead of its competitors.",
                    "stocks": [
                        "ELAR"
                    ],
                    "author": "Trendy Tina",
                    "website": "Trend Tribune"
                },
                {
                    "eventId": "d2article2",
                    "title": "Positive Early Feedback Boosts ElectroArts",
                    "content": "Early user feedback on ElectroArts' (ELAR) expanded cloud gaming service has been overwhelmingly positive. Users are praising the seamless experience and wide variety of game offerings available. This positive response has boosted investor confidence further.",
                    "stocks": [
                        "ELAR"
                    ],
                    "author": "Giggle Gwen",
                    "website": "Gamer Giggles"
                }
            ],
            "stockMovements": [
                {
                    "eventId": "d2move1_1",
                    "stock": "ELAR",
                    "change": 0.5,
                    "percent": true,
                    "delay": 180
                },
                {
                    "eventId": "d2move1_2",
                    "stock": "ELAR",
                    "change": 1.0,
                    "percent": true,
                    "delay": 300
                },
                {
                    "eventId": "d2move1_3",
                    "stock": "ELAR",
                    "change": 1.0,
                    "percent": true,
                    "delay": 480
                },
                {
                    "eventId": "d2move2_1",
                    "stock": "ELAR",
                    "change": 1.0,
                    "percent": true,
                    "delay": 180
                },
                {
                    "eventId": "d2move2_2",
                    "stock": "ELAR",
                    "change": 1.0,
                    "percent": true,
                    "delay": 180
                }
            ],
            "earningsReport": [],
            "eventSequence": [
                {
                    "eventId": "d2article1",
                    "delay": 0
                },
                {
                    "eventId": "d2move1_1",
                    "delay": 180
                },
                {
                    "eventId": "d2move1_2",
                    "delay": 300
                },
                {
                    "eventId": "d2move1_3",
                    "delay": 480
                },
                {
                    "eventId": "d2article2",
                    "delay": 3600
                },
                {
                    "eventId": "d2move2_1",
                    "delay": 180
                },
                {
                    "eventId": "d2move2_2",
                    "delay": 180
                }
            ]
        }
    ],
    "categories": [
        "expansion",
        "gaming"
    ],
    "timeFrame": 2
}