{
    "id": "electro_arts_announces_pay_to_win_mechanics",
    "title": "ElectroArts Announces Pay-to-Win Mechanics in Vertex Legends",
    "canRepeat": false,
    "description": "ElectroArts confirms pay-to-win mechanics in Vertex Legends, causing initial excitement followed by player dissatisfaction and stock volatility.",
    "days": [
        {
            "number": 1,
            "articles": [
                {
                    "eventId": "d1article1",
                    "title": "Rumors Circulate About ElectroArts Introducing Pay-to-Win Mechanics",
                    "content": "Rumors are swirling that ElectroArts (ELAR) is planning to introduce pay-to-win mechanics in its popular game, Vertex Legends. Speculation is growing among the player base and investors alike.",
                    "stocks": [
                        "ELAR"
                    ],
                    "author": "Mocking Mike",
                    "website": "Gamer Giggles"
                },
                {
                    "eventId": "d1article2",
                    "title": "ElectroArts Confirms Pay-to-Win Mechanics in Vertex Legends",
                    "content": "ElectroArts (ELAR) has officially confirmed rumors about the introduction of pay-to-win mechanics in Vertex Legends. The new system will allow players to purchase advantages, which has sparked a debate within the gaming community. The confirmation has led to increased investor confidence, as monetization opportunities appear promising.",
                    "stocks": [
                        "ELAR"
                    ],
                    "author": "Laughing Lily",
                    "website": "Gamer Giggles"
                }
            ],
            "stockMovements": [
                {
                    "eventId": "d1movement1_1",
                    "stock": "ELAR",
                    "change": 1.0,
                    "percent": true,
                    "delay": 60
                },
                {
                    "eventId": "d1movement1_2",
                    "stock": "ELAR",
                    "change": 0.75,
                    "percent": true,
                    "delay": 120
                },
                {
                    "eventId": "d1movement1_3",
                    "stock": "ELAR",
                    "change": 0.75,
                    "percent": true,
                    "delay": 180
                },
                {
                    "eventId": "d1movement2_1",
                    "stock": "ELAR",
                    "change": 1.0,
                    "percent": true,
                    "delay": 60
                },
                {
                    "eventId": "d1movement2_2",
                    "stock": "ELAR",
                    "change": 1.0,
                    "percent": true,
                    "delay": 120
                },
                {
                    "eventId": "d1movement2_3",
                    "stock": "ELAR",
                    "change": 1.0,
                    "percent": true,
                    "delay": 180
                }
            ],
            "earningsReport": [],
            "eventSequence": [
                {
                    "eventId": "d1article1",
                    "delay": 0
                },
                {
                    "eventId": "d1movement1_1",
                    "delay": 60
                },
                {
                    "eventId": "d1movement1_2",
                    "delay": 180
                },
                {
                    "eventId": "d1movement1_3",
                    "delay": 300
                },
                {
                    "eventId": "d1article2",
                    "delay": 10800
                },
                {
                    "eventId": "d1movement2_1",
                    "delay": 60
                },
                {
                    "eventId": "d1movement2_2",
                    "delay": 180
                },
                {
                    "eventId": "d1movement2_3",
                    "delay": 300
                }
            ]
        },
        {
            "number": 2,
            "articles": [
                {
                    "eventId": "d2article1",
                    "title": "Early Players Praise Vertex Legends' Pay-to-Win System",
                    "content": "Initial feedback from players who have purchased advantages in Vertex Legends is overwhelmingly positive. ElectroArts (ELAR) seems to have struck a balance that keeps paying players happy while providing significant revenue opportunities.",
                    "stocks": [
                        "ELAR"
                    ],
                    "author": "Passionate Paula",
                    "website": "Pixel Pundit"
                },
                {
                    "eventId": "d2article2",
                    "title": "Reports Surface of Non-Paying Players Quitting Vertex Legends",
                    "content": "As more players utilize the pay-to-win mechanics in Vertex Legends, reports are surfacing that non-paying players are quitting the game in frustration. This sentiment is spreading, causing concern among the community and investors.",
                    "stocks": [
                        "ELAR"
                    ],
                    "author": "Dramatic Dana",
                    "website": "Console Carnival"
                }
            ],
            "stockMovements": [
                {
                    "eventId": "d2movement1_1",
                    "stock": "ELAR",
                    "change": 0.75,
                    "percent": true,
                    "delay": 60
                },
                {
                    "eventId": "d2movement1_2",
                    "stock": "ELAR",
                    "change": 0.75,
                    "percent": true,
                    "delay": 120
                },
                {
                    "eventId": "d2movement1_3",
                    "stock": "ELAR",
                    "change": 0.5,
                    "percent": true,
                    "delay": 180
                },
                {
                    "eventId": "d2movement2_1",
                    "stock": "ELAR",
                    "change": -1.0,
                    "percent": true,
                    "delay": 60
                },
                {
                    "eventId": "d2movement2_2",
                    "stock": "ELAR",
                    "change": -1.0,
                    "percent": true,
                    "delay": 120
                },
                {
                    "eventId": "d2movement2_3",
                    "stock": "ELAR",
                    "change": -0.5,
                    "percent": true,
                    "delay": 180
                }
            ],
            "earningsReport": [],
            "eventSequence": [
                {
                    "eventId": "d2article1",
                    "delay": 0
                },
                {
                    "eventId": "d2movement1_1",
                    "delay": 60
                },
                {
                    "eventId": "d2movement1_2",
                    "delay": 180
                },
                {
                    "eventId": "d2movement1_3",
                    "delay": 300
                },
                {
                    "eventId": "d2article2",
                    "delay": 14400
                },
                {
                    "eventId": "d2movement2_1",
                    "delay": 60
                },
                {
                    "eventId": "d2movement2_2",
                    "delay": 180
                },
                {
                    "eventId": "d2movement2_3",
                    "delay": 300
                }
            ]
        },
        {
            "number": 3,
            "articles": [
                {
                    "eventId": "d3article1",
                    "title": "ElectroArts Addresses Vertex Legends Issues, Dissatisfaction Remains",
                    "content": "ElectroArts (ELAR) has addressed the concerns regarding the pay-to-win mechanics in Vertex Legends. However, player dissatisfaction remains high, and many are still choosing to leave the game.",
                    "stocks": [
                        "ELAR"
                    ],
                    "author": "Gary Glitch",
                    "website": "Silicon Circus"
                },
                {
                    "eventId": "d3article2",
                    "title": "Analysts Lower Growth Projections for ElectroArts",
                    "content": "In response to ongoing player dissatisfaction, analysts have lowered their growth projections for ElectroArts (ELAR). The stock has taken a sharp hit as investors react to the news.",
                    "stocks": [
                        "ELAR"
                    ],
                    "author": "Misty Bankroll",
                    "website": "Cash Clown"
                }
            ],
            "stockMovements": [
                {
                    "eventId": "d3movement1_1",
                    "stock": "ELAR",
                    "change": -1.0,
                    "percent": true,
                    "delay": 60
                },
                {
                    "eventId": "d3movement1_2",
                    "stock": "ELAR",
                    "change": -1.0,
                    "percent": true,
                    "delay": 120
                },
                {
                    "eventId": "d3movement1_3",
                    "stock": "ELAR",
                    "change": -1.0,
                    "percent": true,
                    "delay": 180
                },
                {
                    "eventId": "d3movement2_1",
                    "stock": "ELAR",
                    "change": -2.0,
                    "percent": true,
                    "delay": 60
                },
                {
                    "eventId": "d3movement2_2",
                    "stock": "ELAR",
                    "change": -1.0,
                    "percent": true,
                    "delay": 120
                },
                {
                    "eventId": "d3movement2_3",
                    "stock": "ELAR",
                    "change": -1.0,
                    "percent": true,
                    "delay": 180
                }
            ],
            "earningsReport": [],
            "eventSequence": [
                {
                    "eventId": "d3article1",
                    "delay": 0
                },
                {
                    "eventId": "d3movement1_1",
                    "delay": 60
                },
                {
                    "eventId": "d3movement1_2",
                    "delay": 180
                },
                {
                    "eventId": "d3movement1_3",
                    "delay": 300
                },
                {
                    "eventId": "d3article2",
                    "delay": 10800
                },
                {
                    "eventId": "d3movement2_1",
                    "delay": 60
                },
                {
                    "eventId": "d3movement2_2",
                    "delay": 180
                },
                {
                    "eventId": "d3movement2_3",
                    "delay": 300
                }
            ]
        }
    ],
    "categories": [
        "gaming",
        "stock_fluctuations"
    ],
    "timeFrame": 3
}