{
    "id": "electro_arts_adds_ads_to_in_game_loading_screens",
    "title": "ElectroArts Adds Ads to In-Game Loading Screens",
    "canRepeat": false,
    "description": "Reports have emerged that ElectroArts has started adding ads to in-game loading screens, a decision justified by the company as an 'enhanced player experience.' The initial player dissatisfaction is causing concern among investors, although analysts predict minimal long-term impact.",
    "days": [
        {
            "number": 1,
            "articles": [
                {
                    "eventId": "d1article1",
                    "title": "ElectroArts Adds Ads to In-Game Loading Screens",
                    "content": "ElectroArts (ELAR) has begun implementing advertisements in in-game loading screens. The move, aimed at generating additional revenue, has caught players off guard. Many loyal fans expressed their disappointment, arguing that the ads disrupt the gameplay experience. Social media platforms are abuzz with mixed reactions, and the initial market response has been negative.",
                    "stocks": [
                        "ELAR"
                    ],
                    "author": "Silly Sam",
                    "website": "Gamer Giggles"
                }
            ],
            "stockMovements": [
                {
                    "eventId": "d1movement5",
                    "stock": "ELAR",
                    "change": 0.5,
                    "percent": true,
                    "delay": 90
                },
                {
                    "eventId": "d1movement6",
                    "stock": "ELAR",
                    "change": 0.5,
                    "percent": true,
                    "delay": 120
                },
                {
                    "eventId": "d1movement7",
                    "stock": "ELAR",
                    "change": 0.5,
                    "percent": true,
                    "delay": 150
                }
            ],
            "earningsReport": [],
            "eventSequence": [
                {
                    "eventId": "d1article1",
                    "delay": 0
                },
                {
                    "eventId": "d1movement1",
                    "delay": 120
                },
                {
                    "eventId": "d1movement2",
                    "delay": 180
                },
                {
                    "eventId": "d1movement3",
                    "delay": 240
                },
                {
                    "eventId": "d1movement4",
                    "delay": 300
                },
                {
                    "eventId": "d1article2",
                    "delay": 10800
                },
                {
                    "eventId": "d1movement5",
                    "delay": 90
                },
                {
                    "eventId": "d1movement6",
                    "delay": 120
                },
                {
                    "eventId": "d1movement7",
                    "delay": 150
                }
            ]
        },
        {
            "number": 2,
            "articles": [
                {
                    "eventId": "d2article1",
                    "title": "Player Dissatisfaction Grows with In-Game Ads",
                    "content": "Reports of player dissatisfaction with ElectroArts (ELAR) continue to grow as more gamers express their frustration over the newly implemented ads in loading screens. Numerous threads on gaming forums and social media platforms highlight the negative impact these ads have on the overall gameplay experience. 'It breaks immersion and feels greedy,' one player remarked. The negativity surrounding the decision has led to increased concern among investors.",
                    "stocks": [
                        "ELAR"
                    ],
                    "author": "Dramatic Dana",
                    "website": "Console Carnival"
                }
            ],
            "stockMovements": [
                {
                    "eventId": "d2movement6",
                    "stock": "ELAR",
                    "change": 0.5,
                    "percent": true,
                    "delay": 120
                },
                {
                    "eventId": "d2movement7",
                    "stock": "ELAR",
                    "change": 0.5,
                    "percent": true,
                    "delay": 150
                }
            ],
            "earningsReport": [],
            "eventSequence": [
                {
                    "eventId": "d2article1",
                    "delay": 0
                },
                {
                    "eventId": "d2movement1",
                    "delay": 150
                },
                {
                    "eventId": "d2movement2",
                    "delay": 180
                },
                {
                    "eventId": "d2movement3",
                    "delay": 210
                },
                {
                    "eventId": "d2movement4",
                    "delay": 240
                },
                {
                    "eventId": "d2movement5",
                    "delay": 270
                },
                {
                    "eventId": "d2article2",
                    "delay": 14400
                },
                {
                    "eventId": "d2movement6",
                    "delay": 120
                },
                {
                    "eventId": "d2movement7",
                    "delay": 150
                }
            ]
        }
    ],
    "categories": [
        "ads",
        "stock_movement",
        "gaming"
    ],
    "timeFrame": 2
}