{
    "id": "electro_arts_acquires_indie_game_studio_rebrands_with_ads",
    "title": "ElectroArts Acquires Indie Game Studio, Rebrands with Ads",
    "canRepeat": false,
    "description": "ElectroArts (ELAR) acquires an indie game studio and plans to rebrand their games with ads, leading to varied market reactions.",
    "days": [
        {
            "number": 1,
            "articles": [
                {
                    "eventId": "d1article1",
                    "title": "Rumors Swirl of ElectroArts Acquiring Indie Game Studio",
                    "content": "The gaming industry is abuzz with rumors that ElectroArts (ELAR) is on the verge of acquiring a popular indie game studio. According to sources close to the matter, the move aims to integrate ad placements within the games, a strategy that could significantly boost ad revenue for the gaming giant. Despite the lack of an official announcement, the speculation alone has caused a stir among investors, who are optimistic about the financial potential of this move.",
                    "stocks": [
                        "ELAR"
                    ],
                    "author": "Dramatic Dana",
                    "website": "Console Carnival"
                }
            ],
            "stockMovements": [
                {
                    "eventId": "d1movement1",
                    "stock": "ELAR",
                    "change": 0.7,
                    "percent": true
                },
                {
                    "eventId": "d1movement2",
                    "stock": "ELAR",
                    "change": 0.7,
                    "percent": true
                },
                {
                    "eventId": "d1movement3",
                    "stock": "ELAR",
                    "change": 0.6,
                    "percent": true
                }
            ],
            "earningsReport": [],
            "eventSequence": [
                {
                    "eventId": "d1article1",
                    "delay": 0
                },
                {
                    "eventId": "d1movement1",
                    "delay": 100
                },
                {
                    "eventId": "d1movement2",
                    "delay": 100
                },
                {
                    "eventId": "d1movement3",
                    "delay": 200
                }
            ]
        },
        {
            "number": 1,
            "articles": [
                {
                    "eventId": "d1article2",
                    "title": "ElectroArts Confirms Acquisition, Eyes Ad Revenue Growth",
                    "content": "ElectroArts (ELAR) has officially confirmed the acquisition of the indie game studio, a decision that has been met with mixed reactions from gamers but strong support from investors. The rebranding strategy will see ads integrated into the studio\u2019s existing and upcoming titles, which ElectroArts believes will unlock significant new revenue streams. The CEO said, 'This acquisition not only expands our portfolio but also opens up new opportunities for ad-based monetization in a market that is increasingly competitive.'",
                    "stocks": [
                        "ELAR"
                    ],
                    "author": "Peter Processor",
                    "website": "Silicon Circus"
                }
            ],
            "stockMovements": [
                {
                    "eventId": "d1movement4",
                    "stock": "ELAR",
                    "change": 0.9,
                    "percent": true
                },
                {
                    "eventId": "d1movement5",
                    "stock": "ELAR",
                    "change": 0.8,
                    "percent": true
                },
                {
                    "eventId": "d1movement6",
                    "stock": "ELAR",
                    "change": 0.8,
                    "percent": true
                }
            ],
            "earningsReport": [],
            "eventSequence": [
                {
                    "eventId": "d1article2",
                    "delay": 6800
                },
                {
                    "eventId": "d1movement4",
                    "delay": 120
                },
                {
                    "eventId": "d1movement5",
                    "delay": 120
                },
                {
                    "eventId": "d1movement6",
                    "delay": 160
                }
            ]
        },
        {
            "number": 2,
            "articles": [
                {
                    "eventId": "d2article1",
                    "title": "Analysts Praise ElectroArts' Strategic Acquisition",
                    "content": "Analysts have praised ElectroArts (ELAR) for its strategic acquisition of the indie game studio, highlighting the potential for significant growth despite some initial skepticism from the gaming community. Market analysts have noted that the incorporation of ads could provide a steady and growing revenue stream, particularly in the highly competitive gaming industry. The move is seen as a smart play to diversify ElectroArts' income while expanding its influence in the gaming world. One analyst remarked, 'This acquisition positions ElectroArts well for future growth, leveraging the popularity of indie games combined with the monetization power of ads.'",
                    "stocks": [
                        "ELAR"
                    ],
                    "author": "Polly Profit",
                    "website": "Bull and Bear Circus"
                }
            ],
            "stockMovements": [
                {
                    "eventId": "d2movement1",
                    "stock": "ELAR",
                    "change": 1.0,
                    "percent": true
                },
                {
                    "eventId": "d2movement2",
                    "stock": "ELAR",
                    "change": 1.0,
                    "percent": true
                },
                {
                    "eventId": "d2movement3",
                    "stock": "ELAR",
                    "change": 1.0,
                    "percent": true
                }
            ],
            "earningsReport": [],
            "eventSequence": [
                {
                    "eventId": "d2article1",
                    "delay": 0
                },
                {
                    "eventId": "d2movement1",
                    "delay": 150
                },
                {
                    "eventId": "d2movement2",
                    "delay": 150
                },
                {
                    "eventId": "d2movement3",
                    "delay": 180
                }
            ]
        },
        {
            "number": 2,
            "articles": [
                {
                    "eventId": "d2article2",
                    "title": "Early Collaboration Details Excite Investors",
                    "content": "ElectroArts (ELAR) has provided early details on its collaboration with the newly acquired indie game studio, and the news has excited investors. The company plans to leverage the studio\u2019s creative talent to develop new game titles while integrating innovative ad solutions. This dual focus aims to boost both player engagement and ad revenue. The announcement has bolstered investor confidence, with one saying, 'This collaboration could redefine ad integration in gaming, significantly increasing both engagement and profitability.' The stock's upward momentum reflects the market's optimism about the long-term potential of this strategic acquisition.",
                    "stocks": [
                        "ELAR"
                    ],
                    "author": "Epic Eric",
                    "website": "Console Carnival"
                }
            ],
            "stockMovements": [
                {
                    "eventId": "d2movement4",
                    "stock": "ELAR",
                    "change": 0.9,
                    "percent": true
                },
                {
                    "eventId": "d2movement5",
                    "stock": "ELAR",
                    "change": 0.8,
                    "percent": true
                },
                {
                    "eventId": "d2movement6",
                    "stock": "ELAR",
                    "change": 0.8,
                    "percent": true
                }
            ],
            "earningsReport": [],
            "eventSequence": [
                {
                    "eventId": "d2article2",
                    "delay": 14400
                },
                {
                    "eventId": "d2movement4",
                    "delay": 100
                },
                {
                    "eventId": "d2movement5",
                    "delay": 100
                },
                {
                    "eventId": "d2movement6",
                    "delay": 140
                }
            ]
        }
    ],
    "categories": [
        "acquisition",
        "gaming"
    ],
    "timeFrame": 2
}