{
    "id": "electroarts_nft_integration_controversy",
    "title": "ElectroArts Faces Backlash Over NFT Integration",
    "canRepeat": false,
    "description": "Reports of ElectroArts integrating NFTs into popular games cause controversy amongst gamers and environmental groups leading to fluctuations in stock price.",
    "days": [
        {
            "number": 1,
            "articles": [
                {
                    "eventId": "d1article1",
                    "title": "ElectroArts Causes Stir with NFT Integration",
                    "content": "ElectroArts (ELAR) has generated significant controversy among gamers and environmentalists after announcing the integration of NFTs (Non-Fungible Tokens) into their popular games. The announcement led to a considerable backlash, with many arguing that the move is a blatant cash grab that comes at a high environmental cost.",
                    "stocks": [
                        "ELAR"
                    ],
                    "author": "Betty Bungle",
                    "website": "CashClown.com"
                },
                {
                    "eventId": "d1article2",
                    "title": "ElectroArts Defends NFT Move, Calls It 'The Future of Gaming'",
                    "content": "In response to the recent uproar, ElectroArts (ELAR) has issued a statement defending their decision to integrate NFTs into their games. The company emphasized the potential that NFTs have to revolutionize the gaming industry, promising unique digital ownership experiences that benefit both players and creators. 'We believe NFTs are the future of gaming, offering infinite possibilities for customization and monetization,' said CEO John Doe.",
                    "stocks": [
                        "ELAR"
                    ],
                    "author": "Polly Profit",
                    "website": "BullAndBearCircus.com"
                },
                {
                    "eventId": "d1article3",
                    "title": "Further Backlash as Environmental Concerns Rise Over NFTs",
                    "content": "Following the defense statement from ElectroArts (ELAR), backlash from the gaming community and environmental groups intensified. Critics argue that NFTs, which are blockchain-based, have a significant carbon footprint and are harmful to the environment. Many gamers have taken to social media to voice their discontent, urging the company to reconsider their stance on NFTs.",
                    "stocks": [
                        "ELAR"
                    ],
                    "author": "Timmy Tumble",
                    "website": "BullAndBearCircus.com"
                },
                {
                    "eventId": "d1article4",
                    "title": "Analysts Predict Limited Long-Term Impact of NFT Controversy",
                    "content": "Despite the controversy, market analysts predict that the fallout from ElectroArts' (ELAR) NFT integration will have limited long-term impact on the company's stock. While there may be immediate fluctuations, the overall health of the company and its diverse portfolio suggests a stable future. 'The initial backlash is concerning, but we believe that ElectroArts will manage to navigate through this storm,' said financial analyst Sarah Green.",
                    "stocks": [
                        "ELAR"
                    ],
                    "author": "Freddy Fortune",
                    "website": "MoolahMisfits.com"
                }
            ],
            "stockMovements": [
                {
                    "eventId": "d1movement1",
                    "stock": "ELAR",
                    "change": -1.0,
                    "percent": true,
                    "delay": 100
                },
                {
                    "eventId": "d1movement2",
                    "stock": "ELAR",
                    "change": -1.0,
                    "percent": true,
                    "delay": 120
                },
                {
                    "eventId": "d1movement3",
                    "stock": "ELAR",
                    "change": -1.0,
                    "percent": true,
                    "delay": 80
                },
                {
                    "eventId": "d1movement4",
                    "stock": "ELAR",
                    "change": 0.5,
                    "percent": true,
                    "delay": 60
                },
                {
                    "eventId": "d1movement5",
                    "stock": "ELAR",
                    "change": 0.5,
                    "percent": true,
                    "delay": 80
                },
                {
                    "eventId": "d1movement6",
                    "stock": "ELAR",
                    "change": 0.5,
                    "percent": true,
                    "delay": 60
                },
                {
                    "eventId": "d1movement7",
                    "stock": "ELAR",
                    "change": -1.0,
                    "percent": true,
                    "delay": 100
                },
                {
                    "eventId": "d1movement8",
                    "stock": "ELAR",
                    "change": -1.0,
                    "percent": true,
                    "delay": 120
                },
                {
                    "eventId": "d1movement9",
                    "stock": "ELAR",
                    "change": -0.5,
                    "percent": true,
                    "delay": 80
                },
                {
                    "eventId": "d1movement10",
                    "stock": "ELAR",
                    "change": 0.5,
                    "percent": true,
                    "delay": 60
                },
                {
                    "eventId": "d1movement11",
                    "stock": "ELAR",
                    "change": 0.5,
                    "percent": true,
                    "delay": 60
                }
            ],
            "earningsReport": [],
            "eventSequence": [
                {
                    "eventId": "d1article1",
                    "delay": 3600
                },
                {
                    "eventId": "d1movement1",
                    "delay": 300
                },
                {
                    "eventId": "d1movement2",
                    "delay": 300
                },
                {
                    "eventId": "d1movement3",
                    "delay": 300
                },
                {
                    "eventId": "d1article2",
                    "delay": 3600
                },
                {
                    "eventId": "d1movement4",
                    "delay": 300
                },
                {
                    "eventId": "d1movement5",
                    "delay": 300
                },
                {
                    "eventId": "d1movement6",
                    "delay": 300
                },
                {
                    "eventId": "d1article3",
                    "delay": 3600
                },
                {
                    "eventId": "d1movement7",
                    "delay": 300
                },
                {
                    "eventId": "d1movement8",
                    "delay": 300
                },
                {
                    "eventId": "d1movement9",
                    "delay": 300
                },
                {
                    "eventId": "d1article4",
                    "delay": 3600
                },
                {
                    "eventId": "d1movement10",
                    "delay": 300
                },
                {
                    "eventId": "d1movement11",
                    "delay": 300
                }
            ]
        }
    ],
    "categories": [
        "gaming",
        "technology"
    ],
    "timeFrame": 1
}