{
    "id": "mepsi_smart_beverage_partnership",
    "title": "Mepsi Partners with Major Tech Company for Smart Beverage Dispensers",
    "canRepeat": false,
    "description": "Mepsi partners with a major tech company to develop smart beverage dispensers, resulting in fluctuating stock movements over three days.",
    "days": [
        {
            "number": 1,
            "articles": [
                {
                    "eventId": "d1article1",
                    "title": "Mysterious Partnership Boosts Mepsi Stock",
                    "content": "Rumors are swirling that Mepsi (MPSI) is partnering with an undisclosed major tech company to develop cutting-edge smart beverage dispensers. The potential for such innovation has sent ripples through the market, with Mepsi's stock price seeing an initial boost as investors scramble for a piece of the action.",
                    "stocks": [
                        "MPSI"
                    ],
                    "author": "Freddy Fortune",
                    "website": "Moolah Misfits"
                },
                {
                    "eventId": "d1article2",
                    "title": "Mepsi Confirms Game-Changing Partnership",
                    "content": "Mepsi (MPSI) has officially confirmed the rumors of its partnership with a major tech company. The collaboration aims to revolutionize the beverage industry with smart dispensers that could change the way consumers interact with their favorite drinks. The announcement has generated significant buzz, and the market is reacting positively as the potential for innovation becomes tangible.",
                    "stocks": [
                        "MPSI"
                    ],
                    "author": "Polly Profit",
                    "website": "Bull and Bear Circus"
                }
            ],
            "stockMovements": [
                {
                    "eventId": "d1movement1",
                    "stock": "MPSI",
                    "change": 0.5,
                    "percent": true,
                    "delay": 200
                },
                {
                    "eventId": "d1movement2",
                    "stock": "MPSI",
                    "change": 0.5,
                    "percent": true,
                    "delay": 300
                },
                {
                    "eventId": "d1movement3",
                    "stock": "MPSI",
                    "change": 0.5,
                    "percent": true,
                    "delay": 400
                },
                {
                    "eventId": "d1movement4",
                    "stock": "MPSI",
                    "change": 0.5,
                    "percent": true,
                    "delay": 500
                },
                {
                    "eventId": "d1movement5",
                    "stock": "MPSI",
                    "change": 0.5,
                    "percent": true,
                    "delay": 600
                },
                {
                    "eventId": "d1movement6",
                    "stock": "MPSI",
                    "change": 1.0,
                    "percent": true,
                    "delay": 2000
                },
                {
                    "eventId": "d1movement7",
                    "stock": "MPSI",
                    "change": 1.0,
                    "percent": true,
                    "delay": 3000
                }
            ],
            "earningsReport": [],
            "eventSequence": [
                {
                    "eventId": "d1article1",
                    "delay": 0
                },
                {
                    "eventId": "d1movement1",
                    "delay": 100
                },
                {
                    "eventId": "d1movement2",
                    "delay": 150
                },
                {
                    "eventId": "d1movement3",
                    "delay": 250
                },
                {
                    "eventId": "d1movement4",
                    "delay": 300
                },
                {
                    "eventId": "d1movement5",
                    "delay": 400
                },
                {
                    "eventId": "d1movement6",
                    "delay": 2000
                },
                {
                    "eventId": "d1movement7",
                    "delay": 3000
                },
                {
                    "eventId": "d1article2",
                    "delay": 6951
                }
            ]
        },
        {
            "number": 2,
            "articles": [
                {
                    "eventId": "d2article1",
                    "title": "Positive Vibes Around Mepsi's Smart Dispenser",
                    "content": "Early feedback on Mepsi's (MPSI) newly announced smart beverage dispensers has been overwhelmingly positive. Tech enthusiasts and industry insiders are praising the innovative features and potential convenience of the new product. As a result, Mepsi's stock continues to rise as investor confidence grows.",
                    "stocks": [
                        "MPSI"
                    ],
                    "author": "Gina Gadget",
                    "website": "Tech Tattler"
                },
                {
                    "eventId": "d2article2",
                    "title": "Technical Hiccups in Mepsi's New Venture",
                    "content": "Despite the positive early reception, reports have emerged highlighting technical challenges in the development of Mepsi's (MPSI) smart beverage dispensers. These hiccups have caused concern among investors, leading to a slight dip in the stock price as the market reevaluates the short-term prospects of the project. However, there remains hope for a swift resolution to these issues.",
                    "stocks": [
                        "MPSI"
                    ],
                    "author": "Misty Bankroll",
                    "website": "Cash Clown"
                }
            ],
            "stockMovements": [
                {
                    "eventId": "d2movement1",
                    "stock": "MPSI",
                    "change": 0.5,
                    "percent": true,
                    "delay": 100
                },
                {
                    "eventId": "d2movement2",
                    "stock": "MPSI",
                    "change": 0.5,
                    "percent": true,
                    "delay": 200
                },
                {
                    "eventId": "d2movement3",
                    "stock": "MPSI",
                    "change": 0.5,
                    "percent": true,
                    "delay": 300
                },
                {
                    "eventId": "d2movement4",
                    "stock": "MPSI",
                    "change": 0.5,
                    "percent": true,
                    "delay": 400
                },
                {
                    "eventId": "d2movement5",
                    "stock": "MPSI",
                    "change": 0.5,
                    "percent": true,
                    "delay": 500
                },
                {
                    "eventId": "d2movement6",
                    "stock": "MPSI",
                    "change": 0.5,
                    "percent": true,
                    "delay": 2000
                },
                {
                    "eventId": "d2movement7",
                    "stock": "MPSI",
                    "change": 0.5,
                    "percent": true,
                    "delay": 3000
                },
                {
                    "eventId": "d2movement8",
                    "stock": "MPSI",
                    "change": -0.5,
                    "percent": true,
                    "delay": 5000
                },
                {
                    "eventId": "d2movement9",
                    "stock": "MPSI",
                    "change": -0.5,
                    "percent": true,
                    "delay": 6000
                },
                {
                    "eventId": "d2movement10",
                    "stock": "MPSI",
                    "change": -0.5,
                    "percent": true,
                    "delay": 7000
                },
                {
                    "eventId": "d2movement11",
                    "stock": "MPSI",
                    "change": -0.5,
                    "percent": true,
                    "delay": 8000
                }
            ],
            "earningsReport": [],
            "eventSequence": [
                {
                    "eventId": "d2article1",
                    "delay": 0
                },
                {
                    "eventId": "d2movement1",
                    "delay": 100
                },
                {
                    "eventId": "d2movement2",
                    "delay": 200
                },
                {
                    "eventId": "d2movement3",
                    "delay": 300
                },
                {
                    "eventId": "d2movement4",
                    "delay": 400
                },
                {
                    "eventId": "d2movement5",
                    "delay": 500
                },
                {
                    "eventId": "d2movement6",
                    "delay": 2000
                },
                {
                    "eventId": "d2movement7",
                    "delay": 3000
                },
                {
                    "eventId": "d2article2",
                    "delay": 7771
                },
                {
                    "eventId": "d2movement8",
                    "delay": 100
                },
                {
                    "eventId": "d2movement9",
                    "delay": 200
                },
                {
                    "eventId": "d2movement10",
                    "delay": 300
                },
                {
                    "eventId": "d2movement11",
                    "delay": 400
                }
            ]
        },
        {
            "number": 3,
            "articles": [
                {
                    "eventId": "d3article1",
                    "title": "Mepsi Tries to Fix Smart Dispenser Issues",
                    "content": "In response to the recent technical challenges, Mepsi (MPSI) has issued a statement addressing the problems and outlining their plans to resolve them. While the company is taking steps to fix the issues, some skepticism remains among investors as the long-term viability of the smart beverage dispensers is questioned.",
                    "stocks": [
                        "MPSI"
                    ],
                    "author": "Carl Calamity",
                    "website": "Moolah Misfits"
                },
                {
                    "eventId": "d3article2",
                    "title": "Analysts See Silver Lining in Mepsi's Tech Troubles",
                    "content": "Despite the current hurdles, analysts predict that Mepsi's (MPSI) foray into smart beverage dispensers could yield long-term benefits. While the stock remains volatile for now, there is optimism that with consistent improvements, the product could redefine consumer experience in the beverage industry. Mepsi's ability to innovate and adapt might eventually lead to significant market gains.",
                    "stocks": [
                        "MPSI"
                    ],
                    "author": "Loony Larry",
                    "website": "Industry Insanity"
                }
            ],
            "stockMovements": [
                {
                    "eventId": "d3movement1",
                    "stock": "MPSI",
                    "change": -0.5,
                    "percent": true,
                    "delay": 200
                },
                {
                    "eventId": "d3movement2",
                    "stock": "MPSI",
                    "change": -0.5,
                    "percent": true,
                    "delay": 300
                },
                {
                    "eventId": "d3movement3",
                    "stock": "MPSI",
                    "change": -0.5,
                    "percent": true,
                    "delay": 400
                },
                {
                    "eventId": "d3movement4",
                    "stock": "MPSI",
                    "change": -0.5,
                    "percent": true,
                    "delay": 500
                },
                {
                    "eventId": "d3movement5",
                    "stock": "MPSI",
                    "change": -0.5,
                    "percent": true,
                    "delay": 600
                },
                {
                    "eventId": "d3movement6",
                    "stock": "MPSI",
                    "change": 0.5,
                    "percent": true,
                    "delay": 1000
                },
                {
                    "eventId": "d3movement7",
                    "stock": "MPSI",
                    "change": 0.5,
                    "percent": true,
                    "delay": 2000
                },
                {
                    "eventId": "d3movement8",
                    "stock": "MPSI",
                    "change": 0.5,
                    "percent": true,
                    "delay": 3000
                }
            ],
            "earningsReport": [],
            "eventSequence": [
                {
                    "eventId": "d3article1",
                    "delay": 0
                },
                {
                    "eventId": "d3movement1",
                    "delay": 100
                },
                {
                    "eventId": "d3movement2",
                    "delay": 200
                },
                {
                    "eventId": "d3movement3",
                    "delay": 300
                },
                {
                    "eventId": "d3movement4",
                    "delay": 400
                },
                {
                    "eventId": "d3movement5",
                    "delay": 500
                },
                {
                    "eventId": "d3article2",
                    "delay": 7799
                },
                {
                    "eventId": "d3movement6",
                    "delay": 100
                },
                {
                    "eventId": "d3movement7",
                    "delay": 200
                },
                {
                    "eventId": "d3movement8",
                    "delay": 300
                }
            ]
        }
    ],
    "categories": [
        "innovation",
        "partnerships",
        "beverage industry",
        "technology"
    ],
    "timeFrame": 3
}