{
    "id": "mepsi_faces_recall_due_to_contaminated_batch",
    "title": "Mepsi Faces Recall Due to Contaminated Batch",
    "canRepeat": false,
    "description": "Mepsi (MPSI) recalls a batch of Mepsi Cola due to contamination, causing a drop in stock price as investors react to the news.",
    "days": [
        {
            "number": 1,
            "articles": [
                {
                    "eventId": "d1article1",
                    "title": "Mepsi Recalls Contaminated Mepsi Cola Batch",
                    "content": "In an unexpected turn of events, Mepsi (MPSI) announced a significant recall of its Mepsi Cola due to contamination. The news quickly spread, creating a ripple effect through the markets. Investors and consumers alike are expressing concerns over the safety and quality control measures at Mepsi. This contamination incident has resulted in immediate action from the company, although the damage to its reputation might be long-standing.",
                    "stocks": [
                        "MPSI"
                    ],
                    "author": "Crazy Carla",
                    "website": "Industry Insanity"
                },
                {
                    "eventId": "d1article2",
                    "title": "Mepsi Acknowledges Recall and Promises Swift Action",
                    "content": "Two hours after the initial report, Mepsi (MPSI) officially acknowledged the recall of its Mepsi Cola batches suspected of contamination. Company officials stated that they are working on a quick resolution to address the issue. Despite this, the acknowledgement has only exacerbated investor fears as Mepsi grapples with potential fallout from this crisis.",
                    "stocks": [
                        "MPSI"
                    ],
                    "author": "Sally Shortsell",
                    "website": "Bull and Bear Circus"
                },
                {
                    "eventId": "d1article3",
                    "title": "Analysts Predict Financial Impact from Mepsi Recall",
                    "content": "Four hours post-recall acknowledgement, industry analysts have started to weigh in on the potential financial repercussions for Mepsi (MPSI). Early predictions indicate that the company might face substantial financial losses, coupled with a dip in consumer trust. This has further weakened investor confidence, leading to additional declines in Mepsi's stock price as the market reacts negatively to these forecasts.",
                    "stocks": [
                        "MPSI"
                    ],
                    "author": "Wacky Walter",
                    "website": "Industry Insanity"
                }
            ],
            "stockMovements": [
                {
                    "eventId": "d1movement1",
                    "stock": "MPSI",
                    "change": -1.0,
                    "percent": true,
                    "delay": 120
                },
                {
                    "eventId": "d1movement2",
                    "stock": "MPSI",
                    "change": -1.0,
                    "percent": true,
                    "delay": 180
                },
                {
                    "eventId": "d1movement3",
                    "stock": "MPSI",
                    "change": -1.0,
                    "percent": true,
                    "delay": 240
                },
                {
                    "eventId": "d1movement4",
                    "stock": "MPSI",
                    "change": -0.5,
                    "percent": true,
                    "delay": 180
                },
                {
                    "eventId": "d1movement5",
                    "stock": "MPSI",
                    "change": -0.5,
                    "percent": true,
                    "delay": 210
                },
                {
                    "eventId": "d1movement6",
                    "stock": "MPSI",
                    "change": -0.5,
                    "percent": true,
                    "delay": 240
                },
                {
                    "eventId": "d1movement7",
                    "stock": "MPSI",
                    "change": -1.0,
                    "percent": true,
                    "delay": 240
                },
                {
                    "eventId": "d1movement8",
                    "stock": "MPSI",
                    "change": -1.0,
                    "percent": true,
                    "delay": 270
                },
                {
                    "eventId": "d1movement9",
                    "stock": "MPSI",
                    "change": -0.75,
                    "percent": true,
                    "delay": 300
                },
                {
                    "eventId": "d1movement10",
                    "stock": "MPSI",
                    "change": -0.75,
                    "percent": true,
                    "delay": 330
                }
            ],
            "earningsReport": [],
            "eventSequence": [
                {
                    "eventId": "d1article1",
                    "delay": 3600
                },
                {
                    "eventId": "d1movement1",
                    "delay": 300
                },
                {
                    "eventId": "d1movement2",
                    "delay": 300
                },
                {
                    "eventId": "d1movement3",
                    "delay": 300
                },
                {
                    "eventId": "d1article2",
                    "delay": 3600
                },
                {
                    "eventId": "d1movement4",
                    "delay": 300
                },
                {
                    "eventId": "d1movement5",
                    "delay": 300
                },
                {
                    "eventId": "d1movement6",
                    "delay": 300
                },
                {
                    "eventId": "d1article3",
                    "delay": 3600
                },
                {
                    "eventId": "d1movement7",
                    "delay": 300
                },
                {
                    "eventId": "d1movement8",
                    "delay": 300
                },
                {
                    "eventId": "d1movement9",
                    "delay": 300
                },
                {
                    "eventId": "d1movement10",
                    "delay": 300
                }
            ]
        }
    ],
    "categories": [
        "product_recall",
        "financial_impact"
    ],
    "timeFrame": 1
}