{
    "id": "mepsi_expands_powerrade_lineup",
    "title": "Mepsi Expands Powerrade Lineup",
    "canRepeat": false,
    "description": "Mepsi expands its Powerrade lineup with new flavors, boosting investor confidence.",
    "days": [
        {
            "number": 1,
            "articles": [
                {
                    "eventId": "d1article1",
                    "title": "Rumors of Mepsi Expanding Powerrade Lineup",
                    "content": "Rumors are swirling that Mepsi (MPSI) is set to expand its popular Powerrade lineup with exciting new flavors. This potential move has sparked a lot of interest and curiosity among consumers and investors alike, with many anticipating a positive impact on the market.\n\nSources close to the company hint that the new flavors will include a range of exotic and refreshing options designed to cater to diverse tastes. This strategic expansion is seen as a way for Mepsi to solidify its position in the competitive beverage industry.",
                    "stocks": [
                        "MPSI"
                    ],
                    "author": "Trendy Tina",
                    "website": "TrendTribune.com"
                }
            ],
            "stockMovements": [
                {
                    "eventId": "d1movement1",
                    "stock": "MPSI",
                    "change": 0.5,
                    "percent": true
                },
                {
                    "eventId": "d1movement2",
                    "stock": "MPSI",
                    "change": 0.5,
                    "percent": true
                },
                {
                    "eventId": "d1movement3",
                    "stock": "MPSI",
                    "change": 0.5,
                    "percent": true
                },
                {
                    "eventId": "d1movement4",
                    "stock": "MPSI",
                    "change": 0.5,
                    "percent": true
                }
            ],
            "eventSequence": [
                {
                    "eventId": "d1article1",
                    "delay": 0
                },
                {
                    "eventId": "d1movement1",
                    "delay": 100
                },
                {
                    "eventId": "d1movement2",
                    "delay": 150
                },
                {
                    "eventId": "d1movement3",
                    "delay": 100
                },
                {
                    "eventId": "d1movement4",
                    "delay": 150
                },
                {
                    "eventId": "d1article2",
                    "delay": 6700
                }
            ]
        },
        {
            "number": 1,
            "articles": [
                {
                    "eventId": "d1article2",
                    "title": "Mepsi Confirms Powerrade Lineup Expansion",
                    "content": "In an exciting turn of events, Mepsi (MPSI) has officially confirmed the expansion of its Powerrade lineup, showcasing a variety of new flavors. This announcement has generated a buzz among consumers and investors, eager to see what this innovative company has in store.\n\nThe new flavors are presented as exotic and refreshing, promising to cater to a wide range of taste preferences. This strategic move by Mepsi is seen as a calculated effort to strengthen its foothold in the highly competitive beverage market and appeal to health-conscious consumers.\n\nInvestors have reacted positively to the news, with many considering this expansion as a potential catalyst for future growth and increased market share. The anticipation surrounding the new Powerrade lineup suggests a bright future ahead for Mepsi.",
                    "stocks": [
                        "MPSI"
                    ],
                    "author": "Fad Fred",
                    "website": "TrendTribune.com"
                }
            ],
            "stockMovements": [
                {
                    "eventId": "d1movement5",
                    "stock": "MPSI",
                    "change": 0.5,
                    "percent": true
                },
                {
                    "eventId": "d1movement6",
                    "stock": "MPSI",
                    "change": 0.5,
                    "percent": true
                },
                {
                    "eventId": "d1movement7",
                    "stock": "MPSI",
                    "change": 0.5,
                    "percent": true
                },
                {
                    "eventId": "d1movement8",
                    "stock": "MPSI",
                    "change": 0.5,
                    "percent": true
                }
            ],
            "eventSequence": [
                {
                    "eventId": "d1article2",
                    "delay": 0
                },
                {
                    "eventId": "d1movement5",
                    "delay": 300
                },
                {
                    "eventId": "d1movement6",
                    "delay": 400
                },
                {
                    "eventId": "d1movement7",
                    "delay": 300
                },
                {
                    "eventId": "d1movement8",
                    "delay": 400
                }
            ]
        },
        {
            "number": 2,
            "articles": [
                {
                    "eventId": "d2article1",
                    "title": "Analysts Praise Mepsi's Powerrade Expansion Strategy",
                    "content": "Following the confirmation of Mepsi (MPSI) expanding its Powerrade lineup with a slew of new flavors, industry analysts are singing praises for the beverage giant's strategic move. The general consensus is that this expansion is poised to yield substantial market growth and significantly boost Mepsi's market presence.\n\nAnalysts highlight that when it comes to retaining brand loyalty and attracting new consumers, variety of flavor plays a crucial role. Mepsi's decision to introduce a diverse range of Powerrade flavors is anticipated to cater well to market demands. Furthermore, they predict a notable increase in Mepsi's market share in the sports beverage sector.\n\nThis optimistic analysis has resonated well with investors, showcasing a rising trend in stock prices and forecasting a bright future for the company.",
                    "stocks": [
                        "MPSI"
                    ],
                    "author": "Greta Gamble",
                    "website": "Bull and Bear Circus"
                }
            ],
            "stockMovements": [
                {
                    "eventId": "d2movement1",
                    "stock": "MPSI",
                    "change": 0.5,
                    "percent": true
                },
                {
                    "eventId": "d2movement2",
                    "stock": "MPSI",
                    "change": 0.5,
                    "percent": true
                },
                {
                    "eventId": "d2movement3",
                    "stock": "MPSI",
                    "change": 0.5,
                    "percent": true
                },
                {
                    "eventId": "d2movement4",
                    "stock": "MPSI",
                    "change": 0.5,
                    "percent": true
                },
                {
                    "eventId": "d2movement5",
                    "stock": "MPSI",
                    "change": 0.5,
                    "percent": true
                }
            ],
            "eventSequence": [
                {
                    "eventId": "d2article1",
                    "delay": 0
                },
                {
                    "eventId": "d2movement1",
                    "delay": 200
                },
                {
                    "eventId": "d2movement2",
                    "delay": 300
                },
                {
                    "eventId": "d2movement3",
                    "delay": 200
                },
                {
                    "eventId": "d2movement4",
                    "delay": 400
                },
                {
                    "eventId": "d2movement5",
                    "delay": 300
                },
                {
                    "eventId": "d2article2",
                    "delay": 13400
                }
            ]
        },
        {
            "number": 2,
            "articles": [
                {
                    "eventId": "d2article2",
                    "title": "Positive Early Feedback on Mepsi's New Powerrade Flavors",
                    "content": "Early consumer feedback on Mepsi's (MPSI) newly expanded Powerrade lineup has been overwhelmingly positive. Users are raving about the variety of new flavors and the refreshing taste, boosting overall confidence in the company's latest venture.\n\nThe introduction of these new flavors is seen as a smart move to keep up with and even outpace competitors in the beverage market. Initial sales figures are promising, and social media buzz is adding fuel to the fire, making the new Powerrade offerings the talk of the town.\n\nMepsi's bold step into flavor diversification appears to be paying off, and investors are watching closely, buoyed by the positive consumer reception. The promising early reviews suggest that Mepsi not only meets but exceeds market expectations, ensuring a fruitful future for the brand.",
                    "stocks": [
                        "MPSI"
                    ],
                    "author": "Polly Profit",
                    "website": "Bull and Bear Circus"
                }
            ],
            "stockMovements": [
                {
                    "eventId": "d2movement6",
                    "stock": "MPSI",
                    "change": 0.5,
                    "percent": true
                },
                {
                    "eventId": "d2movement7",
                    "stock": "MPSI",
                    "change": 0.5,
                    "percent": true
                },
                {
                    "eventId": "d2movement8",
                    "stock": "MPSI",
                    "change": 0.5,
                    "percent": true
                },
                {
                    "eventId": "d2movement9",
                    "stock": "MPSI",
                    "change": 0.5,
                    "percent": true
                }
            ],
            "eventSequence": [
                {
                    "eventId": "d2article2",
                    "delay": 0
                },
                {
                    "eventId": "d2movement6",
                    "delay": 600
                },
                {
                    "eventId": "d2movement7",
                    "delay": 600
                },
                {
                    "eventId": "d2movement8",
                    "delay": 600
                },
                {
                    "eventId": "d2movement9",
                    "delay": 600
                }
            ]
        }
    ],
    "categories": [
        "product_expansion",
        "beverages"
    ],
    "timeFrame": 2
}