{
    "id": "mepsi_faces_backlash_over_environmental_impact",
    "title": "Mepsi Faces Backlash Over Environmental Impact",
    "canRepeat": false,
    "description": "Mepsi (MPSI) is facing backlash over its environmental impact, particularly plastic waste. The company responds with plans for sustainability initiatives, but skepticism remains. Major news outlets criticize the company's handling of the issue, further affecting its stock.",
    "days": [
        {
            "number": 1,
            "articles": [
                {
                    "eventId": "d1article1",
                    "title": "Mepsi Faces Backlash Over Environmental Impact",
                    "content": "Mepsi (MPSI) is under scrutiny after reports emerged highlighting the company's significant contribution to plastic waste. Environmentalists and consumers have voiced their concerns, leading to a public outcry. The stock price has already started to fall as investors react to the news.",
                    "stocks": [
                        "MPSI"
                    ],
                    "author": "Betty Bungle",
                    "website": "Cash Clown"
                },
                {
                    "eventId": "d1article2",
                    "title": "Mepsi's Sustainability Initiatives Met With Skepticism",
                    "content": "In response to the backlash, Mepsi announced new initiatives aimed at reducing its environmental impact. The company plans to increase the use of recyclable materials and cut down on plastic waste. However, many remain skeptical about the feasibility and sincerity of these initiatives. The stock price continues to decline as the market expresses doubt over whether these changes will have a meaningful impact.",
                    "stocks": [
                        "MPSI"
                    ],
                    "author": "Fad Fred",
                    "website": "Trend Tribune"
                }
            ],
            "stockMovements": [
                {
                    "eventId": "d1movement1",
                    "stock": "MPSI",
                    "change": -0.8,
                    "percent": true
                },
                {
                    "eventId": "d1movement2",
                    "stock": "MPSI",
                    "change": -0.8,
                    "percent": true
                },
                {
                    "eventId": "d1movement3",
                    "stock": "MPSI",
                    "change": -0.9,
                    "percent": true
                },
                {
                    "eventId": "d1movement4",
                    "stock": "MPSI",
                    "change": -0.5,
                    "percent": true
                },
                {
                    "eventId": "d1movement5",
                    "stock": "MPSI",
                    "change": -0.5,
                    "percent": true
                },
                {
                    "eventId": "d1movement6",
                    "stock": "MPSI",
                    "change": -0.5,
                    "percent": true
                }
            ],
            "earningsReport": [],
            "eventSequence": [
                {
                    "eventId": "d1article1",
                    "delay": 0
                },
                {
                    "eventId": "d1movement1",
                    "delay": 60
                },
                {
                    "eventId": "d1movement2",
                    "delay": 60
                },
                {
                    "eventId": "d1movement3",
                    "delay": 120
                },
                {
                    "eventId": "d1article2",
                    "delay": 10560
                },
                {
                    "eventId": "d1movement4",
                    "delay": 60
                },
                {
                    "eventId": "d1movement5",
                    "delay": 60
                },
                {
                    "eventId": "d1movement6",
                    "delay": 60
                }
            ]
        },
        {
            "number": 2,
            "articles": [
                {
                    "eventId": "d2article1",
                    "title": "Critics Slam Mepsi's Handling of Environmental Issues",
                    "content": "Mepsi's handling of its environmental impact has drawn heavy criticism from major news outlets. Analysts argue that the company's response has been insufficient and ill-timed, further damaging its reputation. The stock price is taking another hit as shareholders lose confidence in the company's ability to manage its environmental responsibilities.",
                    "stocks": [
                        "MPSI"
                    ],
                    "author": "Timmy Tumble",
                    "website": "Bull and Bear Circus"
                },
                {
                    "eventId": "d2article2",
                    "title": "Mepsi Promises Enhanced Sustainability Efforts",
                    "content": "In an attempt to salvage its reputation, Mepsi has promised to enhance its sustainability efforts. The company is now committing to more aggressive targets for reducing plastic waste and increasing the use of recyclable materials. However, the damage to its stock price has been done, reflecting the market's continued skepticism about the company's intentions and capabilities.",
                    "stocks": [
                        "MPSI"
                    ],
                    "author": "Gary Glitch",
                    "website": "Silicon Circus"
                }
            ],
            "stockMovements": [
                {
                    "eventId": "d2movement1",
                    "stock": "MPSI",
                    "change": -0.8,
                    "percent": true
                },
                {
                    "eventId": "d2movement2",
                    "stock": "MPSI",
                    "change": -0.8,
                    "percent": true
                },
                {
                    "eventId": "d2movement3",
                    "stock": "MPSI",
                    "change": -0.8,
                    "percent": true
                },
                {
                    "eventId": "d2movement4",
                    "stock": "MPSI",
                    "change": -0.6,
                    "percent": true
                },
                {
                    "eventId": "d2movement5",
                    "stock": "MPSI",
                    "change": -0.5,
                    "percent": true
                },
                {
                    "eventId": "d2movement6",
                    "stock": "MPSI",
                    "change": -0.8,
                    "percent": true
                },
                {
                    "eventId": "d2movement7",
                    "stock": "MPSI",
                    "change": -1.2,
                    "percent": true
                }
            ],
            "earningsReport": [],
            "eventSequence": [
                {
                    "eventId": "d2article1",
                    "delay": 0
                },
                {
                    "eventId": "d2movement1",
                    "delay": 120
                },
                {
                    "eventId": "d2movement2",
                    "delay": 120
                },
                {
                    "eventId": "d2movement3",
                    "delay": 300
                },
                {
                    "eventId": "d2movement4",
                    "delay": 180
                },
                {
                    "eventId": "d2article2",
                    "delay": 13680
                },
                {
                    "eventId": "d2movement5",
                    "delay": 120
                },
                {
                    "eventId": "d2movement6",
                    "delay": 120
                },
                {
                    "eventId": "d2movement7",
                    "delay": 200
                }
            ]
        }
    ],
    "categories": [
        "environmental_issues",
        "corporate_responsibility"
    ],
    "timeFrame": 2
}