{
    "id": "mpsi_mepsi_acquires_organic_snack_company",
    "title": "Mepsi Acquires Organic Snack Company",
    "canRepeat": false,
    "description": "Mepsi announces acquisitions of an organic snack company, sparking predictions for significant growth.",
    "days": [
        {
            "number": 1,
            "articles": [
                {
                    "eventId": "d1article1",
                    "title": "Mepsi Rumored to Acquire Organic Snack Company",
                    "content": "Rumors are circulating that Mepsi (MPSI) is set to acquire a popular organic snack company. Sources within the industry suggest that the acquisition is aimed at expanding Mepsi's product line and capturing a larger market share in the health-conscious consumer segment. The potential deal has already generated significant buzz among investors, eager to see how this move could impact Mepsi's market position.",
                    "stocks": [
                        "MPSI"
                    ],
                    "author": "Freddy Fortune",
                    "website": "Moolah Misfits"
                },
                {
                    "eventId": "d1article2",
                    "title": "Mepsi Confirms Acquisition, Market Expansion Potential",
                    "content": "Mepsi (MPSI) has officially confirmed the acquisition of a leading organic snack company. This strategic move is expected to allow Mepsi to tap into the burgeoning health-conscious market. Company executives have highlighted the potential for cross-brand synergies and market expansion. Investors are optimistic about the long-term growth prospects that this acquisition could bring.",
                    "stocks": [
                        "MPSI"
                    ],
                    "author": "Greta Gamble",
                    "website": "Bull and Bear Circus"
                }
            ],
            "stockMovements": [
                {
                    "eventId": "d1movement1",
                    "stock": "MPSI",
                    "change": 0.67,
                    "percent": true,
                    "delay": 0
                },
                {
                    "eventId": "d1movement2",
                    "stock": "MPSI",
                    "change": 0.67,
                    "percent": true,
                    "delay": 100
                },
                {
                    "eventId": "d1movement3",
                    "stock": "MPSI",
                    "change": 0.66,
                    "percent": true,
                    "delay": 200
                },
                {
                    "eventId": "d1movement4",
                    "stock": "MPSI",
                    "change": 0.83,
                    "percent": true,
                    "delay": 100
                },
                {
                    "eventId": "d1movement5",
                    "stock": "MPSI",
                    "change": 0.83,
                    "percent": true,
                    "delay": 6800
                }
            ],
            "earningsReport": [],
            "eventSequence": [
                {
                    "eventId": "d1article1",
                    "delay": 0
                },
                {
                    "eventId": "d1movement1",
                    "delay": 0
                },
                {
                    "eventId": "d1movement2",
                    "delay": 0
                },
                {
                    "eventId": "d1movement3",
                    "delay": 100
                },
                {
                    "eventId": "d1movement4",
                    "delay": 200
                },
                {
                    "eventId": "d1article2",
                    "delay": 6800
                }
            ]
        },
        {
            "number": 2,
            "articles": [
                {
                    "eventId": "d2article1",
                    "title": "Analysts Praise Mepsi\u2019s Strategic Acquisition",
                    "content": "Financial analysts are praising Mepsi\u2019s (MPSI) recent acquisition of an organic snack company, predicting that the strategic move will significantly bolster Mepsi\u2019s market presence and growth. By integrating a popular organic brand into its portfolio, Mepsi is poised to attract a new demographic of health-conscious consumers. The acquisition signals Mepsi\u2019s commitment to diversifying its product offerings and capitalizing on emerging market trends.",
                    "stocks": [
                        "MPSI"
                    ],
                    "author": "Warren Buffoon",
                    "website": "Cash Clown"
                },
                {
                    "eventId": "d2article2",
                    "title": "Collaboration Details Excite Investors",
                    "content": "In the wake of Mepsi's (MPSI) acquisition of an organic snack company, early collaboration details have been unveiled, exciting investors and boosting confidence. Mepsi plans to leverage its extensive distribution network to bring the newly acquired organic products to a broader audience. Industry experts believe this synergy will enhance Mepsi\u2019s competitive edge and drive substantial growth.",
                    "stocks": [
                        "MPSI"
                    ],
                    "author": "Polly Profit",
                    "website": "Bull and Bear Circus"
                }
            ],
            "stockMovements": [
                {
                    "eventId": "d2movement1",
                    "stock": "MPSI",
                    "change": 1,
                    "percent": true,
                    "delay": 0
                },
                {
                    "eventId": "d2movement2",
                    "stock": "MPSI",
                    "change": 1,
                    "percent": true,
                    "delay": 300
                },
                {
                    "eventId": "d2movement3",
                    "stock": "MPSI",
                    "change": 1,
                    "percent": true,
                    "delay": 500
                },
                {
                    "eventId": "d2movement4",
                    "stock": "MPSI",
                    "change": 1,
                    "percent": true,
                    "delay": 200
                },
                {
                    "eventId": "d2movement5",
                    "stock": "MPSI",
                    "change": 1.5,
                    "percent": true,
                    "delay": 13300
                },
                {
                    "eventId": "d2movement6",
                    "stock": "MPSI",
                    "change": 1,
                    "percent": true,
                    "delay": 0
                },
                {
                    "eventId": "d2movement7",
                    "stock": "MPSI",
                    "change": 1.5,
                    "percent": true,
                    "delay": 500
                }
            ],
            "earningsReport": [],
            "eventSequence": [
                {
                    "eventId": "d2article1",
                    "delay": 0
                },
                {
                    "eventId": "d2movement1",
                    "delay": 0
                },
                {
                    "eventId": "d2movement2",
                    "delay": 0
                },
                {
                    "eventId": "d2movement3",
                    "delay": 300
                },
                {
                    "eventId": "d2movement4",
                    "delay": 500
                },
                {
                    "eventId": "d2article2",
                    "delay": 13300
                }
            ]
        }
    ],
    "categories": [
        "acquisitions",
        "snacks",
        "beverages"
    ],
    "timeFrame": 2
}