{
    "id": "fintendo_expands_mobile_gaming_division",
    "title": "Fintendo Expands Mobile Gaming Division",
    "canRepeat": false,
    "description": "Fintendo announces an expansion of its mobile gaming division with exciting new titles, boosting investor confidence and stock prices.",
    "days": [
        {
            "number": 1,
            "articles": [
                {
                    "eventId": "d1article1",
                    "title": "Rumors of Fintendo Expanding Mobile Gaming Division Surface",
                    "content": "Whispers are circulating that Fintendo (FNTD) is planning a significant expansion of its mobile gaming division. While details are scarce, the news has already sparked excitement among investors and analysts. Fintendo has long been at the forefront of innovation in gaming, and an expansion into the fast-growing mobile sector could signify a strategic shift aimed at capturing a larger share of the market.",
                    "stocks": [
                        "FNTD"
                    ],
                    "author": "Timmy Tumble",
                    "website": "BullAndBearCircus.com"
                },
                {
                    "eventId": "d1article2",
                    "title": "Fintendo Confirms Mobile Gaming Division Expansion",
                    "content": "Following earlier rumors, Fintendo (FNTD) has officially announced the expansion of its mobile gaming division. The company promises a lineup of innovative and engaging titles designed specifically for mobile users. 'Our mission is to bring the joy and excitement of Fintendo to mobile platforms, reaching gamers where they are,' said a spokesperson. The announcement has been met with enthusiasm from the gaming community and investors alike, anticipating that this move will solidify Fintendo's position as a leader in the industry.",
                    "stocks": [
                        "FNTD"
                    ],
                    "author": "Epic Eric",
                    "website": "ConsoleCarnival.com"
                }
            ],
            "stockMovements": [
                {
                    "eventId": "d1movement1",
                    "stock": "FNTD",
                    "change": 0.5,
                    "percent": true,
                    "delay": 60
                },
                {
                    "eventId": "d1movement2",
                    "stock": "FNTD",
                    "change": 0.5,
                    "percent": true,
                    "delay": 60
                },
                {
                    "eventId": "d1movement3",
                    "stock": "FNTD",
                    "change": 0.25,
                    "percent": true,
                    "delay": 120
                },
                {
                    "eventId": "d1movement4",
                    "stock": "FNTD",
                    "change": 0.25,
                    "percent": true,
                    "delay": 60
                },
                {
                    "eventId": "d1movement5",
                    "stock": "FNTD",
                    "change": 0.5,
                    "percent": true,
                    "delay": 90
                },
                {
                    "eventId": "d1movement6",
                    "stock": "FNTD",
                    "change": 0.5,
                    "percent": true,
                    "delay": 120
                },
                {
                    "eventId": "d1movement7",
                    "stock": "FNTD",
                    "change": 0.5,
                    "percent": true,
                    "delay": 150
                },
                {
                    "eventId": "d1movement8",
                    "stock": "FNTD",
                    "change": 0.5,
                    "percent": true,
                    "delay": 60
                }
            ],
            "earningsReport": [],
            "eventSequence": [
                {
                    "eventId": "d1article1",
                    "delay": 0
                },
                {
                    "eventId": "d1movement1",
                    "delay": 1
                },
                {
                    "eventId": "d1movement2",
                    "delay": 61
                },
                {
                    "eventId": "d1movement3",
                    "delay": 121
                },
                {
                    "eventId": "d1movement4",
                    "delay": 181
                },
                {
                    "eventId": "d1article2",
                    "delay": 7019
                },
                {
                    "eventId": "d1movement5",
                    "delay": 1
                },
                {
                    "eventId": "d1movement6",
                    "delay": 91
                },
                {
                    "eventId": "d1movement7",
                    "delay": 211
                },
                {
                    "eventId": "d1movement8",
                    "delay": 361
                }
            ]
        },
        {
            "number": 2,
            "articles": [
                {
                    "eventId": "d2article1",
                    "title": "Analysts Praise Fintendo's Mobile Expansion",
                    "content": "Industry analysts have lauded Fintendo's (FNTD) decision to expand its mobile gaming division, predicting significant market growth. This strategic move is expected to bolster Fintendo's already strong presence in the gaming industry. 'Mobile gaming is one of the fastest-growing sectors, and Fintendo's entry with innovative titles can capture a substantial market share,' said Analyst Mark Francis. The positive outlook from experts has invigorated investor confidence, reflecting positively on the stock.",
                    "stocks": [
                        "FNTD"
                    ],
                    "author": "Greta Gamble",
                    "website": "BullAndBearCircus.com"
                },
                {
                    "eventId": "d2article2",
                    "title": "Early User Feedback for Fintendo's Mobile Games Promising",
                    "content": "Initial user feedback for Fintendo's (FNTD) new mobile games is overwhelmingly positive. Gamers are thrilled with the innovative gameplay, immersive graphics, and familiar charm that Fintendo games are known for. Early reviews highlight that the games are set to become favorites among mobile users. This wave of enthusiasm has further boosted investor confidence, with many believing that Fintendo is on the cusp of redefining mobile gaming.",
                    "stocks": [
                        "FNTD"
                    ],
                    "author": "Passionate Paula",
                    "website": "ConsoleCarnival.com"
                }
            ],
            "stockMovements": [
                {
                    "eventId": "d2movement1",
                    "stock": "FNTD",
                    "change": 0.5,
                    "percent": true,
                    "delay": 60
                },
                {
                    "eventId": "d2movement2",
                    "stock": "FNTD",
                    "change": 0.5,
                    "percent": true,
                    "delay": 120
                },
                {
                    "eventId": "d2movement3",
                    "stock": "FNTD",
                    "change": 0.5,
                    "percent": true,
                    "delay": 180
                },
                {
                    "eventId": "d2movement4",
                    "stock": "FNTD",
                    "change": 0.5,
                    "percent": true,
                    "delay": 240
                },
                {
                    "eventId": "d2movement5",
                    "stock": "FNTD",
                    "change": 0.5,
                    "percent": true,
                    "delay": 300
                },
                {
                    "eventId": "d2movement6",
                    "stock": "FNTD",
                    "change": 0.5,
                    "percent": true,
                    "delay": 60
                },
                {
                    "eventId": "d2movement7",
                    "stock": "FNTD",
                    "change": 0.5,
                    "percent": true,
                    "delay": 120
                },
                {
                    "eventId": "d2movement8",
                    "stock": "FNTD",
                    "change": 0.5,
                    "percent": true,
                    "delay": 180
                },
                {
                    "eventId": "d2movement9",
                    "stock": "FNTD",
                    "change": 0.5,
                    "percent": true,
                    "delay": 240
                },
                {
                    "eventId": "d2movement10",
                    "stock": "FNTD",
                    "change": 0.5,
                    "percent": true,
                    "delay": 300
                }
            ],
            "earningsReport": [],
            "eventSequence": [
                {
                    "eventId": "d2article1",
                    "delay": 3600
                },
                {
                    "eventId": "d2movement1",
                    "delay": 300
                },
                {
                    "eventId": "d2movement2",
                    "delay": 300
                },
                {
                    "eventId": "d2movement3",
                    "delay": 300
                },
                {
                    "eventId": "d2movement4",
                    "delay": 300
                },
                {
                    "eventId": "d2movement5",
                    "delay": 300
                },
                {
                    "eventId": "d2article2",
                    "delay": 3600
                },
                {
                    "eventId": "d2movement6",
                    "delay": 300
                },
                {
                    "eventId": "d2movement7",
                    "delay": 300
                },
                {
                    "eventId": "d2movement8",
                    "delay": 300
                },
                {
                    "eventId": "d2movement9",
                    "delay": 300
                },
                {
                    "eventId": "d2movement10",
                    "delay": 300
                }
            ]
        }
    ],
    "categories": [
        "product_announcements",
        "gaming"
    ],
    "timeFrame": 2
}