{
    "id": "fintendo_faces_manufacturing_delays",
    "title": "Fintendo Faces Manufacturing Delays",
    "canRepeat": false,
    "description": "Fintendo delays manufacturing of FintendoSwitch due to supply chain issues, causing stock to fall further.",
    "days": [
        {
            "number": 1,
            "articles": [
                {
                    "eventId": "d1article1",
                    "title": "Significant Delays in FintendoSwitch Production",
                    "content": "Fintendo (FNTD) is experiencing significant manufacturing delays affecting the production of its popular FintendoSwitch console. According to reports, these delays are due to unforeseen supply chain issues that have disrupted the assembly process. This news has raised concerns among investors regarding the company's ability to meet demand during the crucial holiday season.",
                    "stocks": [
                        "FNTD"
                    ],
                    "author": "Timmy Tumble",
                    "website": "Bull And Bear Circus"
                },
                {
                    "eventId": "d1article2",
                    "title": "Fintendo Acknowledges Delays Amid Supply Chain Issues",
                    "content": "In response to the manufacturing delays, Fintendo (FNTD) has officially acknowledged the ongoing issues affecting the production of the FintendoSwitch. The company cited significant disruptions in the supply chain as the primary cause of the delays. Fintendo reassured that measures are being taken to mitigate the impact, but the stock market reacted swiftly, reflecting decreased investor confidence.",
                    "stocks": [
                        "FNTD"
                    ],
                    "author": "Dramatic Dana",
                    "website": "Console Carnival"
                },
                {
                    "eventId": "d1article3",
                    "title": "Analysts Predict Major Impact on Holiday Sales for FintendoSwitch",
                    "content": "Analysts are forecasting a significant impact on Fintendo (FNTD) holiday sales due to the reported manufacturing delays. With supply chain issues hampering production, there are growing concerns that the FintendoSwitch will not be widely available during the festive season. This development is likely to affect not only the company's revenue but also its market position, as competitors could capitalize on the supply shortfall.",
                    "stocks": [
                        "FNTD"
                    ],
                    "author": "Peter Processor",
                    "website": "Silicon Circus"
                }
            ],
            "stockMovements": [
                {
                    "eventId": "d1movement1",
                    "stock": "FNTD",
                    "change": -1.0,
                    "percent": true
                },
                {
                    "eventId": "d1movement2",
                    "stock": "FNTD",
                    "change": -1.0,
                    "percent": true
                },
                {
                    "eventId": "d1movement3",
                    "stock": "FNTD",
                    "change": -1.0,
                    "percent": true
                },
                {
                    "eventId": "d1movement4",
                    "stock": "FNTD",
                    "change": -0.5,
                    "percent": true
                },
                {
                    "eventId": "d1movement5",
                    "stock": "FNTD",
                    "change": -0.5,
                    "percent": true
                },
                {
                    "eventId": "d1movement6",
                    "stock": "FNTD",
                    "change": -0.5,
                    "percent": true
                },
                {
                    "eventId": "d1movement7",
                    "stock": "FNTD",
                    "change": -1.0,
                    "percent": true
                },
                {
                    "eventId": "d1movement8",
                    "stock": "FNTD",
                    "change": -1.0,
                    "percent": true
                },
                {
                    "eventId": "d1movement9",
                    "stock": "FNTD",
                    "change": -1.5,
                    "percent": true
                }
            ],
            "earningsReport": [],
            "eventSequence": [
                {
                    "eventId": "d1article1",
                    "delay": 0
                },
                {
                    "eventId": "d1movement1",
                    "delay": 100
                },
                {
                    "eventId": "d1movement2",
                    "delay": 100
                },
                {
                    "eventId": "d1movement3",
                    "delay": 200
                },
                {
                    "eventId": "d1article2",
                    "delay": 6800
                },
                {
                    "eventId": "d1movement4",
                    "delay": 100
                },
                {
                    "eventId": "d1movement5",
                    "delay": 100
                },
                {
                    "eventId": "d1movement6",
                    "delay": 200
                },
                {
                    "eventId": "d1article3",
                    "delay": 11200
                },
                {
                    "eventId": "d1movement7",
                    "delay": 100
                },
                {
                    "eventId": "d1movement8",
                    "delay": 100
                },
                {
                    "eventId": "d1movement9",
                    "delay": 200
                }
            ]
        }
    ],
    "categories": [
        "manufacturing_delays",
        "gaming"
    ],
    "timeFrame": 1
}