{
    "id": "fintendo_online_service_outage",
    "title": "Fintendo Online Service Faces Outage",
    "canRepeat": false,
    "description": "Fintendo's online gaming service faces a major outage, leading to investor concerns and stock volatility.",
    "days": [
        {
            "number": 1,
            "articles": [
                {
                    "eventId": "d1article1",
                    "title": "Fintendo's Online Service Suffers Major Outage",
                    "content": "Fintendo (FNTD) has been hit by a significant outage affecting its online gaming service. Gamers around the world are reporting connectivity issues, preventing them from accessing Fintendo's popular online multiplayer games. The company has yet to release a statement on the matter, leading to a growing frustration among its user base.",
                    "stocks": [
                        "FNTD"
                    ],
                    "author": "Sally Shortsell",
                    "website": "Bull and Bear Circus"
                },
                {
                    "eventId": "d1article2",
                    "title": "Fintendo Acknowledges Online Service Issues, Promises Fix",
                    "content": "Fintendo (FNTD) has acknowledged the widespread issues affecting its online gaming service. In a brief statement, the company assured users that its technical team is working tirelessly to resolve the problem as quickly as possible. While this news offers some relief, investors remain cautious as the company works to restore full functionality.",
                    "stocks": [
                        "FNTD"
                    ],
                    "author": "Gina Gadget",
                    "website": "Tech Tattler"
                }
            ],
            "stockMovements": [
                {
                    "eventId": "d1movement1a",
                    "stock": "FNTD",
                    "change": -0.8,
                    "percent": true,
                    "delay": 300
                },
                {
                    "eventId": "d1movement1b",
                    "stock": "FNTD",
                    "change": -1.0,
                    "percent": true,
                    "delay": 360
                },
                {
                    "eventId": "d1movement1c",
                    "stock": "FNTD",
                    "change": -0.7,
                    "percent": true,
                    "delay": 300
                },
                {
                    "eventId": "d1movement2a",
                    "stock": "FNTD",
                    "change": 0.3,
                    "percent": true,
                    "delay": 200
                },
                {
                    "eventId": "d1movement2b",
                    "stock": "FNTD",
                    "change": 0.4,
                    "percent": true,
                    "delay": 300
                },
                {
                    "eventId": "d1movement2c",
                    "stock": "FNTD",
                    "change": 0.3,
                    "percent": true,
                    "delay": 240
                }
            ],
            "earningsReport": [],
            "eventSequence": [
                {
                    "eventId": "d1article1",
                    "delay": 0
                },
                {
                    "eventId": "d1movement1a",
                    "delay": 0
                },
                {
                    "eventId": "d1movement1b",
                    "delay": 300
                },
                {
                    "eventId": "d1movement1c",
                    "delay": 360
                },
                {
                    "eventId": "d1movement2a",
                    "delay": 300
                },
                {
                    "eventId": "d1movement2b",
                    "delay": 200
                },
                {
                    "eventId": "d1movement2c",
                    "delay": 300
                },
                {
                    "eventId": "d1article2",
                    "delay": 9100
                }
            ]
        },
        {
            "number": 2,
            "articles": [
                {
                    "eventId": "d2article1",
                    "title": "Ongoing Issues Plague Fintendo's Online Service",
                    "content": "Reports of ongoing problems with Fintendo's online gaming service continue to surface. Users have expressed concerns about the stability and reliability of the platform, with many experiencing intermittent connectivity issues. As Fintendo works to address these problems, investors are growing increasingly anxious about the potential long-term impact on the company's reputation.",
                    "stocks": [
                        "FNTD"
                    ],
                    "author": "Gary Glitch",
                    "website": "Silicon Circus"
                },
                {
                    "eventId": "d2article2",
                    "title": "Analysts Warn of User Dissatisfaction Amid Fintendo's Ongoing Outage",
                    "content": "Analysts are cautioning that Fintendo (FNTD) may face significant user dissatisfaction if the ongoing issues with its online gaming service persist. The prolonged disruptions could lead to a loss of user confidence and potentially drive gamers to competing platforms. The company's stock has fallen further as concerns mount.",
                    "stocks": [
                        "FNTD"
                    ],
                    "author": "Polly Profit",
                    "website": "Bull and Bear Circus"
                }
            ],
            "stockMovements": [
                {
                    "eventId": "d2movement1a",
                    "stock": "FNTD",
                    "change": -1.0,
                    "percent": true,
                    "delay": 360
                },
                {
                    "eventId": "d2movement1b",
                    "stock": "FNTD",
                    "change": -1.0,
                    "percent": true,
                    "delay": 300
                },
                {
                    "eventId": "d2movement1c",
                    "stock": "FNTD",
                    "change": -1.0,
                    "percent": true,
                    "delay": 420
                },
                {
                    "eventId": "d2movement2a",
                    "stock": "FNTD",
                    "change": -0.8,
                    "percent": true,
                    "delay": 300
                },
                {
                    "eventId": "d2movement2b",
                    "stock": "FNTD",
                    "change": -0.9,
                    "percent": true,
                    "delay": 420
                },
                {
                    "eventId": "d2movement2c",
                    "stock": "FNTD",
                    "change": -0.8,
                    "percent": true,
                    "delay": 300
                }
            ],
            "earningsReport": [],
            "eventSequence": [
                {
                    "eventId": "d2article1",
                    "delay": 0
                },
                {
                    "eventId": "d2movement1a",
                    "delay": 0
                },
                {
                    "eventId": "d2movement1b",
                    "delay": 360
                },
                {
                    "eventId": "d2movement1c",
                    "delay": 300
                },
                {
                    "eventId": "d2movement2a",
                    "delay": 420
                },
                {
                    "eventId": "d2movement2b",
                    "delay": 300
                },
                {
                    "eventId": "d2movement2c",
                    "delay": 420
                },
                {
                    "eventId": "d2article2",
                    "delay": 12300
                }
            ]
        }
    ],
    "categories": [
        "service outage",
        "gaming"
    ],
    "timeFrame": 2
}