{
    "id": "fintendo_film_adaptations",
    "title": "Fintendo Partners with Major Studio for Movie Adaptations",
    "canRepeat": false,
    "description": "Fintendo (FNTD) partners with a major studio for movie adaptations of its popular games, resulting in various stock fluctuations over three days.",
    "days": [
        {
            "number": 1,
            "articles": [
                {
                    "eventId": "d1article1",
                    "title": "Rumors of Fintendo's Exciting New Movie Partnership",
                    "content": "Buzz is intensifying around the possibility of Fintendo partnering with a major movie studio to bring its iconic games to the big screen. The potential for blockbuster adaptations of fan-favorite titles has had investors smiling all morning.",
                    "stocks": [
                        "FNTD"
                    ],
                    "author": "Epic Eric",
                    "website": "ConsoleCarnival.com"
                },
                {
                    "eventId": "d1article2",
                    "title": "Fintendo Confirms Major Studio Partnership",
                    "content": "Fintendo has officially confirmed the rumors: a partnership with a major studio is underway to adapt its cherished video game franchises into films. With high-profile directors and producers already linked to the project, the prospects are dazzling.",
                    "stocks": [
                        "FNTD"
                    ],
                    "author": "Pauline Parker",
                    "website": "GameCentral.net"
                }
            ],
            "stockMovements": [
                {
                    "eventId": "d1movement1",
                    "stock": "FNTD",
                    "change": 0.84,
                    "percent": true,
                    "delay": 100
                },
                {
                    "eventId": "d1movement2",
                    "stock": "FNTD",
                    "change": 0.83,
                    "percent": true,
                    "delay": 120
                },
                {
                    "eventId": "d1movement3",
                    "stock": "FNTD",
                    "change": 0.83,
                    "percent": true,
                    "delay": 180
                },
                {
                    "eventId": "d1movement4",
                    "stock": "FNTD",
                    "change": 0.75,
                    "percent": true,
                    "delay": 150
                },
                {
                    "eventId": "d1movement5",
                    "stock": "FNTD",
                    "change": 0.75,
                    "percent": true,
                    "delay": 200
                },
                {
                    "eventId": "d1movement6",
                    "stock": "FNTD",
                    "change": 0.75,
                    "percent": true,
                    "delay": 150
                },
                {
                    "eventId": "d1movement7",
                    "stock": "FNTD",
                    "change": 0.75,
                    "percent": true,
                    "delay": 230
                }
            ],
            "earningsReport": [],
            "eventSequence": [
                {
                    "eventId": "d1article1",
                    "delay": 0
                },
                {
                    "eventId": "d1movement1",
                    "delay": 100
                },
                {
                    "eventId": "d1movement2",
                    "delay": 120
                },
                {
                    "eventId": "d1movement3",
                    "delay": 180
                },
                {
                    "eventId": "d1article2",
                    "delay": 10100
                },
                {
                    "eventId": "d1movement4",
                    "delay": 150
                },
                {
                    "eventId": "d1movement5",
                    "delay": 200
                },
                {
                    "eventId": "d1movement6",
                    "delay": 150
                },
                {
                    "eventId": "d1movement7",
                    "delay": 230
                }
            ]
        },
        {
            "number": 2,
            "articles": [
                {
                    "eventId": "d2article1",
                    "title": "Positive Early Feedback for Fintendo's Movie Plans",
                    "content": "Early buzz around Fintendo's movie adaptations is overwhelmingly positive. Industry insiders are already predicting that these films could become major box office hits, driving Fintendo's stock even higher.",
                    "stocks": [
                        "FNTD"
                    ],
                    "author": "Epic Eric",
                    "website": "ConsoleCarnival.com"
                },
                {
                    "eventId": "d2article2",
                    "title": "Creative Differences in Fintendo's Movie Partnership",
                    "content": "Reports have emerged alleging creative differences between Fintendo and its studio partner. Concerns are rising about potential impacts on the project's timeline and quality.",
                    "stocks": [
                        "FNTD"
                    ],
                    "author": "Sally Shortsell",
                    "website": "BullAndBearCircus.com"
                }
            ],
            "stockMovements": [
                {
                    "eventId": "d2movement1",
                    "stock": "FNTD",
                    "change": 0.84,
                    "percent": true,
                    "delay": 100
                },
                {
                    "eventId": "d2movement2",
                    "stock": "FNTD",
                    "change": 0.83,
                    "percent": true,
                    "delay": 130
                },
                {
                    "eventId": "d2movement3",
                    "stock": "FNTD",
                    "change": 0.83,
                    "percent": true,
                    "delay": 170
                },
                {
                    "eventId": "d2movement4",
                    "stock": "FNTD",
                    "change": -0.5,
                    "percent": true,
                    "delay": 100
                },
                {
                    "eventId": "d2movement5",
                    "stock": "FNTD",
                    "change": -0.5,
                    "percent": true,
                    "delay": 120
                },
                {
                    "eventId": "d2movement6",
                    "stock": "FNTD",
                    "change": -0.5,
                    "percent": true,
                    "delay": 180
                },
                {
                    "eventId": "d2movement7",
                    "stock": "FNTD",
                    "change": -0.5,
                    "percent": true,
                    "delay": 200
                }
            ],
            "earningsReport": [],
            "eventSequence": [
                {
                    "eventId": "d2article1",
                    "delay": 0
                },
                {
                    "eventId": "d2movement1",
                    "delay": 100
                },
                {
                    "eventId": "d2movement2",
                    "delay": 130
                },
                {
                    "eventId": "d2movement3",
                    "delay": 170
                },
                {
                    "eventId": "d2article2",
                    "delay": 14100
                },
                {
                    "eventId": "d2movement4",
                    "delay": 100
                },
                {
                    "eventId": "d2movement5",
                    "delay": 120
                },
                {
                    "eventId": "d2movement6",
                    "delay": 180
                },
                {
                    "eventId": "d2movement7",
                    "delay": 200
                }
            ]
        },
        {
            "number": 3,
            "articles": [
                {
                    "eventId": "d3article1",
                    "title": "Fintendo Addresses Partnership Concerns",
                    "content": "In response to reports of creative differences, Fintendo has released a statement assuring investors that efforts are underway to remedy the situation. However, skepticism remains among industry experts.",
                    "stocks": [
                        "FNTD"
                    ],
                    "author": "Gina Gadget",
                    "website": "TechTattler.net"
                },
                {
                    "eventId": "d3article2",
                    "title": "Analysts Weigh Long-Term Benefits of Fintendo's Movie Plans",
                    "content": "Despite recent concerns, analysts are optimistic about the long-term benefits of Fintendo's foray into the movie business. They predict significant growth opportunities that could outweigh initial bumps.",
                    "stocks": [
                        "FNTD"
                    ],
                    "author": "Greta Gamble",
                    "website": "BullAndBearCircus.com"
                }
            ],
            "stockMovements": [
                {
                    "eventId": "d3movement1",
                    "stock": "FNTD",
                    "change": -0.5,
                    "percent": true,
                    "delay": 120
                },
                {
                    "eventId": "d3movement2",
                    "stock": "FNTD",
                    "change": -0.5,
                    "percent": true,
                    "delay": 100
                },
                {
                    "eventId": "d3movement3",
                    "stock": "FNTD",
                    "change": -0.5,
                    "percent": true,
                    "delay": 150
                },
                {
                    "eventId": "d3movement4",
                    "stock": "FNTD",
                    "change": -0.5,
                    "percent": true,
                    "delay": 200
                },
                {
                    "eventId": "d3movement5",
                    "stock": "FNTD",
                    "change": -0.5,
                    "percent": true,
                    "delay": 220
                },
                {
                    "eventId": "d3movement6",
                    "stock": "FNTD",
                    "change": 0.5,
                    "percent": true,
                    "delay": 120
                },
                {
                    "eventId": "d3movement7",
                    "stock": "FNTD",
                    "change": 0.5,
                    "percent": true,
                    "delay": 180
                },
                {
                    "eventId": "d3movement8",
                    "stock": "FNTD",
                    "change": 0.5,
                    "percent": true,
                    "delay": 150
                }
            ],
            "earningsReport": [],
            "eventSequence": [
                {
                    "eventId": "d3article1",
                    "delay": 0
                },
                {
                    "eventId": "d3movement1",
                    "delay": 120
                },
                {
                    "eventId": "d3movement2",
                    "delay": 100
                },
                {
                    "eventId": "d3movement3",
                    "delay": 150
                },
                {
                    "eventId": "d3movement4",
                    "delay": 200
                },
                {
                    "eventId": "d3movement5",
                    "delay": 220
                },
                {
                    "eventId": "d3article2",
                    "delay": 10500
                },
                {
                    "eventId": "d3movement6",
                    "delay": 120
                },
                {
                    "eventId": "d3movement7",
                    "delay": 180
                },
                {
                    "eventId": "d3movement8",
                    "delay": 150
                }
            ]
        }
    ],
    "categories": [
        "partnership",
        "movies",
        "gaming"
    ],
    "timeFrame": 3
}