{
    "id": "fintendo_e_sports_initiative_faces_challenges",
    "title": "Fintendo's E-Sports Initiative Faces Challenges",
    "canRepeat": false,
    "description": "Fintendo's ambitious e-sports initiative faces several challenges, causing significant stock fluctuations over three days.",
    "days": [
        {
            "number": 1,
            "articles": [
                {
                    "eventId": "d1article1",
                    "title": "Fintendo Faces Challenges in E-Sports Initiative",
                    "content": "Fintendo (FNTD) is facing significant hurdles with its recently launched e-sports initiative. Reports indicate logistical and equipment issues are dampening the program's initial success. Investors are concerned about the immediate financial impact.",
                    "stocks": [
                        "FNTD"
                    ],
                    "author": "Timmy Tumble",
                    "website": "Bull and Bear Circus"
                },
                {
                    "eventId": "d1article2",
                    "title": "Fintendo Addresses E-Sports Challenges",
                    "content": "In response to the ongoing issues with their e-sports initiative, Fintendo (FNTD) has issued a statement assuring investors that they are actively working on solutions. The company plans to implement new strategies to counteract the challenges and get the initiative back on track.",
                    "stocks": [
                        "FNTD"
                    ],
                    "author": "Polly Profit",
                    "website": "Bull and Bear Circus"
                }
            ],
            "stockMovements": [
                {
                    "eventId": "d1movement1",
                    "stock": "FNTD",
                    "change": -0.8,
                    "percent": true
                },
                {
                    "eventId": "d1movement2",
                    "stock": "FNTD",
                    "change": -0.7,
                    "percent": true,
                    "delay": 60
                },
                {
                    "eventId": "d1movement3",
                    "stock": "FNTD",
                    "change": -0.5,
                    "percent": true,
                    "delay": 90
                },
                {
                    "eventId": "d1movement4",
                    "stock": "FNTD",
                    "change": 0.6,
                    "percent": true
                },
                {
                    "eventId": "d1movement5",
                    "stock": "FNTD",
                    "change": 0.5,
                    "percent": true,
                    "delay": 100
                },
                {
                    "eventId": "d1movement6",
                    "stock": "FNTD",
                    "change": 0.4,
                    "percent": true,
                    "delay": 200
                }
            ],
            "earningsReport": [],
            "eventSequence": [
                {
                    "eventId": "d1article1",
                    "delay": 0
                },
                {
                    "eventId": "d1movement1",
                    "delay": 60
                },
                {
                    "eventId": "d1movement2",
                    "delay": 60
                },
                {
                    "eventId": "d1movement3",
                    "delay": 90
                },
                {
                    "eventId": "d1article2",
                    "delay": 10650
                },
                {
                    "eventId": "d1movement4",
                    "delay": 100
                },
                {
                    "eventId": "d1movement5",
                    "delay": 100
                },
                {
                    "eventId": "d1movement6",
                    "delay": 200
                }
            ]
        },
        {
            "number": 2,
            "articles": [
                {
                    "eventId": "d2article1",
                    "title": "Further Issues in Fintendo's E-Sports Program",
                    "content": "New reports have emerged highlighting additional logistical problems with Fintendo's (FNTD) e-sports initiative. These ongoing issues are causing concern among investors and fans alike, questioning the program's long-term viability.",
                    "stocks": [
                        "FNTD"
                    ],
                    "author": "Sally Shortsell",
                    "website": "Bull and Bear Circus"
                },
                {
                    "eventId": "d2article2",
                    "title": "Fintendo Announces New Partnerships",
                    "content": "In a bid to address ongoing logistical issues, Fintendo (FNTD) has announced new partnerships with several key industry players. The company believes these alliances will provide the necessary support to overcome current challenges and ensure the success of their e-sports program.",
                    "stocks": [
                        "FNTD"
                    ],
                    "author": "Dramatic Dana",
                    "website": "Console Carnival"
                }
            ],
            "stockMovements": [
                {
                    "eventId": "d2movement1",
                    "stock": "FNTD",
                    "change": -1.0,
                    "percent": true
                },
                {
                    "eventId": "d2movement2",
                    "stock": "FNTD",
                    "change": -0.8,
                    "percent": true,
                    "delay": 120
                },
                {
                    "eventId": "d2movement3",
                    "stock": "FNTD",
                    "change": -0.7,
                    "percent": true,
                    "delay": 180
                },
                {
                    "eventId": "d2movement4",
                    "stock": "FNTD",
                    "change": 0.8,
                    "percent": true
                },
                {
                    "eventId": "d2movement5",
                    "stock": "FNTD",
                    "change": 0.7,
                    "percent": true,
                    "delay": 120
                },
                {
                    "eventId": "d2movement6",
                    "stock": "FNTD",
                    "change": 0.5,
                    "percent": true,
                    "delay": 180
                }
            ],
            "earningsReport": [],
            "eventSequence": [
                {
                    "eventId": "d2article1",
                    "delay": 0
                },
                {
                    "eventId": "d2movement1",
                    "delay": 100
                },
                {
                    "eventId": "d2movement2",
                    "delay": 120
                },
                {
                    "eventId": "d2movement3",
                    "delay": 180
                },
                {
                    "eventId": "d2article2",
                    "delay": 14100
                },
                {
                    "eventId": "d2movement4",
                    "delay": 100
                },
                {
                    "eventId": "d2movement5",
                    "delay": 120
                },
                {
                    "eventId": "d2movement6",
                    "delay": 180
                }
            ]
        },
        {
            "number": 3,
            "articles": [
                {
                    "eventId": "d3article1",
                    "title": "Analysts Cautious on Fintendo's E-Sports Plan",
                    "content": "Analysts are expressing caution regarding Fintendo's (FNTD) e-sports initiative. Despite recent efforts and new partnerships, there are still concerns about potential setbacks and the long-term success of the program.",
                    "stocks": [
                        "FNTD"
                    ],
                    "author": "Carl Calamity",
                    "website": "Moolah Misfits"
                },
                {
                    "eventId": "d3article2",
                    "title": "Stock Fluctuations as Investors React",
                    "content": "Fintendo's (FNTD) stock has been fluctuating as investors react to the mixed signals regarding the e-sports initiative. The company's efforts to address issues have helped, but uncertainty remains in the market.",
                    "stocks": [
                        "FNTD"
                    ],
                    "author": "Timmy Tumble",
                    "website": "Bull and Bear Circus"
                }
            ],
            "stockMovements": [
                {
                    "eventId": "d3movement1",
                    "stock": "FNTD",
                    "change": -0.7,
                    "percent": true
                },
                {
                    "eventId": "d3movement2",
                    "stock": "FNTD",
                    "change": -0.5,
                    "percent": true,
                    "delay": 120
                },
                {
                    "eventId": "d3movement3",
                    "stock": "FNTD",
                    "change": -0.3,
                    "percent": true,
                    "delay": 180
                },
                {
                    "eventId": "d3movement4",
                    "stock": "FNTD",
                    "change": -0.4,
                    "percent": true
                },
                {
                    "eventId": "d3movement5",
                    "stock": "FNTD",
                    "change": -0.3,
                    "percent": true,
                    "delay": 100
                },
                {
                    "eventId": "d3movement6",
                    "stock": "FNTD",
                    "change": -0.3,
                    "percent": true,
                    "delay": 200
                }
            ],
            "earningsReport": [],
            "eventSequence": [
                {
                    "eventId": "d3article1",
                    "delay": 0
                },
                {
                    "eventId": "d3movement1",
                    "delay": 120
                },
                {
                    "eventId": "d3movement2",
                    "delay": 120
                },
                {
                    "eventId": "d3movement3",
                    "delay": 180
                },
                {
                    "eventId": "d3article2",
                    "delay": 14100
                },
                {
                    "eventId": "d3movement4",
                    "delay": 100
                },
                {
                    "eventId": "d3movement5",
                    "delay": 100
                },
                {
                    "eventId": "d3movement6",
                    "delay": 200
                }
            ]
        }
    ],
    "categories": [
        "company_news",
        "gaming"
    ],
    "timeFrame": 3
}