{
    "id": "fintendo_unveils_new_fintendoswitch_model",
    "title": "Fintendo Unveils New FintendoSwitch Model",
    "canRepeat": false,
    "description": "Fintendo announces rumors and later confirms the release of a new FintendoSwitch model with upgraded features, significantly boosting stock prices.",
    "days": [
        {
            "number": 1,
            "articles": [
                {
                    "eventId": "d1article1",
                    "title": "Rumors Circulate About New FintendoSwitch Model",
                    "content": "In the latest buzz around the gaming world, rumors are circulating that Fintendo (FNTD) is set to unveil a new FintendoSwitch model boasting upgraded features. Speculations include enhancements in graphics and battery life, sparking excitement among gamers and investors alike. If these rumors prove true, the new model could be a game-changer in the industry.",
                    "stocks": [
                        "FNTD"
                    ],
                    "author": "Epic Eric",
                    "website": "ConsoleCarnival"
                }
            ],
            "stockMovements": [
                {
                    "eventId": "d1movement1",
                    "stock": "FNTD",
                    "change": 0.7,
                    "percent": true
                },
                {
                    "eventId": "d1movement2",
                    "stock": "FNTD",
                    "change": 0.7,
                    "percent": true
                },
                {
                    "eventId": "d1movement3",
                    "stock": "FNTD",
                    "change": 0.6,
                    "percent": true
                }
            ],
            "earningsReport": [],
            "eventSequence": [
                {
                    "eventId": "d1article1",
                    "delay": 0
                },
                {
                    "eventId": "d1movement1",
                    "delay": 60
                },
                {
                    "eventId": "d1movement2",
                    "delay": 60
                },
                {
                    "eventId": "d1movement3",
                    "delay": 120
                }
            ]
        },
        {
            "number": 1,
            "articles": [
                {
                    "eventId": "d1article2",
                    "title": "Fintendo Confirms New FintendoSwitch Model",
                    "content": "Two hours after the rumors, Fintendo (FNTD) officially confirmed the release of a new FintendoSwitch model. The new console boasts enhanced graphics and a significantly improved battery life, features that are set to elevate the gaming experience to new heights. With the announcement, Fintendo's stock saw a strong uptick as confidence among investors rose.",
                    "stocks": [
                        "FNTD"
                    ],
                    "author": "Dramatic Dana",
                    "website": "ConsoleCarnival"
                }
            ],
            "stockMovements": [
                {
                    "eventId": "d1movement4",
                    "stock": "FNTD",
                    "change": 1,
                    "percent": true
                },
                {
                    "eventId": "d1movement5",
                    "stock": "FNTD",
                    "change": 1,
                    "percent": true
                },
                {
                    "eventId": "d1movement6",
                    "stock": "FNTD",
                    "change": 1,
                    "percent": true
                }
            ],
            "earningsReport": [],
            "eventSequence": [
                {
                    "eventId": "d1article2",
                    "delay": 7200
                },
                {
                    "eventId": "d1movement4",
                    "delay": 120
                },
                {
                    "eventId": "d1movement5",
                    "delay": 120
                },
                {
                    "eventId": "d1movement6",
                    "delay": 180
                }
            ]
        },
        {
            "number": 1,
            "articles": [
                {
                    "eventId": "d1article3",
                    "title": "Early Reviews Praise New FintendoSwitch Model",
                    "content": "Four hours after the official confirmation, early reviews of the new FintendoSwitch model have started to pour in, and they are overwhelmingly positive. Critics praise the enhanced graphics and extended battery life, noting that these improvements significantly enhance the gaming experience. The glowing reviews have further bolstered investor confidence, leading to a notable rise in Fintendo's stock.",
                    "stocks": [
                        "FNTD"
                    ],
                    "author": "Epic Eric",
                    "website": "ConsoleCarnival"
                }
            ],
            "stockMovements": [
                {
                    "eventId": "d1movement7",
                    "stock": "FNTD",
                    "change": 0.8,
                    "percent": true
                },
                {
                    "eventId": "d1movement8",
                    "stock": "FNTD",
                    "change": 0.8,
                    "percent": true
                },
                {
                    "eventId": "d1movement9",
                    "stock": "FNTD",
                    "change": 0.9,
                    "percent": true
                }
            ],
            "earningsReport": [],
            "eventSequence": [
                {
                    "eventId": "d1article3",
                    "delay": 1
                },
                {
                    "eventId": "d1movement7",
                    "delay": 130
                },
                {
                    "eventId": "d1movement8",
                    "delay": 130
                },
                {
                    "eventId": "d1movement9",
                    "delay": 140
                }
            ]
        }
    ],
    "categories": [
        "product_launch",
        "gaming"
    ],
    "timeFrame": 1
}