{
    "id": "fintendo_announces_major_game_release",
    "title": "Fintendo Announces Major Game Release",
    "canRepeat": false,
    "description": "Fintendo announces a major new game in the Fario franchise, initially garnering excitement and subsequently confirming it with innovative features.",
    "days": [
        {
            "number": 1,
            "articles": [
                {
                    "eventId": "d1article1",
                    "title": "Rumors Swirl Around New Fario Game Release",
                    "content": "Rumors have emerged that Fintendo (FNTD) is announcing a major new game in the Fario franchise. The information has quickly generated intense excitement in the gaming community. Fans of the franchise share their speculations and hopes for what the new installment might feature.",
                    "stocks": [
                        "FNTD"
                    ],
                    "author": "Epic Eric",
                    "website": "Console Carnival"
                },
                {
                    "eventId": "d1article2",
                    "title": "Fintendo Confirms Fario Game, Promises Innovative Gameplay",
                    "content": "Fintendo (FNTD) has officially confirmed the rumors by announcing a major new game in the Fario franchise. The upcoming game promises to feature innovative gameplay and new mechanics that aim to redefine the gaming experience. The announcement has been met with widespread approval from the gaming community and investors alike.",
                    "stocks": [
                        "FNTD"
                    ],
                    "author": "Passionate Paula",
                    "website": "Console Carnival"
                }
            ],
            "stockMovements": [
                {
                    "eventId": "d1movement1a",
                    "stock": "FNTD",
                    "change": 0.7,
                    "percent": true
                },
                {
                    "eventId": "d1movement1b",
                    "stock": "FNTD",
                    "change": 0.7,
                    "percent": true
                },
                {
                    "eventId": "d1movement1c",
                    "stock": "FNTD",
                    "change": 0.6,
                    "percent": true
                },
                {
                    "eventId": "d1movement2a",
                    "stock": "FNTD",
                    "change": 0.8,
                    "percent": true
                },
                {
                    "eventId": "d1movement2b",
                    "stock": "FNTD",
                    "change": 0.8,
                    "percent": true
                },
                {
                    "eventId": "d1movement2c",
                    "stock": "FNTD",
                    "change": 0.9,
                    "percent": true
                }
            ],
            "earningsReport": [],
            "eventSequence": [
                {
                    "eventId": "d1article1",
                    "delay": 0
                },
                {
                    "eventId": "d1movement1a",
                    "delay": 60
                },
                {
                    "eventId": "d1movement1b",
                    "delay": 60
                },
                {
                    "eventId": "d1movement1c",
                    "delay": 60
                },
                {
                    "eventId": "d1article2",
                    "delay": 7020
                },
                {
                    "eventId": "d1movement2a",
                    "delay": 60
                },
                {
                    "eventId": "d1movement2b",
                    "delay": 60
                },
                {
                    "eventId": "d1movement2c",
                    "delay": 60
                }
            ]
        },
        {
            "number": 2,
            "articles": [
                {
                    "eventId": "d2article1",
                    "title": "Analysts Praise Fintendo\u2019s Fario Game Announcement",
                    "content": "Analysts have responded positively to Fintendo's (FNTD) announcement of the new Fario game. Experts predict that the combination of innovative gameplay elements and the strong brand recognition will drive substantial sales. Investors are encouraged by these assessments, anticipating a significant impact on Fintendo\u2019s market performance.",
                    "stocks": [
                        "FNTD"
                    ],
                    "author": "Trendy Tina",
                    "website": "Trend Tribune"
                },
                {
                    "eventId": "d2article2",
                    "title": "Early Gameplay Footage of Fario Game Excites Fans",
                    "content": "Excitement continues to build as early gameplay footage of Fintendo's (FNTD) new Fario game is released. The footage showcases some of the innovative features and dynamic gameplay that were promised in the announcement. Fans are further convinced that this game will be a hit, bolstering confidence in Fintendo's stock performance.",
                    "stocks": [
                        "FNTD"
                    ],
                    "author": "Thrilling Theo",
                    "website": "Console Carnival"
                }
            ],
            "stockMovements": [
                {
                    "eventId": "d2movement1a",
                    "stock": "FNTD",
                    "change": 1.0,
                    "percent": true
                },
                {
                    "eventId": "d2movement1b",
                    "stock": "FNTD",
                    "change": 1.0,
                    "percent": true
                },
                {
                    "eventId": "d2movement1c",
                    "stock": "FNTD",
                    "change": 1.0,
                    "percent": true
                },
                {
                    "eventId": "d2movement2a",
                    "stock": "FNTD",
                    "change": 0.8,
                    "percent": true
                },
                {
                    "eventId": "d2movement2b",
                    "stock": "FNTD",
                    "change": 0.8,
                    "percent": true
                },
                {
                    "eventId": "d2movement2c",
                    "stock": "FNTD",
                    "change": 0.9,
                    "percent": true
                }
            ],
            "earningsReport": [],
            "eventSequence": [
                {
                    "eventId": "d2article1",
                    "delay": 0
                },
                {
                    "eventId": "d2movement1a",
                    "delay": 60
                },
                {
                    "eventId": "d2movement1b",
                    "delay": 60
                },
                {
                    "eventId": "d2movement1c",
                    "delay": 60
                },
                {
                    "eventId": "d2article2",
                    "delay": 14220
                },
                {
                    "eventId": "d2movement2a",
                    "delay": 60
                },
                {
                    "eventId": "d2movement2b",
                    "delay": 60
                },
                {
                    "eventId": "d2movement2c",
                    "delay": 60
                }
            ]
        }
    ],
    "categories": [
        "game_release",
        "gaming"
    ],
    "timeFrame": 2
}