{
    "id": "mepsi_faces_backlash_over_high_sugar_content",
    "title": "Mepsi Faces Backlash Over High Sugar Content",
    "canRepeat": false,
    "description": "Mepsi faces a backlash from consumers over the high sugar content in their beverages. The stock experiences volatility as the company responds to the criticism.",
    "days": [
        {
            "number": 1,
            "articles": [
                {
                    "eventId": "d1article1",
                    "title": "Mepsi Faces Backlash Over High Sugar Content",
                    "content": "Mepsi (MPSI) is under fire from consumers for the high sugar content in its popular beverages. The criticism comes as health-conscious trends continue to gain traction, putting pressure on the company to reconsider its product formulations. The initial reports have already led to a significant drop in Mepsi\u2019s stock price as investors react to the backlash.",
                    "stocks": [
                        "MPSI"
                    ],
                    "author": "Silly Sam",
                    "website": "GamerGiggles.com"
                },
                {
                    "eventId": "d1article2",
                    "title": "Mepsi Defends Its Product Formulations Amid Backlash",
                    "content": "In response to the consumer backlash over the high sugar content in its beverages, Mepsi (MPSI) has released a statement defending its product formulations. The company highlighted its commitment to offering a variety of products that cater to different tastes and preferences, including low-sugar and sugar-free options. While the initial reaction was negative, the stock has shown some signs of stabilizing.",
                    "stocks": [
                        "MPSI"
                    ],
                    "author": "Greta Gamble",
                    "website": "Bull and Bear Circus"
                },
                {
                    "eventId": "d1article3",
                    "title": "Further Consumer Dissatisfaction Hits Mepsi",
                    "content": "Despite Mepsi\u2019s (MPSI) efforts to address consumer concerns, further dissatisfaction has emerged, particularly on social media. Influencers and health advocates are criticizing the company for not doing enough to reduce sugar content across its product range. The continued negative sentiment is causing additional downward pressure on the stock price.",
                    "stocks": [
                        "MPSI"
                    ],
                    "author": "Freddy Fortune",
                    "website": "Moolah Misfits"
                },
                {
                    "eventId": "d1article4",
                    "title": "Analysts Predict Limited Long-Term Impact on Mepsi",
                    "content": "Amid the ongoing backlash, some analysts have weighed in, predicting that the long-term impact on Mepsi (MPSI) will be limited. While the current situation is challenging, they believe that Mepsi\u2019s diverse product portfolio and strong brand loyalty will help it weather the storm. As a result, the stock price has begun to show signs of recovery.",
                    "stocks": [
                        "MPSI"
                    ],
                    "author": "Timmy Tumble",
                    "website": "Silicon Circus"
                }
            ],
            "stockMovements": [
                {
                    "eventId": "d1movement1",
                    "stock": "MPSI",
                    "change": -1.0,
                    "percent": true,
                    "delay": 0
                },
                {
                    "eventId": "d1movement2",
                    "stock": "MPSI",
                    "change": -1.0,
                    "percent": true,
                    "delay": 120
                },
                {
                    "eventId": "d1movement3",
                    "stock": "MPSI",
                    "change": -0.5,
                    "percent": true,
                    "delay": 240
                },
                {
                    "eventId": "d1movement4",
                    "stock": "MPSI",
                    "change": -0.5,
                    "percent": true,
                    "delay": 360
                },
                {
                    "eventId": "d1movement5",
                    "stock": "MPSI",
                    "change": 0.5,
                    "percent": true,
                    "delay": 7200
                },
                {
                    "eventId": "d1movement6",
                    "stock": "MPSI",
                    "change": 0.5,
                    "percent": true,
                    "delay": 7380
                },
                {
                    "eventId": "d1movement7",
                    "stock": "MPSI",
                    "change": 0.5,
                    "percent": true,
                    "delay": 7560
                },
                {
                    "eventId": "d1movement8",
                    "stock": "MPSI",
                    "change": -1.0,
                    "percent": true,
                    "delay": 14400
                },
                {
                    "eventId": "d1movement9",
                    "stock": "MPSI",
                    "change": -0.75,
                    "percent": true,
                    "delay": 14700
                },
                {
                    "eventId": "d1movement10",
                    "stock": "MPSI",
                    "change": -0.75,
                    "percent": true,
                    "delay": 15000
                },
                {
                    "eventId": "d1movement11",
                    "stock": "MPSI",
                    "change": 0.5,
                    "percent": true,
                    "delay": 28800
                },
                {
                    "eventId": "d1movement12",
                    "stock": "MPSI",
                    "change": 0.5,
                    "percent": true,
                    "delay": 29040
                }
            ],
            "earningsReport": [],
            "eventSequence": [
                {
                    "eventId": "d1article1",
                    "delay": 3600
                },
                {
                    "eventId": "d1movement1",
                    "delay": 300
                },
                {
                    "eventId": "d1movement2",
                    "delay": 300
                },
                {
                    "eventId": "d1movement3",
                    "delay": 300
                },
                {
                    "eventId": "d1movement4",
                    "delay": 300
                },
                {
                    "eventId": "d1article2",
                    "delay": 3600
                },
                {
                    "eventId": "d1movement5",
                    "delay": 300
                },
                {
                    "eventId": "d1movement6",
                    "delay": 300
                },
                {
                    "eventId": "d1movement7",
                    "delay": 300
                },
                {
                    "eventId": "d1article3",
                    "delay": 3600
                },
                {
                    "eventId": "d1movement8",
                    "delay": 300
                },
                {
                    "eventId": "d1movement9",
                    "delay": 300
                },
                {
                    "eventId": "d1movement10",
                    "delay": 300
                },
                {
                    "eventId": "d1article4",
                    "delay": 3600
                },
                {
                    "eventId": "d1movement11",
                    "delay": 300
                },
                {
                    "eventId": "d1movement12",
                    "delay": 300
                }
            ]
        }
    ],
    "categories": [
        "consumer_backlash",
        "beverage_industry"
    ],
    "timeFrame": 1
}