{
    "id": "facepage_faces_regulatory_scrutiny",
    "title": "Facepage Faces Regulatory Scrutiny",
    "canRepeat": false,
    "description": "Facepage faces regulatory scrutiny over its data practices, leading to stock fluctuations as the company responds to the situation.",
    "days": [
        {
            "number": 1,
            "articles": [
                {
                    "eventId": "d1article1",
                    "title": "Regulators Set Sights on Facepage's Data Practices",
                    "content": "Facepage (FCPG) is coming under fire from regulators over its handling of user data. Reports suggest that the social media giant is facing increased scrutiny from data protection authorities in several countries, who are concerned about the company's data collection and sharing practices.\n\nThe regulatory pressure comes amid growing public concern about online privacy and the power of big tech companies. Critics argue that Facepage has been too aggressive in its data collection and has not done enough to protect user privacy.\n\nNews of the regulatory scrutiny has spooked investors, with Facepage's stock dropping 3% in early trading. Some analysts worry that the company could face significant fines or be forced to change its business practices, which could impact its revenue and growth prospects.",
                    "stocks": [
                        "FCPG"
                    ],
                    "author": "Serious Simon",
                    "website": "Market Watch Daily"
                },
                {
                    "eventId": "d1article2",
                    "title": "Facepage Pledges Cooperation with Regulators",
                    "content": "In response to the growing regulatory scrutiny, Facepage (FCPG) has issued a statement pledging to cooperate fully with data protection authorities. The company says it is committed to protecting user privacy and will work with regulators to address any concerns they may have.\n\n'We take our responsibilities under data protection laws very seriously,' said Facepage's Chief Privacy Officer. 'We will cooperate fully with regulators to ensure that we are meeting our obligations and protecting the privacy of our users.'\n\nThe statement appears to have reassured some investors, with Facepage's stock recovering slightly, up 1.5% following the news. However, many analysts remain cautious, noting that regulatory investigations can be unpredictable and could still result in significant penalties or changes to the company's business model.",
                    "stocks": [
                        "FCPG"
                    ],
                    "author": "Serious Simon",
                    "website": "Market Watch Daily"
                },
                {
                    "eventId": "d1article3",
                    "title": "Experts Warn of Potential Fines as Facepage Faces Regulatory Probe",
                    "content": "As Facepage (FCPG) continues to face regulatory scrutiny over its data practices, industry experts are warning that the company could be hit with substantial fines. Data protection authorities in several countries have the power to impose penalties of up to 4% of a company's global annual revenue for serious violations of privacy laws.\n\n'Facepage is a huge company with a massive global reach,' said one industry analyst. 'If regulators find evidence of widespread privacy violations, the potential fines could be enormous.'\n\nThe warnings have once again put pressure on Facepage's stock, which dropped 2.5% following the news. Some investors are concerned that the regulatory probe could be a long and costly process for the company, with an uncertain outcome.",
                    "stocks": [
                        "FCPG"
                    ],
                    "author": "Serious Simon",
                    "website": "Market Watch Daily"
                },
                {
                    "eventId": "d1article4",
                    "title": "Analysts Predict Limited Impact from Facepage Regulatory Probe",
                    "content": "Despite the ongoing regulatory scrutiny faced by Facepage (FCPG), some analysts are predicting that the impact on the company's business will be limited. They argue that Facepage has the resources and expertise to navigate the regulatory challenges and that the company's underlying business remains strong.\n\n'Facepage has faced regulatory challenges before and has always come out on top,' said one analyst. 'While the current probe is certainly a concern, we believe the company is well-positioned to weather the storm.'\n\nThese more optimistic assessments have helped to stabilize Facepage's stock, which recovered slightly, up 1% by the end of trading. However, the situation remains fluid, and investors will be closely watching any further developments in the regulatory probe.",
                    "stocks": [
                        "FCPG"
                    ],
                    "author": "Serious Simon",
                    "website": "Market Watch Daily"
                }
            ],
            "stockMovements": [
                {
                    "eventId": "d1movement1",
                    "stock": "FCPG",
                    "change": -3.0,
                    "percent": true
                },
                {
                    "eventId": "d1movement2",
                    "stock": "FCPG",
                    "change": 1.5,
                    "percent": true
                },
                {
                    "eventId": "d1movement3",
                    "stock": "FCPG",
                    "change": -2.5,
                    "percent": true
                },
                {
                    "eventId": "d1movement4",
                    "stock": "FCPG",
                    "change": 1.0,
                    "percent": true
                }
            ],
            "earningsReport": [],
            "eventSequence": [
                {
                    "eventId": "d1article1",
                    "delay": 3600
                },
                {
                    "eventId": "d1movement1",
                    "delay": 300
                },
                {
                    "eventId": "d1article2",
                    "delay": 3600
                },
                {
                    "eventId": "d1movement2",
                    "delay": 300
                },
                {
                    "eventId": "d1article3",
                    "delay": 3600
                },
                {
                    "eventId": "d1movement3",
                    "delay": 300
                },
                {
                    "eventId": "d1article4",
                    "delay": 3600
                },
                {
                    "eventId": "d1movement4",
                    "delay": 300
                }
            ]
        }
    ],
    "categories": [
        "tech",
        "regulatory",
        "privacy"
    ],
    "timeFrame": 1
}