{
    "id": "facepage_new_messaging_feature_faces_issues",
    "title": "Facepage's New Messaging Feature Faces Issues",
    "canRepeat": false,
    "description": "Facepage launches a new messaging feature for ChatApp, but technical issues and user dissatisfaction lead to a sharp drop in stock prices over three days.",
    "days": [
      {
        "number": 1,
        "articles": [
          {
            "eventId": "d1article1",
            "title": "Facepage Rumored to Launch New ChatApp Messaging Feature",
            "content": "Rumor has it that Facepage (FCPG) is preparing to launch a groundbreaking new messaging feature for its popular ChatApp platform. Sources close to the company suggest that the new feature will incorporate cutting-edge AI technology to enhance user experience and streamline communication.\n\nIf the rumors are true, this could be a significant move for Facepage, as it seeks to solidify its position in the competitive messaging app market. The company has been investing heavily in AI research and development, and this new feature could be the first major fruit of those efforts.\n\nNews of the potential new feature has already generated excitement among investors, with Facepage's stock rising 2.5% in anticipation of the announcement. Many analysts believe that a successful launch could drive significant user growth and engagement for ChatApp.",
            "stocks": ["FCPG"],
            "author": "Trendy Tina",
            "website": "Trend Tribune"
          },
          {
            "eventId": "d1article2",
            "title": "Facepage Unveils AI-Powered ChatApp Messaging Feature",
            "content": "Facepage (FCPG) has officially launched its much-anticipated new messaging feature for ChatApp. The feature, dubbed 'ChatApp AI,' uses advanced artificial intelligence algorithms to enhance the messaging experience for users.\n\nAccording to Facepage, ChatApp AI can understand the context and intent behind user messages, allowing it to provide more relevant and helpful responses. The AI can also assist with tasks such as scheduling, reminders, and even language translation.\n\n'We believe that ChatApp AI represents the future of messaging,' said Facepage CEO Markus Zuckerborg. 'By harnessing the power of artificial intelligence, we can create a more intuitive, efficient, and enjoyable messaging experience for our users.'\n\nInvestors have responded positively to the launch, with Facepage's stock climbing an additional 3% following the announcement. Many analysts predict that ChatApp AI could be a game-changer for the platform, attracting new users and driving increased engagement.",
            "stocks": ["FCPG"],
            "author": "Chic Charlie",
            "website": "Trend Tribune"
          }
        ],
        "stockMovements": [
          {
            "eventId": "d1movement1",
            "stock": "FCPG",
            "change": 2.5,
            "percent": true
          },
          {
            "eventId": "d1movement2",
            "stock": "FCPG",
            "change": 3.0,
            "percent": true
          }
        ],
        "earningsReport": [],
        "eventSequence": [
          {
            "eventId": "d1article1",
            "delay": 0
          },
          {
            "eventId": "d1movement1",
            "delay": 120
          },
          {
            "eventId": "d1article2",
            "delay": 10680
          },
          {
            "eventId": "d1movement2",
            "delay": 120
          }
        ]
      },
      {
        "number": 2,
        "articles": [
          {
            "eventId": "d2article1",
            "title": "Early Feedback Positive for Facepage's ChatApp AI",
            "content": "Early user feedback for Facepage's (FCPG) new ChatApp AI feature has been overwhelmingly positive. Users have praised the AI's ability to understand context and provide helpful responses, with many saying it has significantly improved their messaging experience.\n\n'I've been using ChatApp AI for a few days now, and I'm blown away,' said one user. 'It's like having a personal assistant right in my messaging app. It's made communication so much easier and more efficient.'\n\nAnalysts say the positive early reception bodes well for Facepage, as it suggests that ChatApp AI is living up to the hype. Many predict that the feature could drive a significant uptick in user growth and engagement for the platform.\n\nFacepage's stock continues to rise on the positive news, with shares gaining another 2% in early trading. The company will be hoping that ChatApp AI can continue to impress users and drive long-term growth for the platform.",
            "stocks": ["FCPG"],
            "author": "Trendy Tina",
            "website": "Trend Tribune"
          },
          {
            "eventId": "d2article2",
            "title": "Technical Issues Plague Facepage's ChatApp AI Launch",
            "content": "Just days after the launch of its highly anticipated ChatApp AI feature, Facepage (FCPG) is grappling with a series of technical glitches that have frustrated users and raised concerns among investors.\n\nUsers have reported issues with the AI providing inaccurate or nonsensical responses, as well as instances of the feature crashing or freezing the app entirely. Some have even claimed that the AI has sent messages without their input or consent.\n\n'I was excited to try out ChatApp AI, but so far it's been a complete mess,' said one disgruntled user. 'Half the time it doesn't work at all, and when it does, it's sending weird, random messages. I'm not sure I trust it.'\n\nFacepage has acknowledged the issues and says it is working to resolve them, but the glitches have already taken a toll on the company's stock. Shares have plummeted 2% as investors worry about the potential fallout from the botched launch.",
            "stocks": ["FCPG"],
            "author": "Dramatic Dana",
            "website": "Byte Banter"
          }
        ],
        "stockMovements": [
          {
            "eventId": "d2movement1",
            "stock": "FCPG",
            "change": 2.0,
            "percent": true
          },
          {
            "eventId": "d2movement2",
            "stock": "FCPG",
            "change": -2.0,
            "percent": true
          }
        ],
        "earningsReport": [],
        "eventSequence": [
          {
            "eventId": "d2article1",
            "delay": 0
          },
          {
            "eventId": "d2movement1",
            "delay": 120
          },
          {
            "eventId": "d2article2",
            "delay": 14280
          },
          {
            "eventId": "d2movement2",
            "delay": 120
          }
        ]
      },
      {
        "number": 3,
        "articles": [
          {
            "eventId": "d3article1",
            "title": "Facepage Scrambles to Fix ChatApp AI Issues",
            "content": "Facepage (FCPG) is racing to resolve the technical problems plaguing its ChatApp AI feature, as user complaints continue to mount and investor confidence wavers.\n\nThe company has released a series of patches and updates aimed at addressing the glitches, but many users report that the issues persist. Some have even announced that they are abandoning the platform altogether in favor of competitors.\n\n'I've been a loyal ChatApp user for years, but this AI mess is the last straw,' said one former user. 'I can't trust a messaging app that can't get something as basic as sending a message right. I'm switching to a competitor that values reliability.'\n\nThe ongoing problems have sparked a sharp selloff in Facepage's stock, with shares plunging 3% as the company struggles to contain the fallout. Some analysts are now questioning whether the ChatApp AI launch was rushed and poorly executed.",
            "stocks": ["FCPG"],
            "author": "Dramatic Dana",
            "website": "Byte Banter"
          },
          {
            "eventId": "d3article2",
            "title": "Analysts Slash Facepage Growth Forecasts Amid ChatApp AI Woes",
            "content": "The turmoil surrounding Facepage's (FCPG) flawed ChatApp AI launch has prompted many analysts to cut their growth projections for the company. Several prominent firms have issued revised forecasts, citing concerns about user attrition and damaged brand reputation.\n\n'We believe that Facepage's mishandling of the ChatApp AI launch will have significant and lasting consequences for the company,' wrote one analyst in a research note. 'User trust has been eroded, and it will take time and flawless execution for Facepage to win it back. In the meantime, we expect growth to slow and possibly even reverse.'\n\nThe reduced growth forecasts have further pressured Facepage's stock, which has fallen an additional 4% and is now down 15% since the ChatApp AI launch. Some investors worry that the company may struggle to regain its footing in the fiercely competitive messaging app market.\n\nFacepage CEO Markus Zuckerborg has reportedly called an emergency meeting with top executives to address the Crisis and chart a path forward. However, with user anger mounting and investor confidence shaken, the road to recovery looks increasingly challenging for the embattled tech giant.",
            "stocks": ["FCPG"],
            "author": "Dramatic Dana",
            "website": "Byte Banter"
          }
        ],
        "stockMovements": [
          {
            "eventId": "d3movement1",
            "stock": "FCPG",
            "change": -3.0,
            "percent": true
          },
          {
            "eventId": "d3movement2",
            "stock": "FCPG",
            "change": -4.0,
            "percent": true
          }
        ],
        "earningsReport": [],
        "eventSequence": [
          {
            "eventId": "d3article1",
            "delay": 0
          },
          {
            "eventId": "d3movement1",
            "delay": 120
          },
          {
            "eventId": "d3article2",
            "delay": 10680
          },
          {
            "eventId": "d3movement2",
            "delay": 120
          }
        ]
      }
    ],
    "categories": ["tech", "product_issues", "AI"],
    "timeFrame": 3
  }