{
    "id": "facepage_expands_instapic_features",
    "title": "Facepage Expands InstaPic Features",
    "canRepeat": false,
    "description": "Facepage announces an expansion of its InstaPic features, leading to stock gains over two days.",
    "days": [
      {
        "number": 1,
        "articles": [
          {
            "eventId": "d1article1",
            "title": "Rumor: Facepage Planning Major InstaPic Upgrade",
            "content": "Rumors are swirling that social media giant Facepage (FCPG) is gearing up for a significant expansion of its popular InstaPic platform. According to inside sources, the company is preparing to launch a suite of new features aimed at enhancing user engagement and creativity.\n\nWhile details are scarce, leaked documents suggest that the upgrade could include advanced editing tools, new filters and effects, and even a built-in social commerce feature allowing users to tag and sell products directly from their posts.\n\nIf true, the move could solidify InstaPic's position as the leading photo-sharing platform and drive significant user growth. Investors seem to agree, with Facepage's stock rising 1.5% on the rumor.",
            "stocks": ["FCPG"],
            "author": "Trendy Tina",
            "website": "Trend Tribune"
          },
          {
            "eventId": "d1article2",
            "title": "Facepage Confirms Major InstaPic Feature Expansion",
            "content": "Facepage (FCPG) has officially confirmed plans for a major expansion of its InstaPic platform. In a press release, the company announced a suite of new features designed to 'empower users to express themselves like never before.'\n\nThe upgrade, set to roll out over the coming weeks, will include:\n\n- Advanced editing tools, including the ability to adjust brightness, contrast, saturation, and more\n- A range of new filters and effects, from vintage-inspired presets to futuristic AI-generated styles\n- Integrated social commerce features, allowing users to tag products and link directly to purchase pages\n- Enhanced discovery tools to help users find and connect with content and creators they love\n\n'We believe that these new features will redefine what's possible with photo sharing,' said Facepage CEO Markus Zuckerborg. 'We can't wait to see what our incredibly creative community will do with these tools.'\n\nInvestors have cheered the news, sending Facepage's stock up an additional 2% on the announcement. Analysts predict the InstaPic expansion could drive significant user engagement and revenue growth for the company.",
            "stocks": ["FCPG"],
            "author": "Trendy Tina",
            "website": "Trend Tribune"
          }
        ],
        "stockMovements": [
          {
            "eventId": "d1movement1",
            "stock": "FCPG",
            "change": 1.5,
            "percent": true
          },
          {
            "eventId": "d1movement2",
            "stock": "FCPG",
            "change": 2.0,
            "percent": true
          }
        ],
        "earningsReport": [],
        "eventSequence": [
          {
            "eventId": "d1article1",
            "delay": 0
          },
          {
            "eventId": "d1movement1",
            "delay": 120
          },
          {
            "eventId": "d1article2",
            "delay": 7080
          },
          {
            "eventId": "d1movement2",
            "delay": 180
          }
        ]
      },
      {
        "number": 2,
        "articles": [
          {
            "eventId": "d2article1",
            "title": "Analysts: InstaPic Upgrade a Game-Changer for Facepage",
            "content": "As Facepage (FCPG) begins rolling out its highly anticipated InstaPic feature expansion, analysts are hailing the move as a potential game-changer for the company.\n\n'This is a masterstroke by Facepage,' said social media analyst Priya Patel. 'By giving users powerful new tools for creativity and expression, while also integrating commerce features, InstaPic is positioning itself as the go-to platform for both content creation and consumption.'\n\nOthers point to the potential for the upgrade to drive significant user growth and engagement. 'We could see InstaPic's user base expand rapidly as word of these new features spreads,' predicted tech journalist Ethan Lee. 'And with more users spending more time on the platform, that's a recipe for strong revenue growth through increased ad impressions and e-commerce commissions.'\n\nFacepage's stock continues to climb on the positive analyst sentiment, rising another 2.5% in morning trading. Many on Wall Street now see the company as well-positioned for sustained growth in the competitive social media landscape.",
            "stocks": ["FCPG"],
            "author": "Trendy Tina",
            "website": "Trend Tribune"
          },
          {
            "eventId": "d2article2",
            "title": "Facepage's InstaPic Upgrade Met with Positive Early Buzz",
            "content": "Early reactions are pouring in as users get their first taste of Facepage's (FCPG) ambitious InstaPic feature expansion, and the buzz is overwhelmingly positive.\n\nAcross social media, users are praising the new editing tools and creative filters, with many sharing side-by-side comparisons showing how the features have transformed their photos. The integrated e-commerce tools are also generating significant chatter, with users excited about the prospect of being able to monetize their content more easily.\n\n'I've been on InstaPic for years, but these new features make it feel like a whole new platform,' gushed one user. 'The level of control and creativity is incredible. I feel like I can really make my feed stand out now.'\n\nAnalysts say the early positive reception is a strong sign for Facepage and could translate into accelerated user growth and engagement. The company's stock, which has already been on a tear, gained another 2% on the positive user sentiment.",
            "stocks": ["FCPG"],
            "author": "Chic Charlie",
            "website": "Trend Tribune"
          }
        ],
        "stockMovements": [
          {
            "eventId": "d2movement1",
            "stock": "FCPG",
            "change": 2.5,
            "percent": true
          },
          {
            "eventId": "d2movement2",
            "stock": "FCPG",
            "change": 2.0,
            "percent": true
          }
        ],
        "earningsReport": [],
        "eventSequence": [
          {
            "eventId": "d2article1",
            "delay": 0
          },
          {
            "eventId": "d2movement1",
            "delay": 120
          },
          {
            "eventId": "d2article2",
            "delay": 14280
          },
          {
            "eventId": "d2movement2",
            "delay": 180
          }
        ]
      }
    ],
    "categories": ["tech", "product_expansion", "social_media"],
    "timeFrame": 2
  }