{
    "id": "facepage_introduces_ai_powered_ad_targeting",
    "title": "Facepage Introduces AI-Powered Ad Targeting",
    "canRepeat": false,
    "description": "Facepage introduces AI-powered ad targeting, leading to initial stock gains followed by privacy concerns and a slight dip, but ultimately recovering as the company addresses the issues.",
    "days": [
        {
            "number": 1,
            "articles": [
                {
                    "eventId": "d1article1",
                    "title": "Facepage Set to Revolutionize Ad Targeting with AI",
                    "content": "Rumors are swirling that Facepage (FCPG) is on the verge of unveiling a groundbreaking AI-powered ad targeting system. Sources close to the company suggest that the new technology will allow advertisers to deliver highly personalized ads based on users' interests, behaviors, and demographics.\n\nIf true, this development could be a game-changer for the online advertising industry. By leveraging the vast amounts of user data at its disposal, Facepage could offer advertisers unprecedented insights and targeting capabilities.\n\nNews of the rumored AI system has already generated buzz among investors, with Facepage's stock rising 2.5% in anticipation of the announcement. Many analysts believe that this could be the company's next big revenue driver, cementing its position as a leader in the digital advertising space.",
                    "stocks": [
                        "FCPG"
                    ],
                    "author": "Trendy Tina",
                    "website": "Trend Tribune"
                },
                {
                    "eventId": "d1article2",
                    "title": "Facepage Unveils AI-Powered Ad Platform, Promises Personalization at Scale",
                    "content": "Facepage (FCPG) has officially lifted the curtain on its much-anticipated AI-powered ad targeting system. Dubbed 'AdaptiveAds,' the new platform promises to revolutionize the way advertisers reach their target audiences on the social network.\n\nAccording to Facepage, AdaptiveAds uses advanced machine learning algorithms to analyze vast amounts of user data, allowing advertisers to deliver highly relevant, personalized ads in real-time. The system takes into account factors such as user interests, behaviors, demographics, and even the content of their posts to ensure that ads are tailored to each individual user.\n\n'With AdaptiveAds, we're bringing the power of AI to online advertising,' said Facepage CEO Markus Zuckerborg. 'This is a huge step forward in terms of ad relevance and effectiveness, and we believe it will deliver significant value to both advertisers and users.'\n\nInvestors have reacted positively to the news, with Facepage's stock surging an additional 3.5% following the official announcement. Many analysts predict that AdaptiveAds could become a major revenue driver for the company, solidifying its position as a leader in the digital advertising industry.",
                    "stocks": [
                        "FCPG"
                    ],
                    "author": "Chic Charlie",
                    "website": "Trend Tribune"
                },
                {
                    "eventId": "d1article3",
                    "title": "Privacy Advocates Raise Concerns Over Facepage's AI Ad Targeting",
                    "content": "Not everyone is celebrating Facepage's (FCPG) new AI-powered ad targeting system. Privacy advocates have raised concerns about the vast amounts of user data being collected and analyzed by the platform, arguing that it could lead to the erosion of personal privacy.\n\n'Facepage's AdaptiveAds is a troubling development,' said privacy expert Emma Thompson. 'By using AI to analyze every aspect of users' online behavior, the company is essentially building detailed profiles of each individual. This level of surveillance and profiling is deeply concerning.'\n\nOthers have questioned whether users have given meaningful consent for their data to be used in this way, and have called on Facepage to provide greater transparency and control over how personal information is collected and used for advertising purposes.\n\nThe concerns raised by privacy advocates appear to have struck a chord with some investors, as Facepage's stock dipped 2% following the critical statements. However, the overall impact on the company's stock price has been relatively muted, suggesting that many investors still see the potential benefits of the new ad targeting system.",
                    "stocks": [
                        "FCPG"
                    ],
                    "author": "Dramatic Dana",
                    "website": "Byte Banter"
                },
                {
                    "eventId": "d1article4",
                    "title": "Facepage Addresses Privacy Concerns, Stock Recovers",
                    "content": "Facepage (FCPG) has moved swiftly to address the privacy concerns raised over its new AI-powered ad targeting system. In a blog post, the company outlined several measures it will take to ensure user privacy is protected and to give individuals greater control over their data.\n\n'We hear the concerns that have been raised, and we're committed to finding the right balance between delivering relevant ads and protecting user privacy,' wrote Facepage's Chief Privacy Officer. 'To that end, we'll be rolling out new tools to give users more transparency and control over how their data is used for advertising purposes.'\n\nThe measures announced include a new privacy dashboard where users can see what information is being used to target ads, the ability to opt-out of certain types of targeting, and clearer explanations of how the AdaptiveAds system works.\n\nFacepage's proactive response appears to have reassured investors, with the company's stock recovering from its earlier dip and rising 1.5% by the end of trading. Many analysts believe that by addressing privacy concerns head-on, Facepage has demonstrated its commitment to responsible innovation and is well-positioned to continue leading the digital advertising industry.",
                    "stocks": [
                        "FCPG"
                    ],
                    "author": "Trendy Tina",
                    "website": "Trend Tribune"
                }
            ],
            "stockMovements": [
                {
                    "eventId": "d1movement1",
                    "stock": "FCPG",
                    "change": 2.5,
                    "percent": true
                },
                {
                    "eventId": "d1movement2",
                    "stock": "FCPG",
                    "change": 3.5,
                    "percent": true
                },
                {
                    "eventId": "d1movement3",
                    "stock": "FCPG",
                    "change": -2.0,
                    "percent": true
                },
                {
                    "eventId": "d1movement4",
                    "stock": "FCPG",
                    "change": 1.5,
                    "percent": true
                }
            ],
            "earningsReport": [],
            "eventSequence": [
                {
                    "eventId": "d1article1",
                    "delay": 3600
                },
                {
                    "eventId": "d1movement1",
                    "delay": 300
                },
                {
                    "eventId": "d1article2",
                    "delay": 3600
                },
                {
                    "eventId": "d1movement2",
                    "delay": 300
                },
                {
                    "eventId": "d1article3",
                    "delay": 3600
                },
                {
                    "eventId": "d1movement3",
                    "delay": 300
                },
                {
                    "eventId": "d1article4",
                    "delay": 3600
                },
                {
                    "eventId": "d1movement4",
                    "delay": 300
                }
            ]
        }
    ],
    "categories": [
        "tech",
        "advertising",
        "privacy"
    ],
    "timeFrame": 1
}