{
    "id": "thisney_faces_backlash_over_censorship",
    "title": "Thisney Faces Backlash Over Censorship in China",
    "canRepeat": false,
    "description": "Thisney faces backlash over its decision to censor content in China, causing controversy and fluctuation in their stock.",
    "days": [
        {
            "number": 1,
            "articles": [
                {
                    "eventId": "d1article1",
                    "title": "Thisney Under Fire for Censorship in China",
                    "content": "Reports have emerged that Thisney (TSNY) is censoring content in China, leading to significant backlash. Critics argue that this move undermines freedom of speech and artistic integrity. Social media is abuzz with negative sentiments, and many users are calling for a boycott of Thisney products. The stock has seen immediate reactions, dipping sharply.",
                    "stocks": [
                        "TSNY"
                    ],
                    "author": "Dramatic Dana",
                    "website": "Console Carnival"
                },
                {
                    "eventId": "d1article2",
                    "title": "Thisney Defends Censorship Decision in China",
                    "content": "Amidst rising controversy, Thisney (TSNY) has defended its decision to censor content in China, stating it is a measure for 'local market compliance'. The company emphasized its commitment to adhering to regional laws and regulatory requirements. While some investors find reassurance in the company\u2019s stance for maintaining market presence, others worry about potential long-term repercussions.",
                    "stocks": [
                        "TSNY"
                    ],
                    "author": "Peter Processor",
                    "website": "Silicon Circus"
                },
                {
                    "eventId": "d1article3",
                    "title": "International Backlash Over Thisney\u2019s Move Continues",
                    "content": "Despite Thisney\u2019s attempts to justify their actions, the backlash from international audiences has been severe. Critics across the globe argue that Thisney is compromising its values for profit. Consumer trust appears to be waning, and calls for boycotts show no signs of diminishing. This ongoing controversy has led to another dip in Thisney\u2019s stock.",
                    "stocks": [
                        "TSNY"
                    ],
                    "author": "Timmy Tumble",
                    "website": "Bull and Bear Circus"
                },
                {
                    "eventId": "d1article4",
                    "title": "Analysts Predict Limited Long-Term Impact on Thisney",
                    "content": "In light of the recent events, analysts predict that Thisney\u2019s (TSNY) stock may stabilize over the longer term. Analysts argue that while the backlash is significant, it is unlikely to have a lasting impact on Thisney\u2019s overall market performance. The company\u2019s strong brand and diverse portfolio are expected to help weather this storm.",
                    "stocks": [
                        "TSNY"
                    ],
                    "author": "Warren Buffoon",
                    "website": "Cash Clown"
                }
            ],
            "stockMovements": [
                {
                    "eventId": "d1movement1",
                    "stock": "TSNY",
                    "change": -1.0,
                    "percent": true
                },
                {
                    "eventId": "d1movement2",
                    "stock": "TSNY",
                    "change": -1.0,
                    "percent": true,
                    "delay": 60
                },
                {
                    "eventId": "d1movement3",
                    "stock": "TSNY",
                    "change": -1.0,
                    "percent": true,
                    "delay": 60
                },
                {
                    "eventId": "d2movement1",
                    "stock": "TSNY",
                    "change": 0.75,
                    "percent": true,
                    "delay": 6820
                },
                {
                    "eventId": "d2movement2",
                    "stock": "TSNY",
                    "change": 0.75,
                    "percent": true,
                    "delay": 120
                },
                {
                    "eventId": "d3movement1",
                    "stock": "TSNY",
                    "change": -0.75,
                    "percent": true,
                    "delay": 7210
                },
                {
                    "eventId": "d3movement2",
                    "stock": "TSNY",
                    "change": -0.75,
                    "percent": true,
                    "delay": 180
                },
                {
                    "eventId": "d3movement3",
                    "stock": "TSNY",
                    "change": -1.0,
                    "percent": true,
                    "delay": 360
                },
                {
                    "eventId": "d4movement1",
                    "stock": "TSNY",
                    "change": 0.5,
                    "percent": true,
                    "delay": 15490
                },
                {
                    "eventId": "d4movement2",
                    "stock": "TSNY",
                    "change": 0.5,
                    "percent": true,
                    "delay": 120
                }
            ],
            "earningsReport": [],
            "eventSequence": [
                {
                    "eventId": "d1article1",
                    "delay": 3600
                },
                {
                    "eventId": "d1movement1",
                    "delay": 300
                },
                {
                    "eventId": "d1movement2",
                    "delay": 300
                },
                {
                    "eventId": "d1movement3",
                    "delay": 300
                },
                {
                    "eventId": "d1article2",
                    "delay": 3600
                },
                {
                    "eventId": "d2movement1",
                    "delay": 300
                },
                {
                    "eventId": "d2movement2",
                    "delay": 300
                },
                {
                    "eventId": "d1article3",
                    "delay": 3600
                },
                {
                    "eventId": "d3movement1",
                    "delay": 300
                },
                {
                    "eventId": "d3movement2",
                    "delay": 300
                },
                {
                    "eventId": "d3movement3",
                    "delay": 300
                },
                {
                    "eventId": "d1article4",
                    "delay": 3600
                },
                {
                    "eventId": "d4movement1",
                    "delay": 300
                },
                {
                    "eventId": "d4movement2",
                    "delay": 300
                }
            ]
        }
    ],
    "categories": [
        "censorship",
        "entertainment"
    ],
    "timeFrame": 1
}