{
    "id": "thisney_faces_controversy_over_copyright_lawsuits",
    "title": "Thisney Faces Controversy Over Copyright Lawsuits",
    "canRepeat": false,
    "description": "Thisney is facing backlash for aggressively pursuing copyright lawsuits against small creators, causing stock fluctuations.",
    "days": [
        {
            "number": 1,
            "articles": [
                {
                    "eventId": "d1article1",
                    "title": "Thisney Aggressively Pursues Copyright Lawsuits",
                    "content": "Reports have surfaced that Thisney (TSNY) has been aggressively pursuing copyright lawsuits against small creators, causing an uproar within the community. Many see this as a heavy-handed tactic that stifles creativity and innovation. Social media platforms have lit up with outrage, with hashtags like #StopThisney trending worldwide. Some creators have shared their own stories of being targeted, painting a grim picture of Thisney's current approach.",
                    "stocks": [
                        "TSNY"
                    ],
                    "author": "Sally Shortsell",
                    "website": "Bull and Bear Circus"
                }
            ],
            "stockMovements": [
                {
                    "eventId": "d1movement1",
                    "stock": "TSNY",
                    "change": -0.8,
                    "percent": true,
                    "delay": 120
                },
                {
                    "eventId": "d1movement2",
                    "stock": "TSNY",
                    "change": -0.6,
                    "percent": true,
                    "delay": 180
                },
                {
                    "eventId": "d1movement3",
                    "stock": "TSNY",
                    "change": -0.6,
                    "percent": true,
                    "delay": 240
                },
                {
                    "eventId": "d1article2",
                    "stock": "TSNY",
                    "change": 0,
                    "percent": true,
                    "delay": 9720
                }
            ],
            "earningsReport": [],
            "eventSequence": [
                {
                    "eventId": "d1article1",
                    "delay": 0
                },
                {
                    "eventId": "d1movement1",
                    "delay": 120
                },
                {
                    "eventId": "d1movement2",
                    "delay": 180
                },
                {
                    "eventId": "d1movement3",
                    "delay": 240
                },
                {
                    "eventId": "d1article2",
                    "delay": 9720
                }
            ]
        },
        {
            "number": 2,
            "articles": [
                {
                    "eventId": "d2article1",
                    "title": "Public Reacts to Thisney's Lawsuits",
                    "content": "Further reports reveal that public opinion remains strongly against Thisney (TSNY) over its aggressive copyright lawsuits. Critics argue that Thisney's actions go beyond protecting intellectual property, venturing into the realm of bullying smaller creators. The backlash has not subsided, with more high-profile creators and influencers speaking out against the media giant.",
                    "stocks": [
                        "TSNY"
                    ],
                    "author": "Timmy Tumble",
                    "website": "Bull and Bear Circus"
                }
            ],
            "stockMovements": [
                {
                    "eventId": "d2movement1",
                    "stock": "TSNY",
                    "change": -1,
                    "percent": true,
                    "delay": 120
                },
                {
                    "eventId": "d2movement2",
                    "stock": "TSNY",
                    "change": -0.75,
                    "percent": true,
                    "delay": 180
                },
                {
                    "eventId": "d2movement3",
                    "stock": "TSNY",
                    "change": -0.75,
                    "percent": true,
                    "delay": 240
                },
                {
                    "eventId": "d2article2",
                    "stock": "TSNY",
                    "change": 0,
                    "percent": true,
                    "delay": 13440
                }
            ],
            "earningsReport": [],
            "eventSequence": [
                {
                    "eventId": "d2article1",
                    "delay": 0
                },
                {
                    "eventId": "d2movement1",
                    "delay": 120
                },
                {
                    "eventId": "d2movement2",
                    "delay": 180
                },
                {
                    "eventId": "d2movement3",
                    "delay": 240
                },
                {
                    "eventId": "d2article2",
                    "delay": 13440
                }
            ]
        },
        {
            "number": 3,
            "articles": [
                {
                    "eventId": "d3article1",
                    "title": "Analysts Cautious Over Thisney's Future",
                    "content": "Market analysts are expressing caution over the future of Thisney (TSNY) amidst the ongoing controversy. While some believe that Thisney may weather the storm by making necessary adjustments to its legal strategies, others foresee potential setbacks. Analysts are wary about the long-term impact of the negative publicity on the company's brand and financial performance. The mixed outlook has led to uncertainty among investors.",
                    "stocks": [
                        "TSNY"
                    ],
                    "author": "Carl Calamity",
                    "website": "Moolah Misfits"
                }
            ],
            "stockMovements": [
                {
                    "eventId": "d3movement1",
                    "stock": "TSNY",
                    "change": -0.5,
                    "percent": true,
                    "delay": 120
                },
                {
                    "eventId": "d3movement2",
                    "stock": "TSNY",
                    "change": -0.5,
                    "percent": true,
                    "delay": 180
                },
                {
                    "eventId": "d3movement3",
                    "stock": "TSNY",
                    "change": -0.5,
                    "percent": true,
                    "delay": 240
                },
                {
                    "eventId": "d3article2",
                    "stock": "TSNY",
                    "change": 0,
                    "percent": true,
                    "delay": 9720
                }
            ],
            "earningsReport": [],
            "eventSequence": [
                {
                    "eventId": "d3article1",
                    "delay": 0
                },
                {
                    "eventId": "d3movement1",
                    "delay": 120
                },
                {
                    "eventId": "d3movement2",
                    "delay": 180
                },
                {
                    "eventId": "d3movement3",
                    "delay": 240
                },
                {
                    "eventId": "d3article2",
                    "delay": 9720
                }
            ]
        }
    ],
    "categories": [
        "legal",
        "entertainment",
        "stocks",
        "other"
    ],
    "timeFrame": 3
}