{
    "id": "thisney_introduces_ad_supported_tier_for_thisney_plus",
    "title": "Thisney Introduces Ad-Supported Tier for Thisney+",
    "canRepeat": false,
    "description": "Thisney (TSNY) introduces an ad-supported tier for Thisney+, leading to a series of stock movements as investor sentiment shifts throughout the day.",
    "days": [
        {
            "number": 1,
            "articles": [
                {
                    "eventId": "d1article1",
                    "title": "Thisney+ Ad-Supported Tier Rumors Spark Excitement",
                    "content": "Thisney (TSNY) is once again at the center of the media world as rumors swirl about the introduction of an ad-supported tier for its popular streaming service, Thisney+. Industry insiders suggest that the new tier could debut as early as next month, aiming to make the service more accessible to a wider audience. The potential ad-supported option has created quite a buzz among subscribers and investors alike, as Thisney continually looks for innovative ways to enhance their audience reach and revenue streams.",
                    "stocks": [
                        "TSNY"
                    ],
                    "author": "Pop Culture Paula",
                    "website": "TrendTribune.com"
                },
                {
                    "eventId": "d1article2",
                    "title": "Thisney Confirms Affordable Ad-Supported Tier for Thisney+",
                    "content": "In a stunning announcement, Thisney (TSNY) has confirmed the rumors of an upcoming ad-supported tier for their streaming service, Thisney+. This new option promises 'affordable access' to the enchanting world of Thisney for an even broader audience. 'Thisney has always been about magic and stories, and now we're bringing that magic within reach for everyone,' said CEO Bob Chapeck in a press release. The move is expected to open the doors for millions more viewers while presenting lucrative advertising opportunities for Thisney. Stock prices surged following the news, reflecting investor optimism for this promising development.",
                    "stocks": [
                        "TSNY"
                    ],
                    "author": "Hype Harry",
                    "website": "MarketMadness.com"
                },
                {
                    "eventId": "d1article3",
                    "title": "Skeptics Question Necessity of Ads in Thisney+'s New Tier",
                    "content": "The confirmation of Thisney's (TSNY) ad-supported tier for Thisney+ has not been without controversy. Within hours, skepticism began to surface about the necessity and wisdom of incorporating ads into such a cherished platform. Critics argue that introducing advertisements might dilute the premium user experience Thisney is known for and could potentially drive existing subscribers away. The concerns have led to a slight dip in the stock price, as some investors question the long-term impact on Thisney+'s reputation.",
                    "stocks": [
                        "TSNY"
                    ],
                    "author": "Timmy Tumble",
                    "website": "BullandBearCircus.com"
                },
                {
                    "eventId": "d1article4",
                    "title": "Thisney Reassures with Sky-High Subscriber Numbers",
                    "content": "In response to the skepticism surrounding the newly announced ad-supported tier for Thisney+ (TSNY), Thisney has come forward with compelling data to reassure stakeholders. The company revealed impressive subscriber engagement metrics and robust growth figures, reflecting the platform's vast and loyal audience. The strong subscriber base has quickly quelled concerns about the integration of ads and driven a recovery in the stock price. Thisney's ability to effectively monetize their massive user base is seen as a strategic masterstroke, guaranteeing profitability without compromising on magic.",
                    "stocks": [
                        "TSNY"
                    ],
                    "author": "Loony Larry",
                    "website": "IndustryInsanity.com"
                }
            ],
            "stockMovements": [
                {
                    "eventId": "d1movement1",
                    "stock": "TSNY",
                    "change": 1.0,
                    "percent": true,
                    "delay": 600
                },
                {
                    "eventId": "d1movement2",
                    "stock": "TSNY",
                    "change": 1.0,
                    "percent": true,
                    "delay": 600
                },
                {
                    "eventId": "d1movement3",
                    "stock": "TSNY",
                    "change": 1.5,
                    "percent": true,
                    "delay": 900
                },
                {
                    "eventId": "d1movement4",
                    "stock": "TSNY",
                    "change": -0.5,
                    "percent": true,
                    "delay": 600
                },
                {
                    "eventId": "d1movement5",
                    "stock": "TSNY",
                    "change": -0.5,
                    "percent": true,
                    "delay": 600
                },
                {
                    "eventId": "d1movement6",
                    "stock": "TSNY",
                    "change": -1.0,
                    "percent": true,
                    "delay": 900
                },
                {
                    "eventId": "d1movement7",
                    "stock": "TSNY",
                    "change": 0.5,
                    "percent": true,
                    "delay": 300
                },
                {
                    "eventId": "d1movement8",
                    "stock": "TSNY",
                    "change": 0.5,
                    "percent": true,
                    "delay": 600
                },
                {
                    "eventId": "d1movement9",
                    "stock": "TSNY",
                    "change": 1.0,
                    "percent": true,
                    "delay": 1200
                }
            ],
            "earningsReport": [],
            "eventSequence": [
                {
                    "eventId": "d1article1",
                    "delay": 3600
                },
                {
                    "eventId": "d1movement1",
                    "delay": 300
                },
                {
                    "eventId": "d1movement2",
                    "delay": 300
                },
                {
                    "eventId": "d1movement3",
                    "delay": 300
                },
                {
                    "eventId": "d1article2",
                    "delay": 3600
                },
                {
                    "eventId": "d1movement4",
                    "delay": 300
                },
                {
                    "eventId": "d1movement5",
                    "delay": 300
                },
                {
                    "eventId": "d1movement6",
                    "delay": 300
                },
                {
                    "eventId": "d1article3",
                    "delay": 3600
                },
                {
                    "eventId": "d1movement7",
                    "delay": 300
                },
                {
                    "eventId": "d1movement8",
                    "delay": 300
                },
                {
                    "eventId": "d1movement9",
                    "delay": 300
                },
                {
                    "eventId": "d1article4",
                    "delay": 3600
                }
            ]
        }
    ],
    "categories": [
        "streaming_services",
        "media",
        "advertising"
    ],
    "timeFrame": 1
}