{
    "id": "thisney_major_theme_park_expansion",
    "title": "Thisney Major Theme Park Expansion",
    "canRepeat": false,
    "description": "Thisney announces a major expansion of its theme parks with new themed areas. Stock initially rises but faces corrections due to emerging issues.",
    "days": [
        {
            "number": 1,
            "articles": [
                {
                    "eventId": "d1article1",
                    "title": "Rumors of Thisney Theme Park Expansion",
                    "content": "Recent rumors suggest that Thisney is planning a significant expansion of its theme parks, introducing new themed areas and attractions. Investors are excited about the potential for increased revenue and visitor engagement.",
                    "stocks": [
                        "TSNY"
                    ],
                    "author": "Polly Profit",
                    "website": "Bull and Bear Circus"
                },
                {
                    "eventId": "d1article2",
                    "title": "Thisney Confirms Major Theme Park Expansion",
                    "content": "Thisney has officially confirmed the rumors regarding its theme park expansion. The company announced several new attractions and themed areas that will be introduced over the next few years. This news has investors optimistic about Thisney's growth prospects.",
                    "stocks": [
                        "TSNY"
                    ],
                    "author": "Sensational Sue",
                    "website": "Market Madness"
                }
            ],
            "stockMovements": [
                {
                    "eventId": "d1movement1",
                    "stock": "TSNY",
                    "change": 0.5,
                    "percent": true,
                    "delay": 600
                },
                {
                    "eventId": "d1movement2",
                    "stock": "TSNY",
                    "change": 1.0,
                    "percent": true,
                    "delay": 900
                },
                {
                    "eventId": "d1movement3",
                    "stock": "TSNY",
                    "change": 0.5,
                    "percent": true,
                    "delay": 200
                }
            ],
            "earningsReport": [],
            "eventSequence": [
                {
                    "eventId": "d1article1",
                    "delay": 0
                },
                {
                    "eventId": "d1movement1",
                    "delay": 600
                },
                {
                    "eventId": "d1movement2",
                    "delay": 900
                },
                {
                    "eventId": "d1movement3",
                    "delay": 200
                },
                {
                    "eventId": "d1article2",
                    "delay": 9300
                }
            ]
        },
        {
            "number": 2,
            "articles": [
                {
                    "eventId": "d2article1",
                    "title": "Positive Feedback for Thisney's Expansion Plans",
                    "content": "Early feedback on Thisney's theme park expansion plans has been overwhelmingly positive. Analysts predict that the new attractions will draw large crowds and boost the company's revenue. Investors are optimistic and the stock continues to rise.",
                    "stocks": [
                        "TSNY"
                    ],
                    "author": "Timmy Tumble",
                    "website": "Bull and Bear Circus"
                },
                {
                    "eventId": "d2article2",
                    "title": "Concerns Over Thisney's Construction Delays and Budget Issues",
                    "content": "Reports have emerged about potential construction delays and budget overruns in Thisney's theme park expansion. These issues have raised concerns among investors about the project's timeline and overall cost.",
                    "stocks": [
                        "TSNY"
                    ],
                    "author": "Gary Glitch",
                    "website": "Silicon Circus"
                }
            ],
            "stockMovements": [
                {
                    "eventId": "d2movement1",
                    "stock": "TSNY",
                    "change": 1.0,
                    "percent": true,
                    "delay": 600
                },
                {
                    "eventId": "d2movement2",
                    "stock": "TSNY",
                    "change": 1.0,
                    "percent": true,
                    "delay": 900
                },
                {
                    "eventId": "d2movement3",
                    "stock": "TSNY",
                    "change": 0.5,
                    "percent": true,
                    "delay": 300
                }
            ],
            "earningsReport": [],
            "eventSequence": [
                {
                    "eventId": "d2article1",
                    "delay": 3600
                },
                {
                    "eventId": "d2movement1",
                    "delay": 300
                },
                {
                    "eventId": "d2movement2",
                    "delay": 300
                },
                {
                    "eventId": "d2movement3",
                    "delay": 300
                },
                {
                    "eventId": "d2article2",
                    "delay": 3600
                }
            ]
        },
        {
            "number": 3,
            "articles": [
                {
                    "eventId": "d3article1",
                    "title": "Thisney Addresses Expansion Issues Amid Investor Skepticism",
                    "content": "Thisney has addressed the concerns regarding the construction delays and budget overruns for its theme park expansion. Although the company has reassured investors that it is taking steps to mitigate these issues, skepticism remains.",
                    "stocks": [
                        "TSNY"
                    ],
                    "author": "Dramatic Dave",
                    "website": "Market Madness"
                },
                {
                    "eventId": "d3article2",
                    "title": "Analysts Lower Growth Projections for Thisney",
                    "content": "Analysts have lowered their growth projections for Thisney due to the construction delays and budget concerns in its theme park expansion. This has led to a sharp decline in the stock price as investors react to the updated forecasts.",
                    "stocks": [
                        "TSNY"
                    ],
                    "author": "Freddy Fortune",
                    "website": "Moolah Misfits"
                }
            ],
            "stockMovements": [
                {
                    "eventId": "d3movement1",
                    "stock": "TSNY",
                    "change": -1.0,
                    "percent": true,
                    "delay": 1050
                },
                {
                    "eventId": "d3movement2",
                    "stock": "TSNY",
                    "change": -0.5,
                    "percent": true,
                    "delay": 2000
                },
                {
                    "eventId": "d3movement3",
                    "stock": "TSNY",
                    "change": -0.5,
                    "percent": true,
                    "delay": 1500
                }
            ],
            "earningsReport": [],
            "eventSequence": [
                {
                    "eventId": "d3article1",
                    "delay": 3600
                },
                {
                    "eventId": "d3movement1",
                    "delay": 300
                },
                {
                    "eventId": "d3movement2",
                    "delay": 300
                },
                {
                    "eventId": "d3movement3",
                    "delay": 300
                },
                {
                    "eventId": "d3article2",
                    "delay": 3600
                }
            ]
        }
    ],
    "categories": [
        "stock_volatility",
        "entertainment",
        "theme_parks"
    ],
    "timeFrame": 3
}