{
    "id": "toyoda_unveils_new_electric_camree",
    "title": "Toyoda Unveils New Electric Camree",
    "canRepeat": false,
    "description": "Toyoda's stock surges as rumors and then confirmations about the new Electric Camree surface, followed by glowing early impressions.",
    "days": [
        {
            "number": 1,
            "articles": [
                {
                    "eventId": "d1article1",
                    "title": "Rumors are buzzing: Toyoda set to unveil electric Camree!",
                    "content": "Every stock is a winner! Rumors are buzzing that Toyoda (TYDA) is set to unveil an exciting new electric version of its Camree. This could be a game-changer in the electric vehicle market! Everyone should keep a close eye on Toyoda as the company's innovation continues to impress and its commitment to sustainable technology shines through. Buckle up, because electric vehicles are the future, and Toyoda is at the forefront of this exciting revolution. \ud83c\udf1f\ud83d\ude97\u26a1\ufe0f",
                    "stocks": [
                        "TYDA"
                    ],
                    "author": "Polly Profit",
                    "website": "Bull and Bear Circus"
                }
            ],
            "stockMovements": [
                {
                    "eventId": "d1movement1_1",
                    "stock": "TYDA",
                    "change": 1.0,
                    "percent": true
                },
                {
                    "eventId": "d1movement1_2",
                    "stock": "TYDA",
                    "change": 1.0,
                    "percent": true
                },
                {
                    "eventId": "d1movement1_3",
                    "stock": "TYDA",
                    "change": 1.0,
                    "percent": true
                }
            ],
            "earningsReport": [],
            "eventSequence": [
                {
                    "eventId": "d1article1",
                    "delay": 0
                },
                {
                    "eventId": "d1movement1_1",
                    "delay": 100
                },
                {
                    "eventId": "d1movement1_2",
                    "delay": 150
                },
                {
                    "eventId": "d1movement1_3",
                    "delay": 120
                }
            ]
        },
        {
            "number": 1,
            "articles": [
                {
                    "eventId": "d1article2",
                    "title": "It's Official: Toyoda Confirms the New Electric Camree!",
                    "content": "Every stock is a winner! Toyoda (TYDA) has made it official! The new electric Camree is here, and it's better than we could have imagined. Boasting impressive range, groundbreaking features, and eco-friendly credentials, this vehicle is set to revolutionize the market. The stock is already seeing a surge as investors react to this exciting news. Toyoda's commitment to innovation and sustainable transportation has once again placed it at the forefront of the industry. The confirmation of the electric Camree demonstrates the company's dedication to leading the charge towards a greener future. \ud83c\udf1f\ud83d\ude97\u26a1\ufe0f",
                    "stocks": [
                        "TYDA"
                    ],
                    "author": "Polly Profit",
                    "website": "Bull and Bear Circus"
                }
            ],
            "stockMovements": [
                {
                    "eventId": "d1movement2_1",
                    "stock": "TYDA",
                    "change": 1.0,
                    "percent": true
                },
                {
                    "eventId": "d1movement2_2",
                    "stock": "TYDA",
                    "change": 1.0,
                    "percent": true
                },
                {
                    "eventId": "d1movement2_3",
                    "stock": "TYDA",
                    "change": 1.0,
                    "percent": true
                },
                {
                    "eventId": "d1movement2_4",
                    "stock": "TYDA",
                    "change": 1.0,
                    "percent": true
                }
            ],
            "earningsReport": [],
            "eventSequence": [
                {
                    "eventId": "d1article2",
                    "delay": 6830
                },
                {
                    "eventId": "d1movement2_1",
                    "delay": 100
                },
                {
                    "eventId": "d1movement2_2",
                    "delay": 200
                },
                {
                    "eventId": "d1movement2_3",
                    "delay": 150
                },
                {
                    "eventId": "d1movement2_4",
                    "delay": 120
                }
            ]
        },
        {
            "number": 1,
            "articles": [
                {
                    "eventId": "d1article3",
                    "title": "Early Impressions: Electric Camree is a Hit!",
                    "content": "This year's must-have item? An electric Camree! The early reviews for Toyoda's (TYDA) new electric Camree are overwhelmingly positive. Testers are loving the impressive range, sleek design, and innovative features. It's clear that Toyoda's dedication to sustainable and forward-thinking vehicle design is paying off. The buzz is palpable, and the market is responding with enthusiasm. With its appeal to both eco-conscious consumers and car enthusiasts, the electric Camree has the potential to become a major hit. \ud83d\ude97\u26a1\ufe0f\u2728",
                    "stocks": [
                        "TYDA"
                    ],
                    "author": "Trendy Tina",
                    "website": "Trend Tribune"
                }
            ],
            "stockMovements": [
                {
                    "eventId": "d1movement3_1",
                    "stock": "TYDA",
                    "change": 1.0,
                    "percent": true
                },
                {
                    "eventId": "d1movement3_2",
                    "stock": "TYDA",
                    "change": 1.0,
                    "percent": true
                },
                {
                    "eventId": "d1movement3_3",
                    "stock": "TYDA",
                    "change": 1.0,
                    "percent": true
                }
            ],
            "earningsReport": [],
            "eventSequence": [
                {
                    "eventId": "d1article3",
                    "delay": 13830
                },
                {
                    "eventId": "d1movement3_1",
                    "delay": 150
                },
                {
                    "eventId": "d1movement3_2",
                    "delay": 150
                },
                {
                    "eventId": "d1movement3_3",
                    "delay": 200
                }
            ]
        }
    ],
    "categories": [
        "product_release",
        "automotive"
    ],
    "timeFrame": 1
}