{
    "id": "kolamoka_expands_powerrade_flavors",
    "title": "KolaMoka Expands Powerrade Lineup with New Flavors",
    "canRepeat": false,
    "description": "KolaMoka's expansion of the Powerrade lineup with new flavors has excited investors, leading to significant stock gains.",
    "days": [
        {
            "number": 1,
            "articles": [
                {
                    "eventId": "d1article1",
                    "title": "Rumors Swirl Around KolaMoka's New Powerrade Flavors",
                    "content": "Rumors are circulating that KolaMoka (KLMK) may be expanding its Powerrade lineup with exciting new flavors. Sources close to the company suggest that this move could invigorate the market for sports beverages. Anticipation is high as investors speculate on what this could mean for KolaMoka's position in the market.",
                    "stocks": [
                        "KLMK"
                    ],
                    "author": "Trendy Tina",
                    "website": "TrendTribune.com"
                },
                {
                    "eventId": "d1article2",
                    "title": "KolaMoka Confirms Expansion of Powerrade Lineup",
                    "content": "KolaMoka (KLMK) has confirmed the expansion of its Powerrade lineup, introducing exciting new flavors to the popular sports beverage. The new flavors were showcased at a special event today, with company executives emphasizing the innovative taste profiles and potential market impact. Investors have reacted positively to the news as confidence in KolaMoka's growth strategy rises.",
                    "stocks": [
                        "KLMK"
                    ],
                    "author": "Fad Fred",
                    "website": "TrendTribune.com"
                }
            ],
            "stockMovements": [
                {
                    "eventId": "d1movement1",
                    "stock": "KLMK",
                    "change": 0.5,
                    "percent": true,
                    "delay": 120
                },
                {
                    "eventId": "d1movement2",
                    "stock": "KLMK",
                    "change": 0.5,
                    "percent": true,
                    "delay": 180
                },
                {
                    "eventId": "d1movement3",
                    "stock": "KLMK",
                    "change": 0.5,
                    "percent": true,
                    "delay": 360
                },
                {
                    "eventId": "d1movement4",
                    "stock": "KLMK",
                    "change": 0.5,
                    "percent": true,
                    "delay": 420
                },
                {
                    "eventId": "d1movement5",
                    "stock": "KLMK",
                    "change": 0.5,
                    "percent": true,
                    "delay": 600
                },
                {
                    "eventId": "d1movement6",
                    "stock": "KLMK",
                    "change": 0.66,
                    "percent": true,
                    "delay": 5520
                }
            ],
            "earningsReport": [],
            "eventSequence": [
                {
                    "eventId": "d1article1",
                    "delay": 0
                },
                {
                    "eventId": "d1movement1",
                    "delay": 0
                },
                {
                    "eventId": "d1movement2",
                    "delay": 120
                },
                {
                    "eventId": "d1movement3",
                    "delay": 180
                },
                {
                    "eventId": "d1movement4",
                    "delay": 360
                },
                {
                    "eventId": "d1movement5",
                    "delay": 420
                },
                {
                    "eventId": "d1movement6",
                    "delay": 600
                },
                {
                    "eventId": "d1article2",
                    "delay": 5520
                }
            ]
        },
        {
            "number": 2,
            "articles": [
                {
                    "eventId": "d2article1",
                    "title": "Analysts Praise KolaMoka's Strategic Move",
                    "content": "Market analysts are praising KolaMoka's (KLMK) decision to expand its Powerrade lineup with new flavors. Experts predict significant market growth for the sports beverage sector as a result of this diversification. The innovative approach taken by KolaMoka is expected to strengthen its market position and drive sales, positioning the company favorably in the long term.",
                    "stocks": [
                        "KLMK"
                    ],
                    "author": "Wacky Walter",
                    "website": "IndustryInsanity.com"
                },
                {
                    "eventId": "d2article2",
                    "title": "Positive Feedback from Consumers Boosts Confidence in KolaMoka",
                    "content": "Early user feedback on the new Powerrade flavors introduced by KolaMoka (KLMK) has been overwhelmingly positive. Consumers are particularly excited about the variety and taste profiles, boosting confidence in KolaMoka's market strategy. This positive reception is expected to translate into strong sales figures, further solidifying KolaMoka's leadership in the sports beverage market.",
                    "stocks": [
                        "KLMK"
                    ],
                    "author": "Sensational Sue",
                    "website": "MarketMadness.com"
                }
            ],
            "stockMovements": [
                {
                    "eventId": "d2movement1",
                    "stock": "KLMK",
                    "change": 0.83,
                    "percent": true,
                    "delay": 240
                },
                {
                    "eventId": "d2movement2",
                    "stock": "KLMK",
                    "change": 0.83,
                    "percent": true,
                    "delay": 300
                },
                {
                    "eventId": "d2movement3",
                    "stock": "KLMK",
                    "change": 0.84,
                    "percent": true,
                    "delay": 480
                },
                {
                    "eventId": "d2movement4",
                    "stock": "KLMK",
                    "change": 0.66,
                    "percent": true,
                    "delay": 540
                },
                {
                    "eventId": "d2movement5",
                    "stock": "KLMK",
                    "change": 0.67,
                    "percent": true,
                    "delay": 660
                },
                {
                    "eventId": "d2movement6",
                    "stock": "KLMK",
                    "change": 0.67,
                    "percent": true,
                    "delay": 780
                },
                {
                    "eventId": "d2movement7",
                    "stock": "KLMK",
                    "change": 1.33,
                    "percent": true,
                    "delay": 11400
                }
            ],
            "earningsReport": [],
            "eventSequence": [
                {
                    "eventId": "d2article1",
                    "delay": 0
                },
                {
                    "eventId": "d2movement1",
                    "delay": 0
                },
                {
                    "eventId": "d2movement2",
                    "delay": 240
                },
                {
                    "eventId": "d2movement3",
                    "delay": 300
                },
                {
                    "eventId": "d2movement4",
                    "delay": 480
                },
                {
                    "eventId": "d2movement5",
                    "delay": 540
                },
                {
                    "eventId": "d2movement6",
                    "delay": 660
                },
                {
                    "eventId": "d2movement7",
                    "delay": 780
                },
                {
                    "eventId": "d2article2",
                    "delay": 11400
                }
            ]
        }
    ],
    "categories": [
        "product_launch",
        "beverages"
    ],
    "timeFrame": 2
}