{
    "id": "kolamoka_introduces_new_flavor_of_spite",
    "title": "KolaMoka Introduces New Flavor of Spite",
    "canRepeat": false,
    "description": "KolaMoka introduces a new flavor of Spite lemon-lime soda, boosting stock.",
    "days": [
        {
            "number": 1,
            "articles": [
                {
                    "eventId": "d1article1",
                    "title": "Rumors of New Spite Flavor from KolaMoka",
                    "content": "Rumors are circulating that KolaMoka (KLMK) is planning to introduce a new flavor of their popular Spite lemon-lime soda. Sources close to the company suggest that the new flavor will offer a refreshing twist that is expected to win over fans.",
                    "stocks": [
                        "KLMK"
                    ],
                    "author": "Hype Harry",
                    "website": "Market Madness"
                },
                {
                    "eventId": "d1article2",
                    "title": "KolaMoka Confirms New Spite Flavor with Flashy Commercial",
                    "content": "KolaMoka (KLMK) has officially confirmed the new flavor for Spite lemon-lime soda in a spectacular commercial that aired on prime-time television. The commercial showcases the new flavor in a vibrant and energetic setting, creating a buzz among consumers and investors alike.",
                    "stocks": [
                        "KLMK"
                    ],
                    "author": "Trendy Tina",
                    "website": "Trend Tribune"
                },
                {
                    "eventId": "d1article3",
                    "title": "Early Customer Reactions Overwhelmingly Positive for New Spite Flavor",
                    "content": "Early customer reactions to KolaMoka\u2019s (KLMK) new Spite flavor are overwhelmingly positive. Social media is abuzz with rave reviews, and taste-testers have praised the refreshing new twist. This early feedback is providing a significant boost to KolaMoka's stock.",
                    "stocks": [
                        "KLMK"
                    ],
                    "author": "Polly Profit",
                    "website": "Bull and Bear Circus"
                }
            ],
            "stockMovements": [
                {
                    "eventId": "d1movement1",
                    "stock": "KLMK",
                    "change": 1.0,
                    "percent": true
                },
                {
                    "eventId": "d1movement2",
                    "stock": "KLMK",
                    "change": 1.0,
                    "percent": true
                },
                {
                    "eventId": "d1movement3",
                    "stock": "KLMK",
                    "change": 1.0,
                    "percent": true
                },
                {
                    "eventId": "d1movement4",
                    "stock": "KLMK",
                    "change": 2.0,
                    "percent": true
                },
                {
                    "eventId": "d1movement5",
                    "stock": "KLMK",
                    "change": 1.0,
                    "percent": true
                },
                {
                    "eventId": "d1movement6",
                    "stock": "KLMK",
                    "change": 1.0,
                    "percent": true
                },
                {
                    "eventId": "d1movement7",
                    "stock": "KLMK",
                    "change": 1.0,
                    "percent": true
                },
                {
                    "eventId": "d1movement8",
                    "stock": "KLMK",
                    "change": 1.0,
                    "percent": true
                },
                {
                    "eventId": "d1movement9",
                    "stock": "KLMK",
                    "change": 1.0,
                    "percent": true
                }
            ],
            "earningsReport": [],
            "eventSequence": [
                {
                    "eventId": "d1article1",
                    "delay": 0
                },
                {
                    "eventId": "d1movement1",
                    "delay": 0
                },
                {
                    "eventId": "d1movement2",
                    "delay": 15
                },
                {
                    "eventId": "d1movement3",
                    "delay": 15
                },
                {
                    "eventId": "d1article2",
                    "delay": 7155
                },
                {
                    "eventId": "d1movement4",
                    "delay": 0
                },
                {
                    "eventId": "d1movement5",
                    "delay": 20
                },
                {
                    "eventId": "d1movement6",
                    "delay": 20
                },
                {
                    "eventId": "d1article3",
                    "delay": 14300
                },
                {
                    "eventId": "d1movement7",
                    "delay": 0
                },
                {
                    "eventId": "d1movement8",
                    "delay": 15
                },
                {
                    "eventId": "d1movement9",
                    "delay": 15
                }
            ]
        }
    ],
    "categories": [
        "product_launch",
        "beverages"
    ],
    "timeFrame": 1
}