{
    "id": "klmk_kolaMokaFacesBacklashOverEnvironmentalImpact",
    "title": "KolaMoka Faces Backlash Over Environmental Impact",
    "canRepeat": false,
    "description": "KolaMoka faces backlash over its environmental impact, particularly plastic waste, leading to a series of negative impacts on its stock.",
    "days": [
        {
            "number": 1,
            "articles": [
                {
                    "eventId": "d1article1",
                    "title": "KolaMoka Faces Environmental Backlash",
                    "content": "KolaMoka (KLMK) is currently facing significant backlash over its environmental policies, particularly concerning plastic waste. Environmental groups have accused the company of neglectfulness and demanded more sustainable practices. This incident has raised serious concerns among investors about the company's long-term viability.",
                    "stocks": [
                        "KLMK"
                    ],
                    "author": "Sammy Security",
                    "website": "Tech Tattler"
                },
                {
                    "eventId": "d1article2",
                    "title": "KolaMoka's Environmental Impact Under Fire",
                    "content": "KolaMoka (KLMK) is in hot water after it was revealed that the company has not met its environmental targets, leading to an increase in plastic waste. Critics argue that the company\u2019s efforts to address these issues have been insufficient. As a result, the stock has experienced significant declines.",
                    "stocks": [
                        "KLMK"
                    ],
                    "author": "Exaggerated Ellie",
                    "website": "Market Madness"
                }
            ],
            "stockMovements": [
                {
                    "eventId": "d1movement1",
                    "stock": "KLMK",
                    "change": -0.625,
                    "percent": true
                },
                {
                    "eventId": "d1movement2",
                    "stock": "KLMK",
                    "change": -0.625,
                    "percent": true
                },
                {
                    "eventId": "d1movement3",
                    "stock": "KLMK",
                    "change": -0.625,
                    "percent": true,
                    "delay": 1800
                },
                {
                    "eventId": "d1movement4",
                    "stock": "KLMK",
                    "change": -0.625,
                    "percent": true,
                    "delay": 1800
                }
            ],
            "earningsReport": [],
            "eventSequence": [
                {
                    "eventId": "d1article1",
                    "delay": 0
                },
                {
                    "eventId": "d1movement1",
                    "delay": 1800
                },
                {
                    "eventId": "d1movement2",
                    "delay": 1800
                },
                {
                    "eventId": "d1article2",
                    "delay": 1800
                }
            ]
        },
        {
            "number": 2,
            "articles": [
                {
                    "eventId": "d2article1",
                    "title": "Major Criticism of KolaMoka\u2019s Environmental Practices",
                    "content": "Major news outlets heavily criticized KolaMoka (KLMK) for its handling of environmental concerns. Despite the company's efforts to mitigate the impact, critics argue that the measures are too little, too late. This ongoing situation continues to negatively affect the stock price.",
                    "stocks": [
                        "KLMK"
                    ],
                    "author": "Sensational Sue",
                    "website": "Market Madness"
                },
                {
                    "eventId": "d2article2",
                    "title": "KolaMoka\u2019s Sustainability Efforts Under Scrutiny",
                    "content": "KolaMoka (KLMK) once again faces public scrutiny as critics lambast the company for its poor environmental record. Despite announcing new sustainability initiatives, skepticism remains high among environmental activists and investors alike. The stock has suffered as a result.",
                    "stocks": [
                        "KLMK"
                    ],
                    "author": "Timmy Tumble",
                    "website": "Bull and Bear Circus"
                }
            ],
            "stockMovements": [
                {
                    "eventId": "d2movement1",
                    "stock": "KLMK",
                    "change": -0.75,
                    "percent": true
                },
                {
                    "eventId": "d2movement2",
                    "stock": "KLMK",
                    "change": -0.75,
                    "percent": true
                },
                {
                    "eventId": "d2movement3",
                    "stock": "KLMK",
                    "change": -0.75,
                    "percent": true,
                    "delay": 3600
                },
                {
                    "eventId": "d2movement4",
                    "stock": "KLMK",
                    "change": -0.75,
                    "percent": true,
                    "delay": 3600
                }
            ],
            "earningsReport": [],
            "eventSequence": [
                {
                    "eventId": "d2article1",
                    "delay": 0
                },
                {
                    "eventId": "d2movement1",
                    "delay": 3600
                },
                {
                    "eventId": "d2article2",
                    "delay": 3600
                }
            ]
        }
    ],
    "categories": [
        "environmental_issues",
        "corporate_criticism"
    ],
    "timeFrame": 2
}