{
    "id": "tslr_new_ev_model",
    "title": "Tessler Unveils New Electric Vehicle Model",
    "canRepeat": false,
    "description": "Tessler Motors' stock rises as rumors, confirmation, and positive reviews of a new electric vehicle model surface.",
    "days": [
        {
            "number": 1,
            "articles": [
                {
                    "eventId": "d1article1",
                    "title": "Rumors of New Tessler EV Model Swirl",
                    "content": "Rumors have begun to circulate about Tessler Motors (TSLR) potentially unveiling a new electric vehicle model. Speculations suggest that the new model could be a game-changer in the EV market, featuring cutting-edge technology and an impressive range. Investors are eagerly awaiting official confirmation.",
                    "stocks": [
                        "TSLR"
                    ],
                    "author": "Timmy Tumble",
                    "website": "BullAndBearCircus.com"
                },
                {
                    "eventId": "d1article2",
                    "title": "Tessler Confirms New EV Model with Advanced Features",
                    "content": "Tessler Motors (TSLR) has officially confirmed the rumors and unveiled its new electric vehicle model. The company showcased the car's advanced features, including enhanced battery life, faster charging times, and a sleek design. The new model aims to set a new standard in the electric vehicle market, further solidifying Tessler's position as a leader in sustainable transportation. Investors are optimistic about its market potential.",
                    "stocks": [
                        "TSLR"
                    ],
                    "author": "Diana Data",
                    "website": "SiliconCircus.com"
                },
                {
                    "eventId": "d1article3",
                    "title": "Early Reviews Sing Praises for Tessler's New EV Model",
                    "content": "Early reviews for Tessler Motors' (TSLR) newly unveiled electric vehicle model are overwhelmingly positive. Reviewers have praised the car for its innovative features, superior range, and stylish design. Many believe that this model could become a best-seller and transform consumer perceptions of electric vehicles. The positive buzz has substantially boosted investor confidence.",
                    "stocks": [
                        "TSLR"
                    ],
                    "author": "Epic Eric",
                    "website": "ConsoleCarnival.com"
                }
            ],
            "stockMovements": [
                {
                    "eventId": "d1movement1",
                    "stock": "TSLR",
                    "change": 0.5,
                    "percent": true,
                    "delay": 120
                },
                {
                    "eventId": "d1movement2",
                    "stock": "TSLR",
                    "change": 0.5,
                    "percent": true,
                    "delay": 180
                },
                {
                    "eventId": "d1movement3",
                    "stock": "TSLR",
                    "change": 0.5,
                    "percent": true,
                    "delay": 240
                },
                {
                    "eventId": "d1movement4",
                    "stock": "TSLR",
                    "change": 0.5,
                    "percent": true,
                    "delay": 360
                },
                {
                    "eventId": "d1movement5",
                    "stock": "TSLR",
                    "change": 0.5,
                    "percent": true,
                    "delay": 120
                },
                {
                    "eventId": "d1movement6",
                    "stock": "TSLR",
                    "change": 0.5,
                    "percent": true,
                    "delay": 120
                },
                {
                    "eventId": "d1movement7",
                    "stock": "TSLR",
                    "change": 0.5,
                    "percent": true,
                    "delay": 180
                },
                {
                    "eventId": "d1movement8",
                    "stock": "TSLR",
                    "change": 0.5,
                    "percent": true,
                    "delay": 180
                },
                {
                    "eventId": "d1movement9",
                    "stock": "TSLR",
                    "change": 0.5,
                    "percent": true,
                    "delay": 180
                },
                {
                    "eventId": "d1movement10",
                    "stock": "TSLR",
                    "change": 0.5,
                    "percent": true,
                    "delay": 180
                },
                {
                    "eventId": "d1movement11",
                    "stock": "TSLR",
                    "change": 0.5,
                    "percent": true,
                    "delay": 120
                },
                {
                    "eventId": "d1movement12",
                    "stock": "TSLR",
                    "change": 0.5,
                    "percent": true,
                    "delay": 120
                },
                {
                    "eventId": "d1movement13",
                    "stock": "TSLR",
                    "change": 0.5,
                    "percent": true,
                    "delay": 180
                },
                {
                    "eventId": "d1movement14",
                    "stock": "TSLR",
                    "change": 0.5,
                    "percent": true,
                    "delay": 180
                },
                {
                    "eventId": "d1movement15",
                    "stock": "TSLR",
                    "change": 0.5,
                    "percent": true,
                    "delay": 180
                }
            ],
            "earningsReport": [],
            "eventSequence": [
                {
                    "eventId": "d1article1",
                    "delay": 3600
                },
                {
                    "eventId": "d1movement1",
                    "delay": 300
                },
                {
                    "eventId": "d1movement2",
                    "delay": 300
                },
                {
                    "eventId": "d1movement3",
                    "delay": 300
                },
                {
                    "eventId": "d1movement4",
                    "delay": 300
                },
                {
                    "eventId": "d1article2",
                    "delay": 3600
                },
                {
                    "eventId": "d1movement5",
                    "delay": 300
                },
                {
                    "eventId": "d1movement6",
                    "delay": 300
                },
                {
                    "eventId": "d1movement7",
                    "delay": 300
                },
                {
                    "eventId": "d1movement8",
                    "delay": 300
                },
                {
                    "eventId": "d1movement9",
                    "delay": 300
                },
                {
                    "eventId": "d1movement10",
                    "delay": 300
                },
                {
                    "eventId": "d1article3",
                    "delay": 3600
                },
                {
                    "eventId": "d1movement11",
                    "delay": 300
                },
                {
                    "eventId": "d1movement12",
                    "delay": 300
                },
                {
                    "eventId": "d1movement13",
                    "delay": 300
                },
                {
                    "eventId": "d1movement14",
                    "delay": 300
                },
                {
                    "eventId": "d1movement15",
                    "delay": 300
                }
            ]
        }
    ],
    "categories": [
        "product_release",
        "automotive"
    ],
    "timeFrame": 1
}