{
    "id": "tesslers_new_solar_roof_faces_hurdles",
    "title": "Tessler's New Solar Roof Faces Hurdles",
    "canRepeat": false,
    "description": "Tessler faces significant challenges with their new solar roof product. While the initial launch excites, subsequent issues lead to fluctuating stock prices.",
    "days": [
        {
            "number": 1,
            "articles": [
                {
                    "eventId": "d1article1",
                    "title": "Rumors of Tessler's New Solar Roof",
                    "content": "Rumors are circulating about Tessler (TSLR) planning to launch a new solar roof product. The potential innovation is generating buzz, with speculations on its revolutionary efficiency and sleek aesthetics.",
                    "stocks": [
                        "TSLR"
                    ],
                    "author": "Trendy Tina",
                    "website": "Trend Tribune"
                },
                {
                    "eventId": "d1article2",
                    "title": "Tessler Confirms Revolutionary Solar Roof Product",
                    "content": "Tessler (TSLR) has officially confirmed their new solar roof product. The announcement highlights the product's advanced efficiency and visually appealing design, promising to set new industry standards.",
                    "stocks": [
                        "TSLR"
                    ],
                    "author": "Diana Data",
                    "website": "Silicon Circus"
                }
            ],
            "stockMovements": [
                {
                    "eventId": "d1movement1",
                    "stock": "TSLR",
                    "change": 1.25,
                    "percent": true,
                    "delay": 300
                },
                {
                    "eventId": "d1movement2",
                    "stock": "TSLR",
                    "change": 1.25,
                    "percent": true,
                    "delay": 300
                },
                {
                    "eventId": "d1movement3",
                    "stock": "TSLR",
                    "change": 1,
                    "percent": true,
                    "delay": 400
                },
                {
                    "eventId": "d1movement4",
                    "stock": "TSLR",
                    "change": 1,
                    "percent": true,
                    "delay": 400
                },
                {
                    "eventId": "d1movement5",
                    "stock": "TSLR",
                    "change": 1,
                    "percent": true,
                    "delay": 500
                }
            ],
            "earningsReport": [],
            "eventSequence": [
                {
                    "eventId": "d1article1",
                    "delay": 0
                },
                {
                    "eventId": "d1movement1",
                    "delay": 300
                },
                {
                    "eventId": "d1movement2",
                    "delay": 300
                },
                {
                    "eventId": "d1movement3",
                    "delay": 400
                },
                {
                    "eventId": "d1movement4",
                    "delay": 400
                },
                {
                    "eventId": "d1movement5",
                    "delay": 500
                },
                {
                    "eventId": "d1article2",
                    "delay": 7200
                }
            ]
        },
        {
            "number": 2,
            "articles": [
                {
                    "eventId": "d2article1",
                    "title": "Positive Early Reviews for Tessler's Solar Roof",
                    "content": "Early reviews for Tessler's (TSLR) new solar roof are overwhelmingly positive. Industry experts commend the product's high efficiency and aesthetic appeal, deeming it a game-changer in sustainable energy solutions.",
                    "stocks": [
                        "TSLR"
                    ],
                    "author": "Polly Profit",
                    "website": "Bull and Bear Circus"
                },
                {
                    "eventId": "d2article2",
                    "title": "Challenges in Installing Tessler's New Solar Roof",
                    "content": "Despite the initial enthusiasm, new reports are emerging about installation challenges associated with Tessler's (TSLR) solar roof. Industry insiders express growing concerns over potential delays and increased costs.",
                    "stocks": [
                        "TSLR"
                    ],
                    "author": "Dramatic Dana",
                    "website": "Console Carnival"
                }
            ],
            "stockMovements": [
                {
                    "eventId": "d2movement1",
                    "stock": "TSLR",
                    "change": 0.5,
                    "percent": true,
                    "delay": 300
                },
                {
                    "eventId": "d2movement2",
                    "stock": "TSLR",
                    "change": 0.5,
                    "percent": true,
                    "delay": 300
                },
                {
                    "eventId": "d2movement3",
                    "stock": "TSLR",
                    "change": 0.5,
                    "percent": true,
                    "delay": 400
                },
                {
                    "eventId": "d2movement4",
                    "stock": "TSLR",
                    "change": 0.5,
                    "percent": true,
                    "delay": 400
                },
                {
                    "eventId": "d2movement5",
                    "stock": "TSLR",
                    "change": 0.6,
                    "percent": true,
                    "delay": 500
                },
                {
                    "eventId": "d2movement6",
                    "stock": "TSLR",
                    "change": -0.8,
                    "percent": true,
                    "delay": 500
                },
                {
                    "eventId": "d2movement7",
                    "stock": "TSLR",
                    "change": -0.8,
                    "percent": true,
                    "delay": 600
                },
                {
                    "eventId": "d2movement8",
                    "stock": "TSLR",
                    "change": -0.8,
                    "percent": true,
                    "delay": 600
                },
                {
                    "eventId": "d2movement9",
                    "stock": "TSLR",
                    "change": -0.1,
                    "percent": true,
                    "delay": 700
                }
            ],
            "earningsReport": [],
            "eventSequence": [
                {
                    "eventId": "d2article1",
                    "delay": 0
                },
                {
                    "eventId": "d2movement1",
                    "delay": 300
                },
                {
                    "eventId": "d2movement2",
                    "delay": 300
                },
                {
                    "eventId": "d2movement3",
                    "delay": 400
                },
                {
                    "eventId": "d2movement4",
                    "delay": 400
                },
                {
                    "eventId": "d2movement5",
                    "delay": 500
                },
                {
                    "eventId": "d2article2",
                    "delay": 6840
                }
            ]
        },
        {
            "number": 3,
            "articles": [
                {
                    "eventId": "d3article1",
                    "title": "Tessler Adds Updates to Address Solar Roof Issues",
                    "content": "Tessler (TSLR) has announced updates to address the installation challenges of its new solar roof. The measures include enhanced installation protocols and customer support to ensure a smoother process.",
                    "stocks": [
                        "TSLR"
                    ],
                    "author": "Sensational Sue",
                    "website": "Market Madness"
                },
                {
                    "eventId": "d3article2",
                    "title": "Analysts Lower Growth Projections for Tessler",
                    "content": "Despite Tessler's (TSLR) efforts to mitigate installation issues, analysts have lowered their growth projections for the company. The skepticism stems from potential long-term impacts on profitability and customer satisfaction.",
                    "stocks": [
                        "TSLR"
                    ],
                    "author": "Timmy Tumble",
                    "website": "Bull and Bear Circus"
                }
            ],
            "stockMovements": [
                {
                    "eventId": "d3movement1",
                    "stock": "TSLR",
                    "change": -1.0,
                    "percent": true,
                    "delay": 300
                },
                {
                    "eventId": "d3movement2",
                    "stock": "TSLR",
                    "change": -1.0,
                    "percent": true,
                    "delay": 400
                },
                {
                    "eventId": "d3movement3",
                    "stock": "TSLR",
                    "change": -1.0,
                    "percent": true,
                    "delay": 500
                },
                {
                    "eventId": "d3movement4",
                    "stock": "TSLR",
                    "change": -1.0,
                    "percent": true,
                    "delay": 600
                },
                {
                    "eventId": "d3movement5",
                    "stock": "TSLR",
                    "change": -1.0,
                    "percent": true,
                    "delay": 600
                },
                {
                    "eventId": "d3movement6",
                    "stock": "TSLR",
                    "change": -1.2,
                    "percent": true,
                    "delay": 700
                },
                {
                    "eventId": "d3movement7",
                    "stock": "TSLR",
                    "change": -1.0,
                    "percent": true,
                    "delay": 600
                }
            ],
            "earningsReport": [],
            "eventSequence": [
                {
                    "eventId": "d3article1",
                    "delay": 0
                },
                {
                    "eventId": "d3movement1",
                    "delay": 300
                },
                {
                    "eventId": "d3movement2",
                    "delay": 400
                },
                {
                    "eventId": "d3movement3",
                    "delay": 500
                },
                {
                    "eventId": "d3movement4",
                    "delay": 600
                },
                {
                    "eventId": "d3movement5",
                    "delay": 600
                },
                {
                    "eventId": "d3article2",
                    "delay": 7200
                }
            ]
        }
    ],
    "categories": [
        "product_launch",
        "green_energy",
        "stock_movement"
    ],
    "timeFrame": 3
}