{
    "id": "james_james_opioid_controversy",
    "title": "James&James Faces Controversy Over Opioid Crisis",
    "canRepeat": false,
    "description": "James&James faces public and legal backlash over its role in the opioid crisis, with stock fluctuations reflecting investor concerns and hopes.",
    "days": [
        {
            "number": 1,
            "articles": [
                {
                    "eventId": "d1article1",
                    "title": "James&James Implicated in Opioid Crisis",
                    "content": "Reports have emerged implicating James&James in the ongoing opioid crisis. The pharmaceutical company is accused of aggressive marketing practices that allegedly contributed to the widespread addiction problem. Public outrage has been growing, leading to increased scrutiny of the company's practices. Initially, the stock market responded negatively, reflecting investor concerns about the potential repercussions.",
                    "stocks": [
                        "JMJM"
                    ],
                    "author": "Greta Gamble",
                    "website": "Bull and Bear Circus"
                },
                {
                    "eventId": "d1article2",
                    "title": "James&James Denies Allegations Amid Skepticism",
                    "content": "In response to the reports, James&James issued a statement vehemently denying the allegations. The company insists that its marketing practices have always been in compliance with regulatory standards and that it is committed to patient safety. Despite this defense, skepticism remains among the public and investors. The market showed a slight rebound following the announcement, but many remain cautious about the company's future.",
                    "stocks": [
                        "JMJM"
                    ],
                    "author": "Betty Bungle",
                    "website": "Cash Clown"
                }
            ],
            "stockMovements": [
                {
                    "eventId": "d1movement1",
                    "stock": "JMJM",
                    "change": -0.7,
                    "percent": true
                },
                {
                    "eventId": "d1movement2",
                    "stock": "JMJM",
                    "change": -0.7,
                    "percent": true
                },
                {
                    "eventId": "d1movement3",
                    "stock": "JMJM",
                    "change": -0.6,
                    "percent": true
                },
                {
                    "eventId": "d1movement4",
                    "stock": "JMJM",
                    "change": 0.5,
                    "percent": true
                },
                {
                    "eventId": "d1movement5",
                    "stock": "JMJM",
                    "change": 0.5,
                    "percent": true
                },
                {
                    "eventId": "d1movement6",
                    "stock": "JMJM",
                    "change": 0.5,
                    "percent": true
                }
            ],
            "earningsReport": [],
            "eventSequence": [
                {
                    "eventId": "d1article1",
                    "delay": 0
                },
                {
                    "eventId": "d1movement1",
                    "delay": 60
                },
                {
                    "eventId": "d1movement2",
                    "delay": 60
                },
                {
                    "eventId": "d1movement3",
                    "delay": 60
                },
                {
                    "eventId": "d1article2",
                    "delay": 10620
                },
                {
                    "eventId": "d1movement4",
                    "delay": 60
                },
                {
                    "eventId": "d1movement5",
                    "delay": 60
                },
                {
                    "eventId": "d1movement6",
                    "delay": 60
                }
            ]
        },
        {
            "number": 2,
            "articles": [
                {
                    "eventId": "d2article1",
                    "title": "Legal Challenges Mount for James&James",
                    "content": "On day two, additional reports have surfaced, indicating that James&James is now facing legal challenges related to its opioid marketing practices. Lawsuits have been filed by multiple states, alleging that the company knew about the addictive potential of its products but failed to take adequate measures to prevent misuse. The news has further shaken investor confidence, leading to a sharp decline in stock prices.",
                    "stocks": [
                        "JMJM"
                    ],
                    "author": "Polly Profit",
                    "website": "Bull and Bear Circus"
                },
                {
                    "eventId": "d2article2",
                    "title": "James&James Vows to Review Marketing Practices",
                    "content": "In an effort to regain trust, James&James announced that it will thoroughly review and revise its opioid marketing practices. The company stated that it is committed to addressing the concerns raised and working towards preventing future misuse of its products. This promise has resulted in a slight uptick in the stock price, as some investors view this move as a step in the right direction.",
                    "stocks": [
                        "JMJM"
                    ],
                    "author": "Ronnie Risk",
                    "website": "Cash Clown"
                }
            ],
            "stockMovements": [
                {
                    "eventId": "d2movement1",
                    "stock": "JMJM",
                    "change": -0.8,
                    "percent": true
                },
                {
                    "eventId": "d2movement2",
                    "stock": "JMJM",
                    "change": -0.9,
                    "percent": true
                },
                {
                    "eventId": "d2movement3",
                    "stock": "JMJM",
                    "change": -0.8,
                    "percent": true
                },
                {
                    "eventId": "d2movement4",
                    "stock": "JMJM",
                    "change": 0.8,
                    "percent": true
                },
                {
                    "eventId": "d2movement5",
                    "stock": "JMJM",
                    "change": 0.6,
                    "percent": true
                },
                {
                    "eventId": "d2movement6",
                    "stock": "JMJM",
                    "change": 0.6,
                    "percent": true
                }
            ],
            "earningsReport": [],
            "eventSequence": [
                {
                    "eventId": "d2article1",
                    "delay": 0
                },
                {
                    "eventId": "d2movement1",
                    "delay": 60
                },
                {
                    "eventId": "d2movement2",
                    "delay": 60
                },
                {
                    "eventId": "d2movement3",
                    "delay": 60
                },
                {
                    "eventId": "d2article2",
                    "delay": 14160
                },
                {
                    "eventId": "d2movement4",
                    "delay": 60
                },
                {
                    "eventId": "d2movement5",
                    "delay": 60
                },
                {
                    "eventId": "d2movement6",
                    "delay": 60
                }
            ]
        },
        {
            "number": 3,
            "articles": [
                {
                    "eventId": "d3article1",
                    "title": "Analysts Predict Setbacks for James&James",
                    "content": "On the third day, analysts have adopted a cautious stance regarding James&James' future, predicting potential setbacks due to the ongoing legal and public relations challenges. While the company has promised to review its practices, there is concern about the long-term impact on its reputation and financial stability. The stock shows a slight decline as a result of these mixed sentiments.",
                    "stocks": [
                        "JMJM"
                    ],
                    "author": "Timmy Tumble",
                    "website": "Bull and Bear Circus"
                },
                {
                    "eventId": "d3article2",
                    "title": "Investors React to Mixed Signals from James&James",
                    "content": "As the situation continues to unfold, James&James' stock exhibits fluctuating behavior. Investors are reacting to a mixture of skepticism, cautious optimism, and hope for reforms. The company's pledge to address the raised issues has led to a range of responses, resulting in minor stock fluctuations. It remains to be seen how the company will navigate this crisis in the long term.",
                    "stocks": [
                        "JMJM"
                    ],
                    "author": "Freddy Fortune",
                    "website": "Moolah Misfits"
                }
            ],
            "stockMovements": [
                {
                    "eventId": "d3movement1",
                    "stock": "JMJM",
                    "change": -0.7,
                    "percent": true
                },
                {
                    "eventId": "d3movement2",
                    "stock": "JMJM",
                    "change": -0.8,
                    "percent": true
                },
                {
                    "eventId": "d3movement3",
                    "stock": "JMJM",
                    "change": -1,
                    "percent": true
                },
                {
                    "eventId": "d3movement4",
                    "stock": "JMJM",
                    "change": 0.5,
                    "percent": true
                },
                {
                    "eventId": "d3movement5",
                    "stock": "JMJM",
                    "change": -0.5,
                    "percent": true
                },
                {
                    "eventId": "d3movement6",
                    "stock": "JMJM",
                    "change": -1,
                    "percent": true
                }
            ],
            "earningsReport": [],
            "eventSequence": [
                {
                    "eventId": "d3article1",
                    "delay": 0
                },
                {
                    "eventId": "d3movement1",
                    "delay": 60
                },
                {
                    "eventId": "d3movement2",
                    "delay": 60
                },
                {
                    "eventId": "d3movement3",
                    "delay": 60
                },
                {
                    "eventId": "d3article2",
                    "delay": 10620
                },
                {
                    "eventId": "d3movement4",
                    "delay": 60
                },
                {
                    "eventId": "d3movement5",
                    "delay": 60
                },
                {
                    "eventId": "d3movement6",
                    "delay": 60
                }
            ]
        }
    ],
    "categories": [
        "controversy",
        "healthcare"
    ],
    "timeFrame": 3
}