{
    "id": "james_james_partners_with_major_tech_company_for_health_monitoring",
    "title": "\"James&James Partners with Major Tech Company for Health Monitoring\"",
    "canRepeat": false,
    "description": "James&James is rumored to be partnering with a major tech company to develop health monitoring devices. This news impacts their stock.",
    "days": [
        {
            "number": 1,
            "articles": [
                {
                    "eventId": "d1article1",
                    "title": "Rumors Surface: James&James to Partner with Major Tech Company",
                    "content": "In recent developments, there are rumors that James&James (JMJM) is in talks with a major technology company to create health monitoring devices. The speculation has already caused a stir among investors, indicating potential groundbreaking advancements in healthcare technology.",
                    "stocks": [
                        "JMJM"
                    ],
                    "author": "Betty Bungle",
                    "website": "Cash Clown"
                },
                {
                    "eventId": "d1article2",
                    "title": "James&James Confirms Partnership with Major Tech Giant",
                    "content": "James&James (JMJM) has officially confirmed their partnership with a leading tech firm to develop revolutionary health monitoring devices. The announcement was enthusiastically received by investors, who see this collaboration as a significant step forward in the healthcare sector. The new devices are expected to integrate cutting-edge technology, offering comprehensive health monitoring capabilities.",
                    "stocks": [
                        "JMJM"
                    ],
                    "author": "Diana Data",
                    "website": "Silicon Circus"
                }
            ],
            "stockMovements": [
                {
                    "eventId": "d1movement1_1",
                    "stock": "JMJM",
                    "change": 0.8,
                    "percent": true
                },
                {
                    "eventId": "d1movement1_2",
                    "stock": "JMJM",
                    "change": 0.9,
                    "percent": true,
                    "delay": 20
                },
                {
                    "eventId": "d1movement1_3",
                    "stock": "JMJM",
                    "change": 0.8,
                    "percent": true,
                    "delay": 40
                },
                {
                    "eventId": "d1movement2_1",
                    "stock": "JMJM",
                    "change": 1.0,
                    "percent": true,
                    "delay": 10620
                },
                {
                    "eventId": "d1movement2_2",
                    "stock": "JMJM",
                    "change": 1.0,
                    "percent": true,
                    "delay": 20
                },
                {
                    "eventId": "d1movement2_3",
                    "stock": "JMJM",
                    "change": 1.0,
                    "percent": true,
                    "delay": 40
                }
            ],
            "earningsReport": [],
            "eventSequence": [
                {
                    "eventId": "d1article1",
                    "delay": 0
                },
                {
                    "eventId": "d1movement1_1",
                    "delay": 300
                },
                {
                    "eventId": "d1movement1_2",
                    "delay": 20
                },
                {
                    "eventId": "d1movement1_3",
                    "delay": 40
                },
                {
                    "eventId": "d1article2",
                    "delay": 10620
                },
                {
                    "eventId": "d1movement2_1",
                    "delay": 300
                },
                {
                    "eventId": "d1movement2_2",
                    "delay": 20
                },
                {
                    "eventId": "d1movement2_3",
                    "delay": 40
                }
            ]
        },
        {
            "number": 2,
            "articles": [
                {
                    "eventId": "d2article1",
                    "title": "Positive Early Feedback for James&James New Devices",
                    "content": "Following the confirmation of their partnership with a major tech company, James&James (JMJM) has received early positive feedback for their upcoming health monitoring devices. Analysts are optimistic about the potential impact these devices could have in revolutionizing personal healthcare.",
                    "stocks": [
                        "JMJM"
                    ],
                    "author": "Warren Buffoon",
                    "website": "Cash Clown"
                },
                {
                    "eventId": "d2article2",
                    "title": "Technical Challenges Emerge for James&James' New Health Devices",
                    "content": "Despite the initial enthusiasm, James&James (JMJM) seems to be facing significant technical challenges in the development of their new health monitoring devices. According to inside sources, several key components have yet to meet the required standards, raising concerns among investors about the feasibility of the project.",
                    "stocks": [
                        "JMJM"
                    ],
                    "author": "Timmy Tumble",
                    "website": "Bull and Bear Circus"
                }
            ],
            "stockMovements": [
                {
                    "eventId": "d2movement1_1",
                    "stock": "JMJM",
                    "change": 0.8,
                    "percent": true
                },
                {
                    "eventId": "d2movement1_2",
                    "stock": "JMJM",
                    "change": 0.9,
                    "percent": true,
                    "delay": 20
                },
                {
                    "eventId": "d2movement1_3",
                    "stock": "JMJM",
                    "change": 0.8,
                    "percent": true,
                    "delay": 40
                },
                {
                    "eventId": "d2movement2_1",
                    "stock": "JMJM",
                    "change": -0.7,
                    "percent": true,
                    "delay": 14220
                },
                {
                    "eventId": "d2movement2_2",
                    "stock": "JMJM",
                    "change": -0.7,
                    "percent": true,
                    "delay": 20
                },
                {
                    "eventId": "d2movement2_3",
                    "stock": "JMJM",
                    "change": -0.6,
                    "percent": true,
                    "delay": 40
                }
            ],
            "earningsReport": [],
            "eventSequence": [
                {
                    "eventId": "d2article1",
                    "delay": 0
                },
                {
                    "eventId": "d2movement1_1",
                    "delay": 300
                },
                {
                    "eventId": "d2movement1_2",
                    "delay": 20
                },
                {
                    "eventId": "d2movement1_3",
                    "delay": 40
                },
                {
                    "eventId": "d2article2",
                    "delay": 14220
                },
                {
                    "eventId": "d2movement2_1",
                    "delay": 300
                },
                {
                    "eventId": "d2movement2_2",
                    "delay": 20
                },
                {
                    "eventId": "d2movement2_3",
                    "delay": 40
                }
            ]
        },
        {
            "number": 3,
            "articles": [
                {
                    "eventId": "d3article1",
                    "title": "James&James Addresses Technical Issues",
                    "content": "James&James (JMJM) has responded to recent reports of technical challenges in their new health monitoring devices. While the company assures that they are working diligently to resolve these issues, skepticism persists among investors. The stock experienced a downward trend as some remain unconvinced about the project's future.",
                    "stocks": [
                        "JMJM"
                    ],
                    "author": "Gary Glitch",
                    "website": "Silicon Circus"
                },
                {
                    "eventId": "d3article2",
                    "title": "Analysts Predict Long-Term Benefits for James&James",
                    "content": "Analysts are forecasting long-term benefits for James&James (JMJM) despite the technical challenges faced in their current project. They believe that the collaboration with a major tech firm will eventually yield significant advancements in health monitoring technology, stabilizing the stock's volatility.",
                    "stocks": [
                        "JMJM"
                    ],
                    "author": "Sensational Sue",
                    "website": "Market Madness"
                }
            ],
            "stockMovements": [
                {
                    "eventId": "d3movement1_1",
                    "stock": "JMJM",
                    "change": -0.8,
                    "percent": true
                },
                {
                    "eventId": "d3movement1_2",
                    "stock": "JMJM",
                    "change": -0.9,
                    "percent": true,
                    "delay": 20
                },
                {
                    "eventId": "d3movement1_3",
                    "stock": "JMJM",
                    "change": -0.8,
                    "percent": true,
                    "delay": 40
                },
                {
                    "eventId": "d3movement2_1",
                    "stock": "JMJM",
                    "change": 0.5,
                    "percent": true,
                    "delay": 10620
                },
                {
                    "eventId": "d3movement2_2",
                    "stock": "JMJM",
                    "change": 0.5,
                    "percent": true,
                    "delay": 20
                },
                {
                    "eventId": "d3movement2_3",
                    "stock": "JMJM",
                    "change": 0.5,
                    "percent": true,
                    "delay": 40
                }
            ],
            "earningsReport": [],
            "eventSequence": [
                {
                    "eventId": "d3article1",
                    "delay": 0
                },
                {
                    "eventId": "d3movement1_1",
                    "delay": 300
                },
                {
                    "eventId": "d3movement1_2",
                    "delay": 20
                },
                {
                    "eventId": "d3movement1_3",
                    "delay": 40
                },
                {
                    "eventId": "d3article2",
                    "delay": 10620
                },
                {
                    "eventId": "d3movement2_1",
                    "delay": 300
                },
                {
                    "eventId": "d3movement2_2",
                    "delay": 20
                },
                {
                    "eventId": "d3movement2_3",
                    "delay": 40
                }
            ]
        }
    ],
    "categories": [
        "partnership_announcements",
        "healthcare"
    ],
    "timeFrame": 3
}