{
    "id": "tiger_launches_sustainable_mobility_initiative",
    "title": "Tiger Launches Sustainable Mobility Initiative",
    "canRepeat": false,
    "description": "Tiger is launching a new sustainable mobility initiative, garnering positive initial responses but facing implementation challenges.",
    "days": [
        {
            "number": 1,
            "articles": [
                {
                    "eventId": "d1article1",
                    "title": "Rumors Swirl Around Tiger's New Initiative",
                    "content": "The market is buzzing with rumors that Tiger (TIGR) is about to launch a groundbreaking sustainable mobility initiative. Although the details are scarce, initial investor reactions are overwhelmingly positive, seeing this as a move towards future-proof solutions.",
                    "stocks": [
                        "TIGR"
                    ],
                    "author": "Trendy Tina",
                    "website": "Trend Tribune"
                },
                {
                    "eventId": "d1article2",
                    "title": "Tiger Confirms Sustainability Initiative",
                    "content": "Tiger (TIGR) has officially confirmed the launch of its sustainable mobility initiative. The new program aims to integrate eco-friendly technologies across its product line. According to CEO John Smith, 'This initiative represents our commitment to innovation and sustainability.' Investors have reacted positively, feeling reassured about the firm's future direction.",
                    "stocks": [
                        "TIGR"
                    ],
                    "author": "Chic Charlie",
                    "website": "Trend Tribune"
                }
            ],
            "stockMovements": [
                {
                    "eventId": "d1movement1",
                    "stock": "TIGR",
                    "change": 0.8,
                    "percent": true,
                    "delay": 600
                },
                {
                    "eventId": "d1movement2",
                    "stock": "TIGR",
                    "change": 0.9,
                    "percent": true,
                    "delay": 600
                },
                {
                    "eventId": "d1movement3",
                    "stock": "TIGR",
                    "change": 0.8,
                    "percent": true,
                    "delay": 600
                },
                {
                    "eventId": "d1movement4",
                    "stock": "TIGR",
                    "change": 1.0,
                    "percent": true,
                    "delay": 200
                },
                {
                    "eventId": "d1movement5",
                    "stock": "TIGR",
                    "change": 1.0,
                    "percent": true,
                    "delay": 200
                },
                {
                    "eventId": "d1movement6",
                    "stock": "TIGR",
                    "change": 1.0,
                    "percent": true,
                    "delay": 200
                }
            ],
            "earningsReport": [],
            "eventSequence": [
                {
                    "eventId": "d1article1",
                    "delay": 0
                },
                {
                    "eventId": "d1movement1",
                    "delay": 600
                },
                {
                    "eventId": "d1movement2",
                    "delay": 600
                },
                {
                    "eventId": "d1movement3",
                    "delay": 600
                },
                {
                    "eventId": "d1article2",
                    "delay": 7800
                },
                {
                    "eventId": "d1movement4",
                    "delay": 200
                },
                {
                    "eventId": "d1movement5",
                    "delay": 200
                },
                {
                    "eventId": "d1movement6",
                    "delay": 200
                }
            ]
        },
        {
            "number": 2,
            "articles": [
                {
                    "eventId": "d2article1",
                    "title": "Positive Feedback on Tiger's Sustainability Push",
                    "content": "The market is reacting positively to Tiger's (TIGR) new sustainable mobility initiative. Analysts see this as a step in the right direction, potentially boosting the company's long-term growth. The early feedback is glowing, with many calling the initiative innovative and ahead of its time.",
                    "stocks": [
                        "TIGR"
                    ],
                    "author": "Fad Fred",
                    "website": "Trend Tribune"
                },
                {
                    "eventId": "d2article2",
                    "title": "Challenges Emerge in Tiger\u2019s Sustainability Plans",
                    "content": "Despite the initial enthusiasm, some reports have started to emerge about potential implementation challenges facing Tiger (TIGR) as it rolls out its sustainable mobility initiative. Insiders suggest that integrating new technologies may take more time and resources than initially anticipated, causing concern among investors.",
                    "stocks": [
                        "TIGR"
                    ],
                    "author": "Dramatic Dana",
                    "website": "Console Carnival"
                }
            ],
            "stockMovements": [
                {
                    "eventId": "d2movement1",
                    "stock": "TIGR",
                    "change": 0.7,
                    "percent": true,
                    "delay": 400
                },
                {
                    "eventId": "d2movement2",
                    "stock": "TIGR",
                    "change": 0.7,
                    "percent": true,
                    "delay": 400
                },
                {
                    "eventId": "d2movement3",
                    "stock": "TIGR",
                    "change": 0.6,
                    "percent": true,
                    "delay": 400
                },
                {
                    "eventId": "d2movement4",
                    "stock": "TIGR",
                    "change": -0.8,
                    "percent": true,
                    "delay": 300
                },
                {
                    "eventId": "d2movement5",
                    "stock": "TIGR",
                    "change": -0.9,
                    "percent": true,
                    "delay": 300
                },
                {
                    "eventId": "d2movement6",
                    "stock": "TIGR",
                    "change": -0.8,
                    "percent": true,
                    "delay": 300
                }
            ],
            "earningsReport": [],
            "eventSequence": [
                {
                    "eventId": "d2article1",
                    "delay": 0
                },
                {
                    "eventId": "d2movement1",
                    "delay": 400
                },
                {
                    "eventId": "d2movement2",
                    "delay": 400
                },
                {
                    "eventId": "d2movement3",
                    "delay": 400
                },
                {
                    "eventId": "d2article2",
                    "delay": 13200
                },
                {
                    "eventId": "d2movement4",
                    "delay": 300
                },
                {
                    "eventId": "d2movement5",
                    "delay": 300
                },
                {
                    "eventId": "d2movement6",
                    "delay": 300
                }
            ]
        },
        {
            "number": 3,
            "articles": [
                {
                    "eventId": "d3article1",
                    "title": "Tiger Addresses Sustainability Initiative Hurdles",
                    "content": "Tiger (TIGR) has openly addressed the implementation issues reported earlier in their sustainable mobility initiative. While the company assures that these are minor hurdles that will be overcome soon, investor skepticism remains. Experts suggest that the real test will be the practical deployment of these new technologies.",
                    "stocks": [
                        "TIGR"
                    ],
                    "author": "Wacky Walter",
                    "website": "Industry Insanity"
                },
                {
                    "eventId": "d3article2",
                    "title": "Analysts Lower Projections for Tiger",
                    "content": "In light of the recent challenges faced by Tiger's (TIGR) sustainable mobility initiative, several analysts have lowered their growth projections for the company. This has led to a sharp drop in Tiger's stock prices. The move underscores the uncertainty surrounding the long-term success of the initiative.",
                    "stocks": [
                        "TIGR"
                    ],
                    "author": "Timmy Tumble",
                    "website": "Bull and Bear Circus"
                }
            ],
            "stockMovements": [
                {
                    "eventId": "d3movement1",
                    "stock": "TIGR",
                    "change": -1.0,
                    "percent": true,
                    "delay": 400
                },
                {
                    "eventId": "d3movement2",
                    "stock": "TIGR",
                    "change": -1.0,
                    "percent": true,
                    "delay": 400
                },
                {
                    "eventId": "d3movement3",
                    "stock": "TIGR",
                    "change": -1.0,
                    "percent": true,
                    "delay": 400
                },
                {
                    "eventId": "d3movement4",
                    "stock": "TIGR",
                    "change": -1.3,
                    "percent": true,
                    "delay": 400
                },
                {
                    "eventId": "d3movement5",
                    "stock": "TIGR",
                    "change": -1.4,
                    "percent": true,
                    "delay": 400
                },
                {
                    "eventId": "d3movement6",
                    "stock": "TIGR",
                    "change": -1.3,
                    "percent": true,
                    "delay": 400
                }
            ],
            "earningsReport": [],
            "eventSequence": [
                {
                    "eventId": "d3article1",
                    "delay": 0
                },
                {
                    "eventId": "d3movement1",
                    "delay": 400
                },
                {
                    "eventId": "d3movement2",
                    "delay": 400
                },
                {
                    "eventId": "d3movement3",
                    "delay": 400
                },
                {
                    "eventId": "d3article2",
                    "delay": 9400
                },
                {
                    "eventId": "d3movement4",
                    "delay": 400
                },
                {
                    "eventId": "d3movement5",
                    "delay": 400
                },
                {
                    "eventId": "d3movement6",
                    "delay": 400
                }
            ]
        }
    ],
    "categories": [
        "company_announcements",
        "sustainability",
        "automotive"
    ],
    "timeFrame": 3
}