{
    "id": "tiger_faces_backlash_over_electric_suv_pricing",
    "title": "Tiger Faces Backlash Over Electric SUV Pricing",
    "canRepeat": false,
    "description": "Reports of consumer backlash over high pricing for Tiger's new electric SUV, the I-Pace.",
    "days": [
        {
            "number": 1,
            "articles": [
                {
                    "eventId": "d1article1",
                    "title": "Consumers Outraged Over Tiger's I-Pace Pricing",
                    "content": "Tiger (TIGR) is facing a significant backlash from consumers due to the high pricing of its new electric SUV, the I-Pace. Many potential buyers have taken to social media to express their disappointment, which has led to a noticeable dip in the company's stock price. While Tiger has touted the I-Pace as a luxury electric vehicle with cutting-edge technology and performance, the premium price tag has left many feeling alienated.\nConsumer advocacy groups have also weighed in, calling for Tiger to reconsider its pricing strategy. They argue that the high cost of the I-Pace might drive potential EV buyers to more affordable alternatives offered by competitors. Amidst the uproar, Tiger's management is under increasing pressure to address the concerns and potentially rethink their pricing model.",
                    "stocks": [
                        "TIGR"
                    ],
                    "author": "Timmy Tumble",
                    "website": "Bull and Bear Circus"
                },
                {
                    "eventId": "d1article2",
                    "title": "Tiger Defends I-Pace Pricing Strategy",
                    "content": "In response to the backlash, Tiger (TIGR) has come forward to defend its pricing strategy for the I-Pace. A spokesperson from the company stated that the pricing reflects the innovation and quality that Tiger customers have come to expect. The company emphasized that the I-Pace delivers unparalleled performance and luxury features that justify the premium price point. Investors responded positively to Tiger's defense, leading to a slight stabilization in the stock price.\nDespite the company's reassurances, some market analysts believe that the high price may limit the I-Pace's market penetration. However, Tiger remains confident in its strategy and expects that discerning buyers will recognize the value offered by their latest electric vehicle.",
                    "stocks": [
                        "TIGR"
                    ],
                    "author": "Polly Profit",
                    "website": "Bull and Bear Circus"
                },
                {
                    "eventId": "d1article3",
                    "title": "Further Consumer Discontent Over Tiger's I-Pace Pricing",
                    "content": "Despite Tiger's (TIGR) defense of its I-Pace pricing strategy, consumer dissatisfaction continues to mount. Numerous buyers have publicly expressed their frustration at what they see as an unjustifiable markup for an electric vehicle. Some potential customers have even threatened to boycott the brand altogether, citing a lack of consideration for the average consumer's budget.\nMarket observers note that this growing discontent could have longer-term implications for Tiger's reputation and sales performance. The company's stock took another hit as more negative sentiment surfaced. Analysts are closely watching the situation to see how Tiger will navigate this wave of criticism and whether it will lead to any strategic adjustments.",
                    "stocks": [
                        "TIGR"
                    ],
                    "author": "Drama Dana",
                    "website": "Console Carnival"
                },
                {
                    "eventId": "d1article4",
                    "title": "Analysts Predict Limited Long-Term Impact on Tiger Stock",
                    "content": "Amidst the ongoing controversy surrounding the pricing of Tiger's (TIGR) I-Pace electric SUV, some financial analysts are offering a more tempered outlook. They predict that while the initial backlash has affected Tiger's stock, the impact is unlikely to be significant in the long run. According to these analysts, Tiger's strong brand loyalty and the inherent value of the I-Pace as a high-performance electric vehicle will eventually offset the current negative sentiment.\nTiger's stock showed signs of stabilization following these optimistic predictions. Although consumer dissatisfaction is still evident, the company is expected to weather this storm and maintain its position as a leading luxury automotive manufacturer. Investors are advised to hold steady as the market adjusts to these developments.",
                    "stocks": [
                        "TIGR"
                    ],
                    "author": "Warren Buffoon",
                    "website": "Cash Clown"
                }
            ],
            "stockMovements": [
                {
                    "eventId": "d1movement1_phase1",
                    "stock": "TIGR",
                    "change": -1.0,
                    "percent": true,
                    "delay": 100
                },
                {
                    "eventId": "d1movement1_phase2",
                    "stock": "TIGR",
                    "change": -1.0,
                    "percent": true,
                    "delay": 200
                },
                {
                    "eventId": "d1movement1_phase3",
                    "stock": "TIGR",
                    "change": -1.0,
                    "percent": true,
                    "delay": 300
                },
                {
                    "eventId": "d1movement2_phase1",
                    "stock": "TIGR",
                    "change": 0.5,
                    "percent": true,
                    "delay": 100
                },
                {
                    "eventId": "d1movement2_phase2",
                    "stock": "TIGR",
                    "change": 0.5,
                    "percent": true,
                    "delay": 150
                },
                {
                    "eventId": "d1movement2_phase3",
                    "stock": "TIGR",
                    "change": 0.5,
                    "percent": true,
                    "delay": 200
                },
                {
                    "eventId": "d1movement3_phase1",
                    "stock": "TIGR",
                    "change": -0.8,
                    "percent": true,
                    "delay": 100
                },
                {
                    "eventId": "d1movement3_phase2",
                    "stock": "TIGR",
                    "change": -0.85,
                    "percent": true,
                    "delay": 150
                },
                {
                    "eventId": "d1movement3_phase3",
                    "stock": "TIGR",
                    "change": -0.85,
                    "percent": true,
                    "delay": 200
                },
                {
                    "eventId": "d1movement4_phase1",
                    "stock": "TIGR",
                    "change": 0.3,
                    "percent": true,
                    "delay": 100
                },
                {
                    "eventId": "d1movement4_phase2",
                    "stock": "TIGR",
                    "change": 0.35,
                    "percent": true,
                    "delay": 150
                },
                {
                    "eventId": "d1movement4_phase3",
                    "stock": "TIGR",
                    "change": 0.35,
                    "percent": true,
                    "delay": 200
                }
            ],
            "earningsReport": [],
            "eventSequence": [
                {
                    "eventId": "d1article1",
                    "delay": 3600
                },
                {
                    "eventId": "d1movement1_phase1",
                    "delay": 300
                },
                {
                    "eventId": "d1movement1_phase2",
                    "delay": 300
                },
                {
                    "eventId": "d1movement1_phase3",
                    "delay": 300
                },
                {
                    "eventId": "d1article2",
                    "delay": 3600
                },
                {
                    "eventId": "d1movement2_phase1",
                    "delay": 300
                },
                {
                    "eventId": "d1movement2_phase2",
                    "delay": 300
                },
                {
                    "eventId": "d1movement2_phase3",
                    "delay": 300
                },
                {
                    "eventId": "d1article3",
                    "delay": 3600
                },
                {
                    "eventId": "d1movement3_phase1",
                    "delay": 300
                },
                {
                    "eventId": "d1movement3_phase2",
                    "delay": 300
                },
                {
                    "eventId": "d1movement3_phase3",
                    "delay": 300
                },
                {
                    "eventId": "d1article4",
                    "delay": 3600
                },
                {
                    "eventId": "d1movement4_phase1",
                    "delay": 300
                },
                {
                    "eventId": "d1movement4_phase2",
                    "delay": 300
                },
                {
                    "eventId": "d1movement4_phase3",
                    "delay": 300
                }
            ]
        }
    ],
    "categories": [
        "product_pricing",
        "automotive"
    ],
    "timeFrame": 1
}