{
    "date": "2021-01-02",
    "numStoryEvents": 5,
    "marketDirection": 0.02,
    "stockMovements": [
      {
        "stockSymbol": "GLUX",
        "pricePercentageChange": 1.5,
        "eventTime": "2021-01-02T09:31:00"
      },
      {
        "stockSymbol": "GLUX",
        "pricePercentageChange": 2.0,
        "eventTime": "2021-01-02T09:45:00"
      },
      {
        "stockSymbol": "GLUX",
        "pricePercentageChange": 2.5,
        "eventTime": "2021-01-02T10:05:00"
      },
      {
        "stockSymbol": "GLUX",
        "pricePercentageChange": 3.0,
        "eventTime": "2021-01-02T10:30:00"
      },
      {
        "stockSymbol": "GLUX",
        "pricePercentageChange": 3.5,
        "eventTime": "2021-01-02T11:00:00"
      },
      {
        "stockSymbol": "GLUX",
        "pricePercentageChange": 4.0,
        "eventTime": "2021-01-02T11:35:00"
      },
      {
        "stockSymbol": "GLUX",
        "pricePercentageChange": 4.5,
        "eventTime": "2021-01-02T12:15:00"
      },
      {
        "stockSymbol": "BTZN",
        "pricePercentageChange": 0.6,
        "eventTime": "2021-01-02T10:46:00"
      },
      {
        "stockSymbol": "BTZN",
        "pricePercentageChange": 0.9,
        "eventTime": "2021-01-02T11:10:00"
      },
      {
        "stockSymbol": "BTZN",
        "pricePercentageChange": 1.2,
        "eventTime": "2021-01-02T11:40:00"
      },
      {
        "stockSymbol": "BTZN",
        "pricePercentageChange": 1.5,
        "eventTime": "2021-01-02T12:15:00"
      },
      {
        "stockSymbol": "BTZN",
        "pricePercentageChange": 1.8,
        "eventTime": "2021-01-02T12:50:00"
      },
      {
        "stockSymbol": "ORCL",
        "pricePercentageChange": 0.8,
        "eventTime": "2021-01-02T11:31:00"
      },
      {
        "stockSymbol": "ORCL",
        "pricePercentageChange": 1.1,
        "eventTime": "2021-01-02T11:50:00"
      },
      {
        "stockSymbol": "ORCL",
        "pricePercentageChange": 1.4,
        "eventTime": "2021-01-02T12:20:00"
      },
      {
        "stockSymbol": "ORCL",
        "pricePercentageChange": 1.7,
        "eventTime": "2021-01-02T12:55:00"
      },
      {
        "stockSymbol": "ORCL",
        "pricePercentageChange": 2.0,
        "eventTime": "2021-01-02T13:35:00"
      },
      {
        "stockSymbol": "TSLR",
        "pricePercentageChange": -0.3,
        "eventTime": "2021-01-02T13:16:00"
      },
      {
        "stockSymbol": "TSLR",
        "pricePercentageChange": -0.6,
        "eventTime": "2021-01-02T13:40:00"
      },
      {
        "stockSymbol": "TSLR",
        "pricePercentageChange": -0.9,
        "eventTime": "2021-01-02T14:10:00"
      },
      {
        "stockSymbol": "TSLR",
        "pricePercentageChange": -1.2,
        "eventTime": "2021-01-02T14:45:00"
      },
      {
        "stockSymbol": "TSLR",
        "pricePercentageChange": -1.5,
        "eventTime": "2021-01-02T15:25:00"
      },
      {
        "stockSymbol": "ZAPL",
        "pricePercentageChange": 0.7,
        "eventTime": "2021-01-02T14:46:00"
      },
      {
        "stockSymbol": "ZAPL",
        "pricePercentageChange": 1.0,
        "eventTime": "2021-01-02T15:10:00"
      },
      {
        "stockSymbol": "ZAPL",
        "pricePercentageChange": 1.3,
        "eventTime": "2021-01-02T15:40:00"
      }
    ],
    "articles": [
      {
        "title": "Googlux Reports Strong Earnings, Plans Moon Search Engine",
        "body": "Googlux (GLUX) has reported strong quarterly earnings, beating market expectations. The company also announced plans to build a search engine on the moon, further boosting investor confidence.",
        "displayedBody": "Googlux (GLUX) has reported strong quarterly earnings, beating market expectations. The company also announced plans to build a search engine on the moon...",
        "author": "Emily Davis",
        "website": "FinancialTimes.com",
        "relatedStockSymbols": [
          "GLUX"
        ],
        "appearanceTime": "2021-01-02T09:30:00Z"
      },
      {
        "title": "Analysts Raise Price Targets for Googlux Stock",
        "body": "Following Googlux's (GLUX) impressive earnings report and announcement of plans to build a search engine on the moon, several Wall Street analysts have raised their price targets for the company's stock.",
        "displayedBody": "Following Googlux's (GLUX) impressive earnings report and announcement of plans to build a search engine on the moon, several Wall Street analysts have raised their price targets for the company's stock...",
        "author": "John Smith",
        "website": "InvestorsDaily.com",
        "relatedStockSymbols": [
          "GLUX"
        ],
        "appearanceTime": "2021-01-02T11:45:00Z"
      },
      {
        "title": "Rumors of Betazon Partnership with Major Retailer",
        "body": "Rumors are circulating about a potential partnership between Betazon (BTZN) and a major retailer. Investors reacted positively to the news, causing a moderate increase in BTZN's stock price.",
        "displayedBody": "Rumors are circulating about a potential partnership between Betazon (BTZN) and a major retailer...",
        "author": "Michael Brown",
        "website": "MarketWatch.com",
        "relatedStockSymbols": [
          "BTZN"
        ],
        "appearanceTime": "2021-01-02T10:45:00Z"
      },
      {
        "title": "Betazon Declines to Comment on Partnership Rumors",
        "body": "When asked about the recent rumors of a potential partnership with a major retailer, Betazon (BTZN) declined to comment, stating that the company does not discuss speculation about its business dealings.",
        "displayedBody": "When asked about the recent rumors of a potential partnership with a major retailer, Betazon (BTZN) declined to comment...",
        "author": "Sarah Thompson",
        "website": "BusinessInsider.com",
        "relatedStockSymbols": [
          "BTZN"
        ],
        "appearanceTime": "2021-01-02T12:30:00Z"
      },
      {
        "title": "Oraclite Launches Cloud-Based Fortune-Telling Service",
        "body": "Oraclite (ORCL) has launched a new cloud-based fortune-telling service, attracting a surge of interest from investors. The company's stock price has risen following the announcement.",
        "displayedBody": "Oraclite (ORCL) has launched a new cloud-based fortune-telling service, attracting a surge of interest from investors...",
        "author": "Jennifer Wilson",
        "website": "TechInsider.com",
        "relatedStockSymbols": [
          "ORCL"
        ],
        "appearanceTime": "2021-01-02T11:30:00Z"
      },
      {
        "title": "Oraclite's Fortune-Telling Service Faces Skepticism",
        "body": "Despite the initial excitement surrounding Oraclite's (ORCL) new cloud-based fortune-telling service, some industry experts have expressed skepticism about the service's accuracy and long-term viability.",
        "displayedBody": "Despite the initial excitement surrounding Oraclite's (ORCL) new cloud-based fortune-telling service, some industry experts have expressed skepticism about the service's accuracy and long-term viability...",
        "author": "David Wilson",
        "website": "TechSkeptic.com",
        "relatedStockSymbols": [
          "ORCL"
        ],
        "appearanceTime": "2021-01-02T13:15:00Z"
      },
      {
        "title": "Tessler Motors Faces Production Delays Due to Button Shortage",
        "body": "Tessler Motors (TSLR) is experiencing production delays due to a shortage of \"ludicrous mode\" buttons. The news has caused a slight decline in the company's stock price.",
        "displayedBody": "Tessler Motors (TSLR) is experiencing production delays due to a shortage of \"ludicrous mode\" buttons...",
        "author": "Jessica Thompson",
        "website": "AutoNews.com",
        "relatedStockSymbols": [
          "TSLR"
        ],
        "appearanceTime": "2021-01-02T13:15:00Z"
      },
      {
        "title": "Tessler Motors CEO Downplays Button Shortage Concerns",
        "body": "In a statement, Tessler Motors' (TSLR) CEO attempted to downplay concerns about the company's production delays caused by a shortage of \"ludicrous mode\" buttons, assuring investors that the issue would be resolved soon.",
        "displayedBody": "In a statement, Tessler Motors' (TSLR) CEO attempted to downplay concerns about the company's production delays caused by a shortage of \"ludicrous mode\" buttons...",
        "author": "Michael Brown",
        "website": "CarScoops.com",
        "relatedStockSymbols": [
          "TSLR"
        ],
        "appearanceTime": "2021-01-02T15:00:00Z"
      },
      {
        "title": "Zapple Files Patent for AI-Powered Pizza Box",
        "body": "Zapple Inc. (ZAPL) has filed a patent for a \"smart\" pizza box that can reheat pizza using artificial intelligence. The news has led to a further increase in the company's stock price.",
        "displayedBody": "Zapple Inc. (ZAPL) has filed a patent for a \"smart\" pizza box that can reheat pizza using artificial intelligence...",
        "author": "Robert Johnson",
        "website": "InnovationWeekly.com",
        "relatedStockSymbols": [
          "ZAPL"
        ],
        "appearanceTime": "2021-01-02T14:45:00Z"
      }
    ],
    "earningsReports": []
  }