{
    "id": "kisco_expands_cloud_networking_solutions",
    "title": "Kisco Expands Cloud Networking Solutions",
    "canRepeat": false,
    "description": "Kisco Systems is expanding its cloud networking solutions to new markets, with expectations of significant growth and positive customer feedback.",
    "days": [
        {
            "number": 1,
            "articles": [
                {
                    "eventId": "d1article1",
                    "title": "Rumors of Kisco Systems Expanding Its Cloud Networking Solutions",
                    "content": "Rumors have surfaced that Kisco Systems (KSCO) is looking to expand its cloud networking solutions into new markets. This potential move signifies a major step for the company as it looks to leverage its expertise in networking equipment to capture a larger share of the cloud services industry.",
                    "stocks": [
                        "KSCO"
                    ],
                    "author": "Gary Glitch",
                    "website": "SiliconCircus.com"
                },
                {
                    "eventId": "d1article2",
                    "title": "Kisco Confirms Expansion",
                    "content": "Kisco Systems (KSCO) has officially confirmed its plans to expand its cloud networking solutions, targeting key international regions. The company aims to solidify its position in the global market by offering advanced networking solutions to businesses worldwide, ensuring robust and scalable cloud services.",
                    "stocks": [
                        "KSCO"
                    ],
                    "author": "Gary Glitch",
                    "website": "SiliconCircus.com"
                }
            ],
            "stockMovements": [
                {
                    "eventId": "d1movement1",
                    "stock": "KSCO",
                    "change": 0.5,
                    "percent": true
                },
                {
                    "eventId": "d1movement2",
                    "stock": "KSCO",
                    "change": 0.8,
                    "percent": true
                },
                {
                    "eventId": "d1movement3",
                    "stock": "KSCO",
                    "change": 0.7,
                    "percent": true
                },
                {
                    "eventId": "d1movement4",
                    "stock": "KSCO",
                    "change": 0.7,
                    "percent": true
                },
                {
                    "eventId": "d1movement5",
                    "stock": "KSCO",
                    "change": 0.5,
                    "percent": true
                },
                {
                    "eventId": "d1movement6",
                    "stock": "KSCO",
                    "change": 0.8,
                    "percent": true
                },
                {
                    "eventId": "d1movement7",
                    "stock": "KSCO",
                    "change": 0.7,
                    "percent": true
                },
                {
                    "eventId": "d1movement8",
                    "stock": "KSCO",
                    "change": 0.5,
                    "percent": true
                }
            ],
            "earningsReport": [],
            "eventSequence": [
                {
                    "eventId": "d1article1",
                    "delay": 0
                },
                {
                    "eventId": "d1movement1",
                    "delay": 120
                },
                {
                    "eventId": "d1movement2",
                    "delay": 240
                },
                {
                    "eventId": "d1movement3",
                    "delay": 360
                },
                {
                    "eventId": "d1movement4",
                    "delay": 480
                },
                {
                    "eventId": "d1article2",
                    "delay": 6040
                },
                {
                    "eventId": "d1movement5",
                    "delay": 60
                },
                {
                    "eventId": "d1movement6",
                    "delay": 180
                },
                {
                    "eventId": "d1movement7",
                    "delay": 300
                },
                {
                    "eventId": "d1movement8",
                    "delay": 240
                }
            ]
        },
        {
            "number": 2,
            "articles": [
                {
                    "eventId": "d2article1",
                    "title": "Analysts Praise Kisco's Strategic Move",
                    "content": "Analysts have lauded Kisco Systems' (KSCO) strategic move to expand its cloud networking solutions. They predict significant growth in the company's cloud services, citing Kisco's strong industry expertise and innovative technology as key factors driving this positive outlook.",
                    "stocks": [
                        "KSCO"
                    ],
                    "author": "Diana Data",
                    "website": "SiliconCircus.com"
                },
                {
                    "eventId": "d2article2",
                    "title": "Positive Customer Feedback Boosts Confidence",
                    "content": "Early customer feedback on Kisco Systems' (KSCO) new cloud networking solutions has been overwhelmingly positive. Clients have praised the reliability and scalability of Kisco's offerings, which has significantly boosted investor confidence in the company's prospects.",
                    "stocks": [
                        "KSCO"
                    ],
                    "author": "Diana Data",
                    "website": "SiliconCircus.com"
                }
            ],
            "stockMovements": [
                {
                    "eventId": "d2movement1",
                    "stock": "KSCO",
                    "change": 0.6,
                    "percent": true
                },
                {
                    "eventId": "d2movement2",
                    "stock": "KSCO",
                    "change": 0.9,
                    "percent": true
                },
                {
                    "eventId": "d2movement3",
                    "stock": "KSCO",
                    "change": 0.8,
                    "percent": true
                },
                {
                    "eventId": "d2movement4",
                    "stock": "KSCO",
                    "change": 0.7,
                    "percent": true
                },
                {
                    "eventId": "d2movement5",
                    "stock": "KSCO",
                    "change": 0.6,
                    "percent": true
                },
                {
                    "eventId": "d2movement6",
                    "stock": "KSCO",
                    "change": 0.8,
                    "percent": true
                },
                {
                    "eventId": "d2movement7",
                    "stock": "KSCO",
                    "change": 0.7,
                    "percent": true
                },
                {
                    "eventId": "d2movement8",
                    "stock": "KSCO",
                    "change": 0.4,
                    "percent": true
                }
            ],
            "earningsReport": [],
            "eventSequence": [
                {
                    "eventId": "d2article1",
                    "delay": 0
                },
                {
                    "eventId": "d2movement1",
                    "delay": 120
                },
                {
                    "eventId": "d2movement2",
                    "delay": 180
                },
                {
                    "eventId": "d2movement3",
                    "delay": 240
                },
                {
                    "eventId": "d2movement4",
                    "delay": 360
                },
                {
                    "eventId": "d2article2",
                    "delay": 12900
                },
                {
                    "eventId": "d2movement5",
                    "delay": 60
                },
                {
                    "eventId": "d2movement6",
                    "delay": 180
                },
                {
                    "eventId": "d2movement7",
                    "delay": 300
                },
                {
                    "eventId": "d2movement8",
                    "delay": 240
                }
            ]
        }
    ],
    "categories": [
        "expansion",
        "technology"
    ],
    "timeFrame": 2
}