{
    "id": "kisco_switches_technical_issues",
    "title": "Kisco's Switches Face Technical Issues",
    "canRepeat": false,
    "description": "Kisco Systems is facing significant issues with their latest switches, causing multiple stock movements as they attempt to address the problems.",
    "days": [
        {
            "number": 1,
            "articles": [
                {
                    "eventId": "d1article1",
                    "title": "Kisco's Latest Switches Facing Severe Technical Issues",
                    "content": "Reports have surfaced today about serious technical issues affecting Kisco's (KSCO) latest line of networking switches. Users have reported frequent disconnections and performance lags, causing a wave of dissatisfaction among Kisco's loyal customer base. This news has swiftly impacted the stock market, leading to a noticeable drop in Kisco's value.",
                    "stocks": [
                        "KSCO"
                    ],
                    "author": "Sammy Security",
                    "website": "TechTattler.com"
                }
            ],
            "stockMovements": [
                {
                    "eventId": "d1movement1",
                    "stock": "KSCO",
                    "change": -0.5,
                    "percent": true,
                    "delay": 100
                },
                {
                    "eventId": "d1movement2",
                    "stock": "KSCO",
                    "change": -1.0,
                    "percent": true,
                    "delay": 100
                },
                {
                    "eventId": "d1movement3",
                    "stock": "KSCO",
                    "change": -1.0,
                    "percent": true,
                    "delay": 200
                }
            ],
            "earningsReport": [],
            "eventSequence": [
                {
                    "eventId": "d1article1",
                    "delay": 0
                },
                {
                    "eventId": "d1movement1",
                    "delay": 100
                },
                {
                    "eventId": "d1movement2",
                    "delay": 200
                },
                {
                    "eventId": "d1movement3",
                    "delay": 300
                }
            ]
        },
        {
            "number": 1,
            "articles": [
                {
                    "eventId": "d1article2",
                    "title": "Kisco Acknowledges Switch Problems, Vows Quick Fix",
                    "content": "In response to the growing concerns about their new switches, Kisco Systems (KSCO) has issued a statement acknowledging the technical difficulties. The company assured customers and investors that they are working diligently to resolve the issues rapidly. Despite the negative press, this commitment to quick action has instilled a degree of confidence in some quarters.",
                    "stocks": [
                        "KSCO"
                    ],
                    "author": "Gary Glitch",
                    "website": "SiliconCircus.com"
                }
            ],
            "stockMovements": [
                {
                    "eventId": "d1movement4",
                    "stock": "KSCO",
                    "change": 0.3,
                    "percent": true,
                    "delay": 100
                },
                {
                    "eventId": "d1movement5",
                    "stock": "KSCO",
                    "change": 0.3,
                    "percent": true,
                    "delay": 200
                },
                {
                    "eventId": "d1movement6",
                    "stock": "KSCO",
                    "change": 0.4,
                    "percent": true,
                    "delay": 200
                }
            ],
            "earningsReport": [],
            "eventSequence": [
                {
                    "eventId": "d1article2",
                    "delay": 3600
                },
                {
                    "eventId": "d1movement4",
                    "delay": 300
                },
                {
                    "eventId": "d1movement5",
                    "delay": 300
                },
                {
                    "eventId": "d1movement6",
                    "delay": 300
                }
            ]
        },
        {
            "number": 2,
            "articles": [
                {
                    "eventId": "d2article1",
                    "title": "Persistent Issues With Kisco Switches Emerge",
                    "content": "Just as Kisco (KSCO) began addressing initial complaints, new reports have surfaced indicating persistent issues with their latest switches. Users continue to experience significant problems impacting network performance and reliability. This ongoing saga is causing growing concern among investors, leading to further declines in stock value.",
                    "stocks": [
                        "KSCO"
                    ],
                    "author": "Toby Techie",
                    "website": "ByteBanter.com"
                }
            ],
            "stockMovements": [
                {
                    "eventId": "d2movement1",
                    "stock": "KSCO",
                    "change": -0.5,
                    "percent": true,
                    "delay": 100
                },
                {
                    "eventId": "d2movement2",
                    "stock": "KSCO",
                    "change": -0.8,
                    "percent": true,
                    "delay": 150
                },
                {
                    "eventId": "d2movement3",
                    "stock": "KSCO",
                    "change": -0.7,
                    "percent": true,
                    "delay": 150
                },
                {
                    "eventId": "d2movement4",
                    "stock": "KSCO",
                    "change": -0.5,
                    "percent": true,
                    "delay": 200
                },
                {
                    "eventId": "d2movement5",
                    "stock": "KSCO",
                    "change": -0.3,
                    "percent": true,
                    "delay": 200
                },
                {
                    "eventId": "d2movement6",
                    "stock": "KSCO",
                    "change": -0.2,
                    "percent": true,
                    "delay": 200
                }
            ],
            "earningsReport": [],
            "eventSequence": [
                {
                    "eventId": "d2article1",
                    "delay": 0
                },
                {
                    "eventId": "d2movement1",
                    "delay": 100
                },
                {
                    "eventId": "d2movement2",
                    "delay": 250
                },
                {
                    "eventId": "d2movement3",
                    "delay": 400
                },
                {
                    "eventId": "d2movement4",
                    "delay": 600
                },
                {
                    "eventId": "d2movement5",
                    "delay": 800
                },
                {
                    "eventId": "d2movement6",
                    "delay": 1000
                }
            ]
        },
        {
            "number": 2,
            "articles": [
                {
                    "eventId": "d2article2",
                    "title": "Analysts Warn of Potential Impact on Kisco's Sales",
                    "content": "Analysts are now warning of the potential long-term impact that the ongoing technical issues with Kisco's (KSCO) switches could have on the company's sales. The persistent problems are damaging the company's reputation, and investors are reacting accordingly. As concerns mount, Kisco's stock continues to see a downward trend.",
                    "stocks": [
                        "KSCO"
                    ],
                    "author": "Timmy Tumble",
                    "website": "BullAndBearCircus.com"
                }
            ],
            "stockMovements": [
                {
                    "eventId": "d2movement7",
                    "stock": "KSCO",
                    "change": -0.7,
                    "percent": true,
                    "delay": 150
                },
                {
                    "eventId": "d2movement8",
                    "stock": "KSCO",
                    "change": -0.6,
                    "percent": true,
                    "delay": 100
                },
                {
                    "eventId": "d2movement9",
                    "stock": "KSCO",
                    "change": -0.4,
                    "percent": true,
                    "delay": 100
                },
                {
                    "eventId": "d2movement10",
                    "stock": "KSCO",
                    "change": -0.3,
                    "percent": true,
                    "delay": 200
                },
                {
                    "eventId": "d2movement11",
                    "stock": "KSCO",
                    "change": -0.5,
                    "percent": true,
                    "delay": 250
                }
            ],
            "earningsReport": [],
            "eventSequence": [
                {
                    "eventId": "d2article2",
                    "delay": 3600
                },
                {
                    "eventId": "d2movement7",
                    "delay": 300
                },
                {
                    "eventId": "d2movement8",
                    "delay": 300
                },
                {
                    "eventId": "d2movement9",
                    "delay": 300
                },
                {
                    "eventId": "d2movement10",
                    "delay": 300
                },
                {
                    "eventId": "d2movement11",
                    "delay": 300
                }
            ]
        }
    ],
    "categories": [
        "technical_issues",
        "technology"
    ],
    "timeFrame": 2
}