{
    "id": "kisco_intro_ai_network_management",
    "title": "Kisco Introduces AI-Powered Network Management",
    "canRepeat": false,
    "description": "Kisco Systems (KSCO) introduces groundbreaking AI-powered network management tools, leading to fluctuations in stock price following various announcements and investor reactions across the same day.",
    "days": [
        {
            "number": 1,
            "articles": [
                {
                    "eventId": "d1article1",
                    "title": "Kisco Rumored to Revolutionize Networking with AI-Powered Solutions",
                    "content": "The rumor mill is abuzz with whispers that Kisco Systems (KSCO) is about to unveil a groundbreaking leap in network management using advanced AI technologies. If these speculations hold any weight, Kisco Systems could very well dominate the tech world scene with enhanced efficiency and unprecedented level of cybersecurity frameworks for networks. Industry insiders are already praising the potential of this undisclosed technology, suggesting it could be a game-changer across all realms, from enterprise solutions to individual users. These possibilities are driving investor excitement to all-new heights as Kisco share prices are set to ascend significantly.\n\nFinancial analysts are practically giddy with the speculative upside of this initiative, seeing immense potential for transforming the digital marketplace and solidifying Kisco\u2019s stronghold within the tech industry. Is Kisco Systems gearing up to revolutionize network security? Investors are watching with bated breath.",
                    "stocks": [
                        "KSCO"
                    ],
                    "author": "Polly Profit",
                    "website": "Bull and Bear Circus"
                },
                {
                    "eventId": "d1article2",
                    "title": "Kisco Confirms AI Network Management, Promising Major Efficiency Boost",
                    "content": "In an official statement released today, Kisco Systems (KSCO) made waves confirming the earlier rumors - they are indeed incorporating AI-powered tools into their network management arsenal. This technology is spotlighted to redefine expectations in network efficiency and heightened security measures, truly elevating the bar across the tech realm.\n\nKisco\u2019s executives highlighted how their sophisticated AI algorithms will autonomously manage, optimize, and secure network traffic flows, dramatically minimizing downtime while maximizing resource utilization. The significant advancement promises to offer unparalleled benefits to enterprise network infrastructures globally. Adding real-time threat detection and adaptive response functionalities into current systems ensures a fortified defense against cyber threats.\n\nFollowing this compelling announcement, investors' confidence skyrocketed, and stocks showed a positive surge. Many industry leaders now regard Kisco's move as a significant milestone marking the dawn of a revolutionary future in digital networking.",
                    "stocks": [
                        "KSCO"
                    ],
                    "author": "Diana Data",
                    "website": "Tech Tattler"
                },
                {
                    "eventId": "d1article3",
                    "title": "Skepticism Emerges Over Kisco's AI Capabilities",
                    "content": "While Kisco Systems' (KSCO) announcement of AI-driven network management tools has been met with initial enthusiasm, a veil of skepticism has started to surface around the claims of heightened efficiency and security. Could such an innovative overhaul actually be the solution to all network woes or just another overhyped endeavor? As the wave of excitement settles, many analysts wonder about the operational reliability and practical implementations for these sophisticated AI algorithms.\n\nCould it be just another tech bubble driven by overenthusiastic promoters? Skeptics are quick to point that while AI holds a promising future, integrating such complex technologies into existing systems often carries unforeseen challenges. The stock prices, reflecting this market sentiment, saw minor setbacks leaning towards a cautious approach.",
                    "stocks": [
                        "KSCO"
                    ],
                    "author": "Betty Bungle",
                    "website": "Cash Clown"
                },
                {
                    "eventId": "d1article4",
                    "title": "Kisco's AI-Powered Network Management Demo Impresses Investors",
                    "content": "After addressing the skeptics head-on, Kisco Systems (KSCO) went on to conduct a live demo showcasing the sheer capabilities of their AI-enabled network management tools. This presentation left the tech community and investors alike highly impressed. The demonstration covered various real-time scenarios where the AI efficiently managed complex networking tasks and swiftly addressed security breaches without human intervention.\n\nThe detailed proof-of-concept established clear evidence of massive potential in usage cases ranging from minimizing operational downtime to ensuring robust, adaptive security measures. Investors' sentiment took a positive rebound, affirming confidence once more in Kisco\u2019s ambitious initiative.\n\nThe successful execution of the live demo has conclusively marked a significant step for Kisco on the cutting edge of AI applications in networking domains.",
                    "stocks": [
                        "KSCO"
                    ],
                    "author": "Sammy Security",
                    "website": "Tech Tattler"
                }
            ],
            "stockMovements": [
                {
                    "eventId": "d1movement1",
                    "stock": "KSCO",
                    "change": 1.0,
                    "percent": true,
                    "delay": 120
                },
                {
                    "eventId": "d1movement2",
                    "stock": "KSCO",
                    "change": 1.0,
                    "percent": true,
                    "delay": 180
                },
                {
                    "eventId": "d1movement3",
                    "stock": "KSCO",
                    "change": 0.5,
                    "percent": true,
                    "delay": 240
                },
                {
                    "eventId": "d1movement4",
                    "stock": "KSCO",
                    "change": 1.0,
                    "percent": true,
                    "delay": 120
                },
                {
                    "eventId": "d1movement5",
                    "stock": "KSCO",
                    "change": 1.0,
                    "percent": true,
                    "delay": 180
                },
                {
                    "eventId": "d1movement6",
                    "stock": "KSCO",
                    "change": 1.0,
                    "percent": true,
                    "delay": 240
                },
                {
                    "eventId": "d1movement7",
                    "stock": "KSCO",
                    "change": 0.5,
                    "percent": true,
                    "delay": 300
                },
                {
                    "eventId": "d1movement8",
                    "stock": "KSCO",
                    "change": -0.5,
                    "percent": true,
                    "delay": 180
                },
                {
                    "eventId": "d1movement9",
                    "stock": "KSCO",
                    "change": -0.5,
                    "percent": true,
                    "delay": 240
                },
                {
                    "eventId": "d1movement10",
                    "stock": "KSCO",
                    "change": -1.0,
                    "percent": true,
                    "delay": 300
                },
                {
                    "eventId": "d1movement11",
                    "stock": "KSCO",
                    "change": 0.5,
                    "percent": true,
                    "delay": 180
                },
                {
                    "eventId": "d1movement12",
                    "stock": "KSCO",
                    "change": 0.5,
                    "percent": true,
                    "delay": 240
                },
                {
                    "eventId": "d1movement13",
                    "stock": "KSCO",
                    "change": 1.0,
                    "percent": true,
                    "delay": 300
                }
            ],
            "earningsReport": [],
            "eventSequence": [
                {
                    "eventId": "d1article1",
                    "delay": 0
                },
                {
                    "eventId": "d1movement1",
                    "delay": 60
                },
                {
                    "eventId": "d1movement2",
                    "delay": 120
                },
                {
                    "eventId": "d1movement3",
                    "delay": 180
                },
                {
                    "eventId": "d1article2",
                    "delay": 6000
                },
                {
                    "eventId": "d1movement4",
                    "delay": 60
                },
                {
                    "eventId": "d1movement5",
                    "delay": 120
                },
                {
                    "eventId": "d1movement6",
                    "delay": 180
                },
                {
                    "eventId": "d1movement7",
                    "delay": 240
                },
                {
                    "eventId": "d1article3",
                    "delay": 3900
                },
                {
                    "eventId": "d1movement8",
                    "delay": 60
                },
                {
                    "eventId": "d1movement9",
                    "delay": 120
                },
                {
                    "eventId": "d1movement10",
                    "delay": 180
                },
                {
                    "eventId": "d1article4",
                    "delay": 5640
                },
                {
                    "eventId": "d1movement11",
                    "delay": 60
                },
                {
                    "eventId": "d1movement12",
                    "delay": 120
                },
                {
                    "eventId": "d1movement13",
                    "delay": 180
                }
            ]
        }
    ],
    "categories": [
        "technology",
        "financial"
    ],
    "timeFrame": 1
}