{
    "id": "facepage_new_health_app_faces_regulatory_hurdles",
    "title": "Facepage's New Health App Faces Regulatory Hurdles",
    "canRepeat": false,
    "description": "Facepage launches a new health app that can monitor vital signs, leading to initial excitement and stock gains. However, regulatory concerns arise, causing the stock to dip before recovering as Facepage addresses the issues.",
    "days": [
      {
        "number": 1,
        "articles": [
          {
            "eventId": "d1article1",
            "title": "Rumor: Facepage to Launch Groundbreaking Health App",
            "content": "Rumors are swirling that tech giant Facepage (FCPG) is preparing to launch a revolutionary new health app that could change the face of digital healthcare. Sources close to the company suggest that the app will leverage Facepage's vast troves of user data, combined with cutting-edge AI, to monitor vital signs and provide personalized health insights.\n\nIf true, the move would mark a bold new frontier for Facepage, bringing its data prowess to bear on the multi-trillion-dollar healthcare industry. Investors seem intrigued by the potential, with Facepage's stock ticking up 2% on the rumors.",
            "stocks": ["FCPG"],
            "author": "Trendy Tina", 
            "website": "Trend Tribune"
          },
          {
            "eventId": "d1article2",
            "title": "Facepage Unveils 'HealthWatch' App, Promising AI-Powered Insights",
            "content": "Facepage (FCPG) has officially taken the wraps off its much-anticipated health app, dubbed 'HealthWatch.' The app, set to launch in the coming months, promises to revolutionize personal health management by harnessing the power of AI and big data.\n\n'HealthWatch is a quantum leap forward in digital health,' declared Facepage CEO Markus Zuckerborg at the unveiling event. 'By leveraging our cutting-edge AI and vast datasets, we can provide users with unprecedented insights into their health, empowering them to live better, healthier lives.'\n\nThe app will use a combination of user-inputted data, device sensors, and Facepage's social data to monitor key health metrics like heart rate, sleep patterns, and activity levels. It will then use AI algorithms to spot potential issues and provide personalized recommendations.\n\nInvestors have cheered the announcement, sending Facepage's stock soaring 3% on the news. Many analysts are already hailing HealthWatch as a potential game-changer for the company.",
            "stocks": ["FCPG"],
            "author": "Chic Charlie",
            "website": "Trend Tribune"  
          }
        ],
        "stockMovements": [
          {
            "eventId": "d1movement1",
            "stock": "FCPG", 
            "change": 2.0,
            "percent": true
          },
          {
            "eventId": "d1movement2",
            "stock": "FCPG",
            "change": 3.0,
            "percent": true
          }
        ],
        "earningsReport": [],
        "eventSequence": [
          {
            "eventId": "d1article1",
            "delay": 0
          },
          {
            "eventId": "d1movement1",
            "delay": 180
          },
          {
            "eventId": "d1article2", 
            "delay": 10620
          },
          {
            "eventId": "d1movement2",
            "delay": 180
          }
        ]
      },
      {
        "number": 2, 
        "articles": [
          {
            "eventId": "d2article1",
            "title": "Health Experts Praise Potential of Facepage's HealthWatch",
            "content": "As the healthcare industry digests news of Facepage's (FCPG) forthcoming HealthWatch app, many experts are expressing excitement about its potential to improve patient outcomes and revolutionize preventive care.\n\n'If HealthWatch lives up to its promise, it could be a major step forward in early disease detection and lifestyle management,' said Dr. Priya Patel, a leading digital health researcher. 'By leveraging AI to continually monitor vital signs, the app could spot warning signs far earlier than traditional methods, allowing for more timely interventions.'\n\nOthers point to the potential for HealthWatch to drive better patient engagement and compliance. 'One of the biggest challenges in healthcare is getting patients to consistently track and manage their health,' noted another expert. 'If Facepage can make that process more engaging and intuitive, it could lead to better adherence and outcomes.'\n\nInvestors continue to show faith in Facepage's healthcare play, with the stock gaining another 2.5% on the positive expert sentiment.",
            "stocks": ["FCPG"],
            "author": "Trendy Tina",
            "website": "Trend Tribune"
          },
          {
            "eventId": "d2article2", 
            "title": "Privacy Watchdogs Raise Alarms Over Facepage's Health App",
            "content": "Not everyone is celebrating Facepage's (FCPG) move into the health space. Privacy advocates are sounding the alarm over the vast amounts of sensitive health data that the company's HealthWatch app is set to collect.\n\n'This is an unprecedented level of health surveillance,' warned Jane Doe, a prominent digital rights activist. 'Facepage already knows so much about our lives. Do we really want to give them a window into our bodies as well?'\n\nOthers are questioning whether Facepage can be trusted to safeguard such intimate data, given its checkered history on privacy. 'This is a company that has repeatedly failed to protect user data,' argued another watchdog. 'Entrusting them with our most sensitive health information is a recipe for disaster.'\n\nThe privacy concerns have introduced a note of caution into the HealthWatch hype, with Facepage's stock retreating 2% on the pushback. However, many investors seem to be betting that the app's potential will outweigh the privacy risks.",
            "stocks": ["FCPG"], 
            "author": "Dramatic Dana",
            "website": "Byte Banter"
          }
        ],
        "stockMovements": [
          {
            "eventId": "d2movement1",
            "stock": "FCPG",
            "change": 2.5,
            "percent": true
          },
          {
            "eventId": "d2movement2",
            "stock": "FCPG", 
            "change": -2.0,
            "percent": true
          }
        ],  
        "earningsReport": [],
        "eventSequence": [
          {
            "eventId": "d2article1",
            "delay": 0
          },
          {
            "eventId": "d2movement1",
            "delay": 180  
          },
          {
            "eventId": "d2article2",
            "delay": 14220
          },
          { 
            "eventId": "d2movement2",
            "delay": 180
          }
        ]
      },
      {
        "number": 3,
        "articles": [
          {
            "eventId": "d3article1",
            "title": "Facepage Faces Questions Over HealthWatch Regulatory Compliance",
            "content": "As anticipation builds for Facepage's (FCPG) HealthWatch app, the company is coming under increasing scrutiny over whether the app will pass regulatory muster. Healthcare industry observers are questioning whether HealthWatch will be able to navigate the complex web of privacy and medical device regulations.\n\n'Facepage is entering a heavily regulated space,' noted one industry analyst. 'They'll need to prove that they're handling user data in line with HIPAA, and that the app's health monitoring features are accurate and reliable enough to meet FDA standards. That's a high bar.'\n\nOthers point out that regulators are already taking a hard look at Big Tech's healthcare ambitions. 'The FDA and others are watching this space very closely,' said another observer. 'They're not going to let a company like Facepage just waltz in without proving they can meet the rigorous standards of the healthcare world.'\n\nThe regulatory questions have added to the uncertainty swirling around HealthWatch, with Facepage's stock slipping another 2.5% on the concerns. However, the company remains outwardly confident, insisting that it's taking a proactive approach to compliance.",
            "stocks": ["FCPG"],
            "author": "Serious Simon", 
            "website": "Market Watch Daily"
          },
          {  
            "eventId": "d3article2",
            "title": "Facepage Addresses HealthWatch Regulatory Hurdles",
            "content": "Facing growing questions over the regulatory hurdles its HealthWatch app might face, Facepage (FCPG) is moving swiftly to address the concerns head-on.\n\nIn a detailed blog post, the company outlined the steps it's taking to ensure HealthWatch meets all applicable regulations, including HIPAA for data privacy and FDA rules for medical devices.\n\n'Compliance is a top priority for HealthWatch,' the post read. 'We're working closely with regulators to ensure that the app meets or exceeds all relevant standards. We're confident that by launch, HealthWatch will have all the necessary approvals in place.'\n\nThe company also highlighted its recruitment of seasoned healthcare executives and regulatory experts to guide the HealthWatch initiative.\n\n'We know that healthcare is a complex and heavily regulated space,' the post continued. 'That's why we've brought in top talent with deep experience navigating these waters. With their guidance, we're charting a course to bring HealthWatch to market responsibly and compliantly.'\n\nFacepage's proactive stance seems to have reassured investors somewhat, with the stock recovering 1.5% after the blog post. However, analysts caution that the true test will come as the app gets closer to launch and invites more regulatory scrutiny.",
            "stocks": ["FCPG"],  
            "author": "Trendy Tina",
            "website": "Trend Tribune"
          }
        ],
        "stockMovements": [
          {
            "eventId": "d3movement1",
            "stock": "FCPG",
            "change": -2.5,
            "percent": true
          },
          {
            "eventId": "d3movement2",
            "stock": "FCPG",
            "change": 1.5,
            "percent": true  
          }
        ],
        "earningsReport": [],
        "eventSequence": [
          {
            "eventId": "d3article1",
            "delay": 0
          },
          {
            "eventId": "d3movement1", 
            "delay": 180
          },
          {
            "eventId": "d3article2",
            "delay": 10620
          },
          {
            "eventId": "d3movement2",
            "delay": 180
          }  
        ]
      }
    ],
    "categories": ["tech", "healthcare", "regulation"],
    "timeFrame": 3
  }