{
    "id": "facepage_faces_lawsuit_over_data_breach",
    "title": "Facepage Faces Lawsuit Over Data Breach",
    "canRepeat": false,
    "description": "Facepage faces a major lawsuit over a recent data breach, leading to a significant drop in stock prices.",
    "days": [
        {
            "number": 1,
            "articles": [
                {
                    "eventId": "d1article1",
                    "title": "Facepage Hit with Major Lawsuit Following Data Breach",
                    "content": "In a shocking development, Facepage (FCPG) has been slapped with a massive lawsuit in the wake of a recent data breach that compromised the personal information of millions of users. The class-action suit, filed by a group of disgruntled users, alleges that Facepage failed to adequately protect user data and seeks significant damages.\n\nThe data breach, which came to light last week, exposed sensitive information such as names, email addresses, and phone numbers. While Facepage has stated that no financial information was compromised, the scale of the breach has left many users feeling vulnerable and betrayed.\n\nNews of the lawsuit has sent shockwaves through the tech industry, with many questioning Facepage's security practices. As a result, the company's stock price has plummeted by 3% in early trading, as investors grapple with the potential fallout from this legal action.",
                    "stocks": [
                        "FCPG"
                    ],
                    "author": "Dramatic Dana",
                    "website": "Byte Banter"
                },
                {
                    "eventId": "d1article2",
                    "title": "Facepage Vows to Fight Data Breach Lawsuit",
                    "content": "Facepage (FCPG) has broken its silence on the recent data breach lawsuit, issuing a statement vowing to vigorously defend itself against the allegations. The social media giant maintains that it took all necessary precautions to protect user data and that the breach was the result of a sophisticated cyberattack.\n\n'We take the privacy and security of our users' information extremely seriously,' said Facepage spokesperson Olivia Thompson. 'We have a dedicated team of experts working around the clock to investigate this incident and ensure that it never happens again.'\n\nDespite Facepage's assurances, many users remain skeptical, and the company's stock price has continued to slide, dropping an additional 1.5% following the statement. As the legal battle looms, it remains to be seen how Facepage will navigate this crisis and restore user trust.",
                    "stocks": [
                        "FCPG"
                    ],
                    "author": "Toby Techie",
                    "website": "Byte Banter"
                },
                {
                    "eventId": "d1article3",
                    "title": "Analysts Predict Significant Financial Impact from Facepage Data Breach Lawsuit",
                    "content": "As Facepage (FCPG) gears up to fight the data breach lawsuit, industry analysts are painting a grim picture of the potential financial impact on the company. Many believe that the legal battle could drag on for years, with Facepage facing substantial legal fees and potential settlement costs.\n\n'This lawsuit is a major blow to Facepage's reputation and bottom line,' warned tech analyst Marcus Kim. 'Even if the company manages to win in court, the damage to user trust will be hard to recover from. We expect to see a significant drop in user engagement and ad revenue in the coming months.'\n\nThese predictions have further spooked investors, causing Facepage's stock to plummet an additional 3.5%. As the company navigates this legal minefield, it will need to work hard to reassure users and shareholders alike that it can weather the storm and emerge stronger on the other side.",
                    "stocks": [
                        "FCPG"
                    ],
                    "author": "Exaggerated Ellie",
                    "website": "Market Madness"
                }
            ],
            "stockMovements": [
                {
                    "eventId": "d1movement1",
                    "stock": "FCPG",
                    "change": -3.0,
                    "percent": true
                },
                {
                    "eventId": "d1movement2",
                    "stock": "FCPG",
                    "change": -1.5,
                    "percent": true
                },
                {
                    "eventId": "d1movement3",
                    "stock": "FCPG",
                    "change": -3.5,
                    "percent": true
                }
            ],
            "earningsReport": [],
            "eventSequence": [
                {
                    "eventId": "d1article1",
                    "delay": 3600
                },
                {
                    "eventId": "d1movement1",
                    "delay": 300
                },
                {
                    "eventId": "d1article2",
                    "delay": 3600
                },
                {
                    "eventId": "d1movement2",
                    "delay": 300
                },
                {
                    "eventId": "d1article3",
                    "delay": 3600
                },
                {
                    "eventId": "d1movement3",
                    "delay": 300
                }
            ]
        }
    ],
    "categories": [
        "legal",
        "data_breach"
    ],
    "timeFrame": 1
}