{
    "id": "facepage_virtual_reality_platform_faces_challenges",
    "title": "Facepage's Virtual Reality Platform Faces Challenges",
    "canRepeat": false,
    "description": "Facepage faces technical challenges with its virtual reality platform, leading to stock fluctuations over three days.",
    "days": [
      {
        "number": 1,
        "articles": [
          {
            "eventId": "d1article1",
            "title": "Rumor: Facepage's VR Platform Plagued by Technical Issues",
            "content": "Whispers in the tech world suggest that Facepage (FCPG) may be facing significant challenges with its highly anticipated virtual reality (VR) platform. Unnamed sources within the company have indicated that the platform, which has been in development for several years, is grappling with persistent technical glitches and performance issues.\n\n'The problem is the platform just isn't stable,' said one insider. 'Crashes, lag, you name it. The team is working around the clock, but they're struggling to get it to a releasable state.'\n\nIf true, the news could be a significant blow to Facepage, which has bet big on VR as a key part of its future growth strategy. The company's stock slid 2% on the rumor, as investors weigh the potential impact of a delayed or troubled launch.",
            "stocks": ["FCPG"],
            "author": "Dramatic Dana",
            "website": "Byte Banter"
          },
          {
            "eventId": "d1article2",
            "title": "Facepage Denies VR Platform Issues, Touts Progress",
            "content": "In response to swirling rumors about technical troubles with its forthcoming VR platform, Facepage (FCPG) has issued a forceful denial. In a statement, the company asserted that development is on track and that recent tests have shown 'promising results.'\n\n'We're excited about the progress we're making and remain confident that our VR platform will deliver a best-in-class experience,' the statement read. 'As with any groundbreaking technology, there are always challenges in the development process, but we have a world-class team working to bring our vision to life.'\n\nThe company also highlighted recent milestones, including successful demos of key features and the onboarding of several high-profile content partners.\n\nFacepage's stock rebounded 1.5% following the company's reassurances, though some analysts remain cautious given the secrecy surrounding the project and the fierce competition in the VR space.",
            "stocks": ["FCPG"],
            "author": "Trendy Tina",
            "website": "Trend Tribune"
          }
        ],
        "stockMovements": [
          {
            "eventId": "d1movement1",
            "stock": "FCPG",
            "change": -2.0,
            "percent": true
          },
          {
            "eventId": "d1movement2",
            "stock": "FCPG",
            "change": 1.5,
            "percent": true
          }
        ],
        "earningsReport": [],
        "eventSequence": [
          {
            "eventId": "d1article1",
            "delay": 0
          },
          {
            "eventId": "d1movement1",
            "delay": 180
          },
          {
            "eventId": "d1article2",
            "delay": 10620
          },
          {
            "eventId": "d1movement2",
            "delay": 180
          }
        ]
      },
      {
        "number": 2,
        "articles": [
          {
            "eventId": "d2article1",
            "title": "Leak: Facepage VR Demo Marred by Glitches",
            "content": "Fresh concerns are emerging about the state of Facepage's (FCPG) VR platform after a leaked video surfaced purportedly showing a recent internal demo rife with technical issues.\n\nIn the video, which appears to have been recorded covertly, users can be seen struggling with frequent crashes, unresponsive controls, and graphic distortions. At several points, Facepage staff can be heard expressing frustration and debating whether to end the demo early.\n\n'This is just embarrassing,' one employee is heard saying. 'We can't launch like this. We'd be crucified.'\n\nWhile the authenticity of the leak hasn't been independently verified, it has nevertheless reignited fears among investors that Facepage's VR ambitions may be in trouble. The company's stock tumbled 2.5% on the news.",
            "stocks": ["FCPG"],
            "author": "Dramatic Dana",
            "website": "Byte Banter"
          },
          {
            "eventId": "d2article2",
            "title": "Facepage Announces VR Partnerships Amid Platform Concerns",
            "content": "Facing mounting scrutiny over the status of its VR platform, Facepage (FCPG) has announced a slate of new partnerships with leading content creators and technology providers.\n\nThe deals, which include collaborations with major gaming studios, entertainment brands, and VR hardware makers, are being touted as a sign of the platform's strength and industry buy-in.\n\n'These partnerships underscore the excitement and confidence in what we're building,' said Facepage VR chief Lydia Singh in a statement. 'Together with our partners, we're creating something truly special that will redefine the future of interaction and entertainment.'\n\nThe announcements have helped to stabilize Facepage's stock, which rebounded 2% after the news. However, some analysts remain skeptical, noting that flashy partnerships can't solve underlying technical issues.",
            "stocks": ["FCPG"],
            "author": "Trendy Tina", 
            "website": "Trend Tribune"
          }
        ],
        "stockMovements": [
          {
            "eventId": "d2movement1",
            "stock": "FCPG",
            "change": -2.5,
            "percent": true
          },
          {
            "eventId": "d2movement2",
            "stock": "FCPG",
            "change": 2.0,
            "percent": true
          }
        ],
        "earningsReport": [],
        "eventSequence": [
          {
            "eventId": "d2article1",
            "delay": 0
          },
          {
            "eventId": "d2movement1",
            "delay": 180
          },
          {
            "eventId": "d2article2",
            "delay": 14220
          },
          {
            "eventId": "d2movement2",
            "delay": 180
          }
        ]
      },
      {
        "number": 3,
        "articles": [
          {
            "eventId": "d3article1",
            "title": "Analysts: Facepage VR Faces Uphill Battle",
            "content": "As questions swirl around the readiness of Facepage's (FCPG) VR platform, analysts are painting a challenging picture of the project's prospects.\n\n'Facepage is trying to do something incredibly ambitious, but they may have bitten off more than they can chew,' said tech analyst Sanjay Gupta. 'Building a stable, high-performance VR platform is a monumental technical challenge. Based on what we've seen so far, it's not clear they're up to the task.'\n\nOthers point to the intense competition in the space, with deep-pocketed rivals like Zapple and Googlux also investing heavily in VR.\n\n'Facepage is already playing catch-up, and they can't afford any major stumbles,' warned another analyst. 'If they launch with a subpar product, it could be game over.'\n\nThe cautionary analyst tones have put further pressure on Facepage's stock, which slid another 1.5% amid the uncertainty.",
            "stocks": ["FCPG"],
            "author": "Dramatic Dana", 
            "website": "Byte Banter"
          },
          {
            "eventId": "d3article2",
            "title": "Facepage VR: Visionary Gamble or Doomed Folly?",
            "content": "The fate of Facepage's (FCPG) much-hyped VR platform remains a topic of intense debate among industry observers.\n\nBulls argue that the company's vast resources, top engineering talent, and track record of innovation position it well to overcome any challenges and redefine the VR landscape.\n\n'People are underestimating Facepage's resilience and expertise,' said one fund manager with a large position in the stock. 'They've repeatedly shown they can solve hard problems and deliver groundbreaking products. I believe their VR platform will be no different.'\n\nSkeptics, however, see a project plagued by hubris and mismanagement, with a real risk of becoming a costly boondoggle.\n\n'The warning signs are there,' argued a prominent tech bear. 'Missed deadlines, technical struggles, a lack of transparency. This has all the hallmarks of a project spinning out of control.'\n\nAs the speculation rages, Facepage's stock remains volatile, whipsawing between gains and losses. Only time will tell which camp is right about the company's VR gambit.",
            "stocks": ["FCPG"],
            "author": "Sensational Sue",
            "website": "Market Madness"
          }
        ],
        "stockMovements": [
          {
            "eventId": "d3movement1",
            "stock": "FCPG",
            "change": -1.5,
            "percent": true
          },
          {
            "eventId": "d3movement2",
            "stock": "FCPG",
            "change": -1.0,
            "percent": true
          },
          {
            "eventId": "d3movement3",
            "stock": "FCPG",
            "change": 1.0,
            "percent": true
          },
          {
            "eventId": "d3movement4",
            "stock": "FCPG",
            "change": -0.5,
            "percent": true
          }
        ],
        "earningsReport": [],
        "eventSequence": [
          {
            "eventId": "d3article1",
            "delay": 0
          },
          {
            "eventId": "d3movement1",
            "delay": 180
          },
          {
            "eventId": "d3article2",
            "delay": 10620
          },
          {
            "eventId": "d3movement2",
            "delay": 120
          },
          {
            "eventId": "d3movement3",
            "delay": 120
          },
          {
            "eventId": "d3movement4",
            "delay": 120
          }
        ]
      }
    ],
    "categories": ["tech", "virtual_reality", "product_development"],
    "timeFrame": 3
  }