{
    "id": "invidio_faces_backlash",
    "title": "Invidio Faces Backlash Over Pricing Strategy",
    "canRepeat": false,
    "description": "Reports of consumer backlash over Invidio's high GPU prices cause an initial dip in stock, but the company responds defensively. Further dissatisfaction follows, though analysts predict a limited long-term impact.",
    "days": [
        {
            "number": 1,
            "articles": [
                {
                    "eventId": "d1article1",
                    "title": "Consumers Outraged Over Invidio's GPU Prices",
                    "content": "Invidio (NVDO) is facing severe backlash from consumers due to its high GPU prices. Many customers feel that the pricing is unjustified, especially amidst ongoing supply chain issues. Social media platforms are flooded with complaints, and several prominent tech influencers have voiced their dissatisfaction.",
                    "stocks": [
                        "NVDO"
                    ],
                    "author": "Timmy Tumble",
                    "website": "Bull and Bear Circus"
                },
                {
                    "eventId": "d1article2",
                    "title": "Invidio Justifies GPU Pricing Amid Backlash",
                    "content": "In response to the growing consumer backlash, Invidio (NVDO) has issued a statement defending its pricing strategy. The company claims that the high prices are necessary to cover increased production costs and ensure the quality of their GPUs. While some investors are reassured, many consumers remain unconvinced.",
                    "stocks": [
                        "NVDO"
                    ],
                    "author": "Sammy Security",
                    "website": "Tech Tattler"
                },
                {
                    "eventId": "d1article3",
                    "title": "Consumer Unrest Continues Despite Invidio's Defense",
                    "content": "Despite Invidio's (NVDO) efforts to justify their pricing, consumer dissatisfaction continues to grow. Many customers have expressed their frustration over what they perceive as corporate greed. This mounting discontent has led to further declines in the stock.",
                    "stocks": [
                        "NVDO"
                    ],
                    "author": "Holly Hacker",
                    "website": "Byte Banter"
                },
                {
                    "eventId": "d1article4",
                    "title": "Analysts Predict Limited Long-Term Impact for Invidio",
                    "content": "Analysts are now weighing in on the situation, predicting that the consumer backlash over Invidio's (NVDO) high pricing is unlikely to have a significant long-term impact. They note that the company's innovative products and strong market position will likely help it recover quickly.",
                    "stocks": [
                        "NVDO"
                    ],
                    "author": "Peter Processor",
                    "website": "Silicon Circus"
                }
            ],
            "stockMovements": [
                {
                    "eventId": "d1movement1",
                    "stock": "NVDO",
                    "change": -1.5,
                    "percent": true,
                    "delay": 100
                },
                {
                    "eventId": "d1movement2",
                    "stock": "NVDO",
                    "change": -1.5,
                    "percent": true,
                    "delay": 200
                },
                {
                    "eventId": "d1movement3",
                    "stock": "NVDO",
                    "change": -1,
                    "percent": true,
                    "delay": 200
                },
                {
                    "eventId": "d2movement1",
                    "stock": "NVDO",
                    "change": 0.5,
                    "percent": true,
                    "delay": 100
                },
                {
                    "eventId": "d2movement2",
                    "stock": "NVDO",
                    "change": 1,
                    "percent": true,
                    "delay": 200
                },
                {
                    "eventId": "d2movement3",
                    "stock": "NVDO",
                    "change": 0.5,
                    "percent": true,
                    "delay": 300
                },
                {
                    "eventId": "d3movement1",
                    "stock": "NVDO",
                    "change": -1,
                    "percent": true,
                    "delay": 100
                },
                {
                    "eventId": "d3movement2",
                    "stock": "NVDO",
                    "change": -1,
                    "percent": true,
                    "delay": 200
                },
                {
                    "eventId": "d3movement3",
                    "stock": "NVDO",
                    "change": -1,
                    "percent": true,
                    "delay": 300
                },
                {
                    "eventId": "d4movement1",
                    "stock": "NVDO",
                    "change": 0.5,
                    "percent": true,
                    "delay": 100
                },
                {
                    "eventId": "d4movement2",
                    "stock": "NVDO",
                    "change": 1,
                    "percent": true,
                    "delay": 200
                },
                {
                    "eventId": "d4movement3",
                    "stock": "NVDO",
                    "change": 0.5,
                    "percent": true,
                    "delay": 300
                }
            ],
            "earningsReport": [],
            "eventSequence": [
                {
                    "eventId": "d1article1",
                    "delay": 3600
                },
                {
                    "eventId": "d1movement1",
                    "delay": 300
                },
                {
                    "eventId": "d1movement2",
                    "delay": 300
                },
                {
                    "eventId": "d1movement3",
                    "delay": 300
                },
                {
                    "eventId": "d1article2",
                    "delay": 3600
                },
                {
                    "eventId": "d2movement1",
                    "delay": 300
                },
                {
                    "eventId": "d2movement2",
                    "delay": 300
                },
                {
                    "eventId": "d2movement3",
                    "delay": 300
                },
                {
                    "eventId": "d1article3",
                    "delay": 3600
                },
                {
                    "eventId": "d3movement1",
                    "delay": 300
                },
                {
                    "eventId": "d3movement2",
                    "delay": 300
                },
                {
                    "eventId": "d3movement3",
                    "delay": 300
                },
                {
                    "eventId": "d1article4",
                    "delay": 3600
                },
                {
                    "eventId": "d4movement1",
                    "delay": 300
                },
                {
                    "eventId": "d4movement2",
                    "delay": 300
                },
                {
                    "eventId": "d4movement3",
                    "delay": 300
                }
            ]
        }
    ],
    "categories": [
        "consumer_backlash",
        "tech"
    ],
    "timeFrame": 1
}