{
    "id": "mepsi_faces_controversy_advertising_practices",
    "title": "Mepsi Faces Controversy Over Advertising Practices",
    "canRepeat": false,
    "description": "Mepsi (MPSI) is embroiled in controversy over allegations of misleading advertising practices, with a series of events impacting its stock over three days.",
    "days": [
        {
            "number": 1,
            "articles": [
                {
                    "eventId": "d1article1",
                    "title": "Mepsi Embroiled in Advertising Controversy",
                    "content": "Reports have surfaced accusing Mepsi (MPSI) of engaging in misleading advertising practices. Critics allege that some recent campaigns from the beverage giant contain false claims and exaggerated benefits, igniting consumer outrage and investor concern.",
                    "stocks": [
                        "MPSI"
                    ],
                    "author": "Warren Buffoon",
                    "website": "Cash Clown"
                },
                {
                    "eventId": "d1article2",
                    "title": "Mepsi Dismisses Allegations but Skepticism Remains",
                    "content": "In response to the growing controversy, Mepsi (MPSI) has released a statement asserting that the allegations regarding their advertising practices are entirely unfounded. Despite this, skepticism continues to linger among consumers and market watchers, with many awaiting further clarification from the company.",
                    "stocks": [
                        "MPSI"
                    ],
                    "author": "Timmy Tumble",
                    "website": "Bull and Bear Circus"
                }
            ],
            "stockMovements": [
                {
                    "eventId": "d1movement1",
                    "stock": "MPSI",
                    "change": -0.5,
                    "percent": true,
                    "delay": 120
                },
                {
                    "eventId": "d1movement2",
                    "stock": "MPSI",
                    "change": -0.5,
                    "percent": true,
                    "delay": 180
                },
                {
                    "eventId": "d1movement3",
                    "stock": "MPSI",
                    "change": -0.5,
                    "percent": true,
                    "delay": 240
                },
                {
                    "eventId": "d1movement4",
                    "stock": "MPSI",
                    "change": -0.5,
                    "percent": true,
                    "delay": 300
                },
                {
                    "eventId": "d1movement5",
                    "stock": "MPSI",
                    "change": 0.5,
                    "percent": true,
                    "delay": 1800
                },
                {
                    "eventId": "d1movement6",
                    "stock": "MPSI",
                    "change": 0.5,
                    "percent": true,
                    "delay": 2400
                },
                {
                    "eventId": "d1movement7",
                    "stock": "MPSI",
                    "change": 0.5,
                    "percent": true,
                    "delay": 4800
                }
            ],
            "earningsReport": [],
            "eventSequence": [
                {
                    "eventId": "d1article1",
                    "delay": 0
                },
                {
                    "eventId": "d1movement1",
                    "delay": 120
                },
                {
                    "eventId": "d1movement2",
                    "delay": 300
                },
                {
                    "eventId": "d1movement3",
                    "delay": 540
                },
                {
                    "eventId": "d1movement4",
                    "delay": 780
                },
                {
                    "eventId": "d1movement5",
                    "delay": 1080
                },
                {
                    "eventId": "d1movement6",
                    "delay": 2880
                },
                {
                    "eventId": "d1movement7",
                    "delay": 5280
                },
                {
                    "eventId": "d1article2",
                    "delay": 0
                }
            ]
        },
        {
            "number": 2,
            "articles": [
                {
                    "eventId": "d2article1",
                    "title": "Legal Challenges Emerge for Mepsi Amidst Advertising Scandal",
                    "content": "Trouble continues for Mepsi (MPSI) as further reports suggest the company is now facing legal challenges over its recent advertising campaigns. Legal analysts indicate that regulators are taking interest, which could lead to fines and potentially more severe consequences for the soft drink giant.",
                    "stocks": [
                        "MPSI"
                    ],
                    "author": "Timmy Tumble",
                    "website": "Bull and Bear Circus"
                },
                {
                    "eventId": "d2article2",
                    "title": "Mepsi Announces Review of Advertising Strategies",
                    "content": "In an effort to regain consumer trust and possibly avert legal difficulties, Mepsi (MPSI) has announced a comprehensive review of its advertising strategies. The company aims to ensure that all future campaigns meet the highest standards of honesty and transparency, signaling a commitment to improve in response to the controversy.",
                    "stocks": [
                        "MPSI"
                    ],
                    "author": "Sally Shortsell",
                    "website": "Bull and Bear Circus"
                }
            ],
            "stockMovements": [
                {
                    "eventId": "d2movement1",
                    "stock": "MPSI",
                    "change": -0.5,
                    "percent": true,
                    "delay": 60
                },
                {
                    "eventId": "d2movement2",
                    "stock": "MPSI",
                    "change": -0.5,
                    "percent": true,
                    "delay": 120
                },
                {
                    "eventId": "d2movement3",
                    "stock": "MPSI",
                    "change": -0.5,
                    "percent": true,
                    "delay": 180
                },
                {
                    "eventId": "d2movement4",
                    "stock": "MPSI",
                    "change": -0.5,
                    "percent": true,
                    "delay": 240
                },
                {
                    "eventId": "d2movement5",
                    "stock": "MPSI",
                    "change": -0.5,
                    "percent": true,
                    "delay": 300
                },
                {
                    "eventId": "d2movement6",
                    "stock": "MPSI",
                    "change": 0.5,
                    "percent": true,
                    "delay": 3600
                },
                {
                    "eventId": "d2movement7",
                    "stock": "MPSI",
                    "change": 0.5,
                    "percent": true,
                    "delay": 4200
                },
                {
                    "eventId": "d2movement8",
                    "stock": "MPSI",
                    "change": 0.5,
                    "percent": true,
                    "delay": 4800
                },
                {
                    "eventId": "d2movement9",
                    "stock": "MPSI",
                    "change": 0.5,
                    "percent": true,
                    "delay": 5400
                }
            ],
            "earningsReport": [],
            "eventSequence": [
                {
                    "eventId": "d2article1",
                    "delay": 3600
                },
                {
                    "eventId": "d2movement1",
                    "delay": 300
                },
                {
                    "eventId": "d2movement2",
                    "delay": 300
                },
                {
                    "eventId": "d2movement3",
                    "delay": 300
                },
                {
                    "eventId": "d2movement4",
                    "delay": 300
                },
                {
                    "eventId": "d2movement5",
                    "delay": 300
                },
                {
                    "eventId": "d2movement6",
                    "delay": 300
                },
                {
                    "eventId": "d2movement7",
                    "delay": 300
                },
                {
                    "eventId": "d2movement8",
                    "delay": 300
                },
                {
                    "eventId": "d2movement9",
                    "delay": 300
                },
                {
                    "eventId": "d2article2",
                    "delay": 3600
                }
            ]
        },
        {
            "number": 3,
            "articles": [
                {
                    "eventId": "d3article1",
                    "title": "Analysts Remain Cautious on Mepsi Despite Crisis Management Efforts",
                    "content": "Market analysts are expressing caution regarding Mepsi (MPSI), despite the company's recent efforts to address the advertising controversy plaguing it. Concerns persist about the long-term impact on the company\u2019s brand and consumer trust, with some predicting potential setbacks and increased scrutiny moving forward.",
                    "stocks": [
                        "MPSI"
                    ],
                    "author": "Carl Calamity",
                    "website": "Moolah Misfits"
                },
                {
                    "eventId": "d3article2",
                    "title": "Mepsi Stock Fluctuates Amidst Mixed Signals",
                    "content": "The stock for Mepsi (MPSI) has experienced fluctuating movements as investors react to the mixed signals from recent developments. While some remain hopeful that the company's review of its advertising practices may restore consumer confidence, others continue to be wary of ongoing challenges.",
                    "stocks": [
                        "MPSI"
                    ],
                    "author": "Freddy Fortune",
                    "website": "Moolah Misfits"
                }
            ],
            "stockMovements": [
                {
                    "eventId": "d3movement1",
                    "stock": "MPSI",
                    "change": -0.5,
                    "percent": true,
                    "delay": 60
                },
                {
                    "eventId": "d3movement2",
                    "stock": "MPSI",
                    "change": -0.5,
                    "percent": true,
                    "delay": 90
                },
                {
                    "eventId": "d3movement3",
                    "stock": "MPSI",
                    "change": -0.5,
                    "percent": true,
                    "delay": 120
                },
                {
                    "eventId": "d3movement4",
                    "stock": "MPSI",
                    "change": -0.5,
                    "percent": true,
                    "delay": 60
                },
                {
                    "eventId": "d3movement5",
                    "stock": "MPSI",
                    "change": -0.5,
                    "percent": true,
                    "delay": 90
                }
            ],
            "earningsReport": [],
            "eventSequence": [
                {
                    "eventId": "d3article1",
                    "delay": 0
                },
                {
                    "eventId": "d3movement1",
                    "delay": 60
                },
                {
                    "eventId": "d3movement2",
                    "delay": 150
                },
                {
                    "eventId": "d3movement3",
                    "delay": 270
                },
                {
                    "eventId": "d3movement4",
                    "delay": 390
                },
                {
                    "eventId": "d3movement5",
                    "delay": 450
                },
                {
                    "eventId": "d3article2",
                    "delay": 10800
                }
            ]
        }
    ],
    "categories": [
        "corporate_controversy",
        "advertising"
    ],
    "timeFrame": 3
}