{
    "id": "mepsi_launches_new_flavor",
    "title": "Mepsi Launches New Flavor of Mepsi Cola",
    "canRepeat": false,
    "description": "Mepsi launches a new exciting flavor of Mepsi Cola, creating ripples of excitement in the market.",
    "days": [
        {
            "number": 1,
            "articles": [
                {
                    "eventId": "d1article1",
                    "title": "Rumors Spread About New Mepsi Flavor",
                    "content": "Rumors are swirling today that Mepsi (MPSI) is set to launch a new flavor of its iconic Mepsi Cola. The speculations started when several influencers hinted at receiving mysterious packages from the company. The potential of a new product has already started to create waves in the market, with expectations running high.",
                    "stocks": [
                        "MPSI"
                    ],
                    "author": "Fad Fred",
                    "website": "Trend Tribune"
                },
                {
                    "eventId": "d1article2",
                    "title": "Mepsi Confirms New Flavor in Flashy Commercial",
                    "content": "Mepsi (MPSI) has officially confirmed the launch of a new flavor of Mepsi Cola. The announcement came through a dazzling commercial featuring vibrant colors and catchy music. The commercial showcases what promises to be an exciting new addition to their portfolio. Investors are buzzing with excitement, hoping this new flavor will drive up sales and market share.",
                    "stocks": [
                        "MPSI"
                    ],
                    "author": "Exaggerated Ellie",
                    "website": "Market Madness"
                },
                {
                    "eventId": "d1article3",
                    "title": "Early Reactions to New Mepsi Cola Flavor Overwhelmingly Positive",
                    "content": "Early customer reactions to the new flavor of Mepsi Cola are overwhelmingly positive. Social media is ablaze with praise, with many users lauding the unique taste and innovative marketing approach. This positive buzz has given Mepsi's stock a significant boost, as investors anticipate strong sales numbers from this new launch.",
                    "stocks": [
                        "MPSI"
                    ],
                    "author": "Trendy Tina",
                    "website": "Trend Tribune"
                }
            ],
            "stockMovements": [
                {
                    "eventId": "d1movement1",
                    "stock": "MPSI",
                    "change": 1.0,
                    "percent": true,
                    "delay": 60
                },
                {
                    "eventId": "d1movement2",
                    "stock": "MPSI",
                    "change": 1.0,
                    "percent": true,
                    "delay": 120
                },
                {
                    "eventId": "d1movement3",
                    "stock": "MPSI",
                    "change": 1.0,
                    "percent": true,
                    "delay": 60
                },
                {
                    "eventId": "d1movement4",
                    "stock": "MPSI",
                    "change": 1.0,
                    "percent": true,
                    "delay": 60
                },
                {
                    "eventId": "d1movement5",
                    "stock": "MPSI",
                    "change": 1.0,
                    "percent": true,
                    "delay": 120
                },
                {
                    "eventId": "d1movement6",
                    "stock": "MPSI",
                    "change": 1.0,
                    "percent": true,
                    "delay": 60
                },
                {
                    "eventId": "d1movement7",
                    "stock": "MPSI",
                    "change": 1.0,
                    "percent": true,
                    "delay": 90
                }
            ],
            "earningsReport": [],
            "eventSequence": [
                {
                    "eventId": "d1article1",
                    "delay": 0
                },
                {
                    "eventId": "d1movement1",
                    "delay": 0
                },
                {
                    "eventId": "d1movement2",
                    "delay": 60
                },
                {
                    "eventId": "d1movement3",
                    "delay": 120
                },
                {
                    "eventId": "d1article2",
                    "delay": 7020
                },
                {
                    "eventId": "d1movement4",
                    "delay": 0
                },
                {
                    "eventId": "d1movement5",
                    "delay": 60
                },
                {
                    "eventId": "d1movement6",
                    "delay": 120
                },
                {
                    "eventId": "d1article3",
                    "delay": 14220
                },
                {
                    "eventId": "d1movement7",
                    "delay": 0
                }
            ]
        }
    ],
    "categories": [
        "product_launch",
        "beverage"
    ],
    "timeFrame": 1
}