{
    "id": "mepsi_global_sustainability_initiative",
    "title": "Mepsi Launches Global Sustainability Initiative",
    "canRepeat": false,
    "description": "Mepsi initiates an ambitious global plan towards sustainability, sparking mixed reactions from the market.",
    "days": [
        {
            "number": 1,
            "articles": [
                {
                    "eventId": "d1article1",
                    "title": "Rumors of Mepsi's Global Sustainability Initiative Surface",
                    "content": "Whispers about Mepsi (MPSI) launching a groundbreaking global sustainability initiative are gaining traction. If true, this move marks a significant shift for the company known more for its sugary beverages than for green policies. Investors are cautiously optimistic as the company has yet to confirm these rumors.",
                    "stocks": [
                        "MPSI"
                    ],
                    "author": "Trendy Tina",
                    "website": "Trend Tribune"
                },
                {
                    "eventId": "d1article2",
                    "title": "Mepsi Confirms Global Sustainability Initiative",
                    "content": "Breaking the silence, Mepsi (MPSI) has officially announced its ambitious global sustainability initiative aimed at dramatically reducing plastic waste. The announcement detailed plans for new eco-friendly packaging, significant investment in recycling technologies, and partnerships with environmental organizations. Investors responded positively, hopeful that this move will secure the company\u2019s long-term growth.",
                    "stocks": [
                        "MPSI"
                    ],
                    "author": "Greta Gamble",
                    "website": "Buyers Beware"
                }
            ],
            "stockMovements": [
                {
                    "eventId": "d1movement1",
                    "stock": "MPSI",
                    "change": 1.0,
                    "percent": true
                },
                {
                    "eventId": "d1movement2",
                    "stock": "MPSI",
                    "change": 0.75,
                    "percent": true
                },
                {
                    "eventId": "d1movement3",
                    "stock": "MPSI",
                    "change": 0.75,
                    "percent": true
                }
            ],
            "earningsReport": [],
            "eventSequence": [
                {
                    "eventId": "d1article1",
                    "delay": 0
                },
                {
                    "eventId": "d1movement1",
                    "delay": 200
                },
                {
                    "eventId": "d1movement2",
                    "delay": 300
                },
                {
                    "eventId": "d1movement3",
                    "delay": 400
                },
                {
                    "eventId": "d1article2",
                    "delay": 10800
                }
            ]
        },
        {
            "number": 2,
            "articles": [
                {
                    "eventId": "d2article1",
                    "title": "Positive Feedback for Mepsi\u2019s Sustainability Push",
                    "content": "Following Mepsi\u2019s official announcement, early feedback from environmental groups and industry analysts has been overwhelmingly positive. Many are praising the beverage giant for taking such a proactive stance in tackling one of the world\u2019s most pressing environmental issues. Investor sentiment has reflected this optimism, with Mepsi\u2019s stock on the rise again.",
                    "stocks": [
                        "MPSI"
                    ],
                    "author": "Trendy Tina",
                    "website": "Trend Tribune"
                },
                {
                    "eventId": "d2article2",
                    "title": "Reports Indicate Challenges with Mepsi\u2019s New Initiative",
                    "content": "Despite the initial praise, reports have surfaced indicating that Mepsi (MPSI) is encountering several implementation challenges with its new sustainability initiative. Sources indicate issues with the supply chain and higher-than-expected costs, causing some investors to rethink their initial excitement.",
                    "stocks": [
                        "MPSI"
                    ],
                    "author": "Sally Shortsell",
                    "website": "Bull and Bear Circus"
                }
            ],
            "stockMovements": [
                {
                    "eventId": "d2movement1",
                    "stock": "MPSI",
                    "change": 0.75,
                    "percent": true
                },
                {
                    "eventId": "d2movement2",
                    "stock": "MPSI",
                    "change": 0.75,
                    "percent": true
                },
                {
                    "eventId": "d2movement3",
                    "stock": "MPSI",
                    "change": 0.5,
                    "percent": true
                }
            ],
            "earningsReport": [],
            "eventSequence": [
                {
                    "eventId": "d2article1",
                    "delay": 0
                },
                {
                    "eventId": "d2movement1",
                    "delay": 200
                },
                {
                    "eventId": "d2movement2",
                    "delay": 300
                },
                {
                    "eventId": "d2movement3",
                    "delay": 400
                },
                {
                    "eventId": "d2article2",
                    "delay": 14400
                }
            ]
        },
        {
            "number": 3,
            "articles": [
                {
                    "eventId": "d3article1",
                    "title": "Mepsi Addresses Implementation Issues, Mixed Reactions Emerge",
                    "content": "In response to the recent reports on implementation challenges, Mepsi (MPSI) has issued a statement acknowledging some hiccups but assures stakeholders that they are actively working to resolve these issues. However, skepticism remains among investors, and the stock reflects these mixed emotions.",
                    "stocks": [
                        "MPSI"
                    ],
                    "author": "Timmy Tumble",
                    "website": "Bull and Bear Circus"
                },
                {
                    "eventId": "d3article2",
                    "title": "Analysts Lower Projections for Mepsi",
                    "content": "Despite Mepsi\u2019s efforts to address concerns, top analysts have lowered their growth projections for the company. This shift in outlook has sent shockwaves through the investment community, leading to a notable dip in Mepsi\u2019s stock.",
                    "stocks": [
                        "MPSI"
                    ],
                    "author": "Carl Calamity",
                    "website": "Moolah Misfits"
                }
            ],
            "stockMovements": [
                {
                    "eventId": "d3movement1",
                    "stock": "MPSI",
                    "change": 1.0,
                    "percent": true
                },
                {
                    "eventId": "d3movement2",
                    "stock": "MPSI",
                    "change": 1.75,
                    "percent": true
                },
                {
                    "eventId": "d3movement3",
                    "stock": "MPSI",
                    "change": 2.75,
                    "percent": true
                }
            ],
            "earningsReport": [],
            "eventSequence": [
                {
                    "eventId": "d3article1",
                    "delay": 0
                },
                {
                    "eventId": "d3movement1",
                    "delay": 200
                },
                {
                    "eventId": "d3movement2",
                    "delay": 300
                },
                {
                    "eventId": "d3movement3",
                    "delay": 400
                },
                {
                    "eventId": "d3article2",
                    "delay": 10800
                }
            ]
        }
    ],
    "categories": [
        "sustainability",
        "beverage",
        "stock_fluctuation"
    ],
    "timeFrame": 3
}