{
    "id": "invidio_unveils_next-gen_gaming_gpu",
    "title": "Invidio Unveils Next-Gen Gaming GPU",
    "canRepeat": false,
    "description": "Invidio (NVDO) unveils a next-gen gaming GPU with unprecedented performance, earning widespread praise and boosting their stock price significantly.",
    "days": [
        {
            "number": 1,
            "articles": [
                {
                    "eventId": "d1article1",
                    "title": "Rumors Surface: Invidio's Next-Gen GPU",
                    "content": "The tech world is abuzz with rumors that Invidio (NVDO) is set to unveil a next-gen gaming GPU. Speculations suggest it will surpass existing models in performance and efficiency, redefining the standards for the industry. Anticipation is already driving up excitement among investors and enthusiasts.",
                    "stocks": [
                        "NVDO"
                    ],
                    "author": "Andy Algorithm",
                    "website": "Byte Banter"
                },
                {
                    "eventId": "d1article2",
                    "title": "Invidio Confirms Next-Gen GPU with Live Demo",
                    "content": "In a groundbreaking live event, Invidio (NVDO) has confirmed the release of their next-gen gaming GPU. The live demo showcased the GPU\u2019s mind-blowing capabilities, including unparalleled processing speed and energy efficiency. This new announcement is expected to set a new benchmark in the gaming industry.",
                    "stocks": [
                        "NVDO"
                    ],
                    "author": "Peter Processor",
                    "website": "Silicon Circus"
                },
                {
                    "eventId": "d1article3",
                    "title": "Overwhelmingly Positive Reviews for Invidio's GPU",
                    "content": "Early reviews for Invidio's (NVDO) next-gen GPU are rolling in, and they are overwhelmingly positive. Critics and gamers alike are praising its performance, with many calling it a game-changer. The stock has already seen a significant boost as investors respond to the positive feedback.",
                    "stocks": [
                        "NVDO"
                    ],
                    "author": "Epic Eric",
                    "website": "Pixel Pundit"
                }
            ],
            "stockMovements": [
                {
                    "eventId": "d1movement1",
                    "stock": "NVDO",
                    "change": 1.0,
                    "percent": true
                },
                {
                    "eventId": "d1movement2",
                    "stock": "NVDO",
                    "change": 1.0,
                    "percent": true
                },
                {
                    "eventId": "d1movement3",
                    "stock": "NVDO",
                    "change": 1.0,
                    "percent": true
                },
                {
                    "eventId": "d1movement4",
                    "stock": "NVDO",
                    "change": 1.0,
                    "percent": true
                },
                {
                    "eventId": "d1movement5",
                    "stock": "NVDO",
                    "change": 1.0,
                    "percent": true
                },
                {
                    "eventId": "d1movement6",
                    "stock": "NVDO",
                    "change": 1.0,
                    "percent": true
                },
                {
                    "eventId": "d1movement7",
                    "stock": "NVDO",
                    "change": 1.0,
                    "percent": true
                },
                {
                    "eventId": "d1movement8",
                    "stock": "NVDO",
                    "change": 1.0,
                    "percent": true
                },
                {
                    "eventId": "d1movement9",
                    "stock": "NVDO",
                    "change": 1.0,
                    "percent": true
                },
                {
                    "eventId": "d1movement10",
                    "stock": "NVDO",
                    "change": 1.0,
                    "percent": true
                },
                {
                    "eventId": "d1movement11",
                    "stock": "NVDO",
                    "change": 1.0,
                    "percent": true
                },
                {
                    "eventId": "d1movement12",
                    "stock": "NVDO",
                    "change": 1.0,
                    "percent": true
                },
                {
                    "eventId": "d1movement13",
                    "stock": "NVDO",
                    "change": 1.0,
                    "percent": true
                }
            ],
            "earningsReport": [],
            "eventSequence": [
                {
                    "eventId": "d1article1",
                    "delay": 0
                },
                {
                    "eventId": "d1movement1",
                    "delay": 120
                },
                {
                    "eventId": "d1movement2",
                    "delay": 120
                },
                {
                    "eventId": "d1movement3",
                    "delay": 120
                },
                {
                    "eventId": "d1article2",
                    "delay": 6840
                },
                {
                    "eventId": "d1movement4",
                    "delay": 120
                },
                {
                    "eventId": "d1movement5",
                    "delay": 120
                },
                {
                    "eventId": "d1movement6",
                    "delay": 120
                },
                {
                    "eventId": "d1movement7",
                    "delay": 120
                },
                {
                    "eventId": "d1movement8",
                    "delay": 120
                },
                {
                    "eventId": "d1article3",
                    "delay": 7200
                },
                {
                    "eventId": "d1movement9",
                    "delay": 120
                },
                {
                    "eventId": "d1movement10",
                    "delay": 120
                },
                {
                    "eventId": "d1movement11",
                    "delay": 120
                },
                {
                    "eventId": "d1movement12",
                    "delay": 120
                },
                {
                    "eventId": "d1movement13",
                    "delay": 120
                }
            ]
        }
    ],
    "categories": [
        "product_release",
        "technology"
    ],
    "timeFrame": 1
}