{
    "id": "invidio_ai_chip_issues",
    "title": "Invidio's AI Chip Faces Performance Issues",
    "canRepeat": false,
    "description": "Invidio's latest AI chip facing performance issues, impacting stock prices.",
    "days": [
        {
            "number": 1,
            "articles": [
                {
                    "eventId": "d1article1",
                    "title": "Performance Issues Detected in Invidio's Latest AI Chip",
                    "content": "Reports have emerged indicating significant performance issues with Invidio's (NVDO) latest AI chip, causing widespread concern in the tech community. The new AI chip, which was highly anticipated for its advanced capabilities, is now under scrutiny as users report inconsistent performance and overheating issues. This news has taken the market by surprise, and the stock has seen an immediate impact. Investors are keenly watching Invidio's response to these alarming reports.",
                    "stocks": [
                        "NVDO"
                    ],
                    "author": "Diana Data",
                    "website": "SiliconCircus.com"
                }
            ],
            "stockMovements": [
                {
                    "eventId": "d1movement1_1",
                    "stock": "NVDO",
                    "change": -1.0,
                    "percent": true,
                    "delay": 100
                },
                {
                    "eventId": "d1movement1_2",
                    "stock": "NVDO",
                    "change": -1.0,
                    "percent": true,
                    "delay": 150
                },
                {
                    "eventId": "d1movement1_3",
                    "stock": "NVDO",
                    "change": -2.0,
                    "percent": true,
                    "delay": 300
                },
                {
                    "eventId": "d1article2",
                    "stock": "NVDO",
                    "change": 0.0,
                    "percent": true,
                    "delay": 7884
                },
                {
                    "eventId": "d1movement2_1",
                    "stock": "NVDO",
                    "change": 0.3,
                    "percent": true,
                    "delay": 60
                },
                {
                    "eventId": "d1movement2_2",
                    "stock": "NVDO",
                    "change": 0.7,
                    "percent": true,
                    "delay": 100
                },
                {
                    "eventId": "d1movement2_3",
                    "stock": "NVDO",
                    "change": 1.0,
                    "percent": true,
                    "delay": 140
                }
            ],
            "articles2": [
                {
                    "eventId": "d1article2",
                    "title": "Invidio Responds to AI Chip Performance Issues",
                    "content": "In a swift response to the growing concerns, Invidio (NVDO) has acknowledged the performance issues plaguing its latest AI chip. In a press release, the company assured its customers and investors that a dedicated team of engineers is working around the clock to diagnose and resolve the problem. Invidio's CEO stated, 'We are committed to delivering the highest quality products and are confident that a solution will be implemented shortly.' The market has shown a slight recovery in response to Invidio's proactive approach.",
                    "stocks": [
                        "NVDO"
                    ],
                    "author": "Sammy Security",
                    "website": "TechTattler.com"
                }
            ],
            "eventSequence": [
                {
                    "eventId": "d1article1",
                    "delay": 0
                },
                {
                    "eventId": "d1movement1_1",
                    "delay": 100
                },
                {
                    "eventId": "d1movement1_2",
                    "delay": 150
                },
                {
                    "eventId": "d1movement1_3",
                    "delay": 300
                },
                {
                    "eventId": "d1article2",
                    "delay": 7884
                },
                {
                    "eventId": "d1movement2_1",
                    "delay": 60
                },
                {
                    "eventId": "d1movement2_2",
                    "delay": 100
                },
                {
                    "eventId": "d1movement2_3",
                    "delay": 140
                }
            ]
        },
        {
            "number": 2,
            "articles": [
                {
                    "eventId": "d2article1",
                    "title": "Persistent Problems Plague Invidio's AI Chip",
                    "content": "Despite Invidio's assurances of a quick fix, further reports have surfaced indicating that the performance issues with the company's latest AI chip persist. Users continue to experience inconsistent processing speeds and overheating, casting doubt on the effectiveness of Invidio's initial response. The situation has escalated, and concerns are rising about the long-term reliability of the chip. Investors are growing increasingly wary, and the impact on the stock price has been noticeably negative.",
                    "stocks": [
                        "NVDO"
                    ],
                    "author": "Peter Processor",
                    "website": "SiliconCircus.com"
                }
            ],
            "stockMovements": [
                {
                    "eventId": "d2movement1_1",
                    "stock": "NVDO",
                    "change": -1.0,
                    "percent": true,
                    "delay": 120
                },
                {
                    "eventId": "d2movement1_2",
                    "stock": "NVDO",
                    "change": -1.0,
                    "percent": true,
                    "delay": 150
                },
                {
                    "eventId": "d2movement1_3",
                    "stock": "NVDO",
                    "change": -3.0,
                    "percent": true,
                    "delay": 200
                },
                {
                    "eventId": "d2article2",
                    "stock": "NVDO",
                    "change": 0.0,
                    "percent": true,
                    "delay": 10930
                },
                {
                    "eventId": "d2movement2_1",
                    "stock": "NVDO",
                    "change": -1.0,
                    "percent": true,
                    "delay": 100
                },
                {
                    "eventId": "d2movement2_2",
                    "stock": "NVDO",
                    "change": -1.5,
                    "percent": true,
                    "delay": 200
                },
                {
                    "eventId": "d2movement2_3",
                    "stock": "NVDO",
                    "change": -1.5,
                    "percent": true,
                    "delay": 300
                }
            ],
            "articles2": [
                {
                    "eventId": "d2article2",
                    "title": "Analysts Warn of Potential Sales Impact for Invidio",
                    "content": "In light of the ongoing performance issues with Invidio's (NVDO) latest AI chip, several analysts have issued warnings about the potential impact on the company's sales and overall market position. The persistent problems have not only dented consumer confidence but also raised questions about Invidio's quality control processes. One analyst noted, 'If Invidio doesn't address these issues promptly and effectively, it risks losing significant market share to competitors.' The stock has continued to decline as the market reacts to these grim projections.",
                    "stocks": [
                        "NVDO"
                    ],
                    "author": "Sally Shortsell",
                    "website": "BullAndBearCircus.com"
                }
            ],
            "eventSequence": [
                {
                    "eventId": "d2article1",
                    "delay": 0
                },
                {
                    "eventId": "d2movement1_1",
                    "delay": 120
                },
                {
                    "eventId": "d2movement1_2",
                    "delay": 150
                },
                {
                    "eventId": "d2movement1_3",
                    "delay": 200
                },
                {
                    "eventId": "d2article2",
                    "delay": 10930
                },
                {
                    "eventId": "d2movement2_1",
                    "delay": 100
                },
                {
                    "eventId": "d2movement2_2",
                    "delay": 200
                },
                {
                    "eventId": "d2movement2_3",
                    "delay": 300
                }
            ]
        }
    ],
    "categories": [
        "product_issues",
        "technology"
    ],
    "timeFrame": 2
}