{
    "id": "invidio_partners_with_major_game_developer",
    "title": "Invidio Partners with Major Game Developer",
    "canRepeat": false,
    "description": "Invidio partners with a major game developer to optimize their GPUs for new games, boosting investor confidence.",
    "days": [
        {
            "number": 1,
            "articles": [
                {
                    "eventId": "d1article1",
                    "title": "Rumors of Invidio Game Developer Partnership Surface",
                    "content": "Rumors are circulating that Invidio (NVDO) is partnering with a major game developer to optimize their GPUs for new and upcoming games. Market analysts suggest that such a partnership could enhance gaming experiences, making Invidio GPUs the go-to choice for gamers worldwide. This could potentially boost Invidio's market share and solidify its position as a leading GPU manufacturer. However, neither company has officially confirmed these rumors.",
                    "stocks": [
                        "NVDO"
                    ],
                    "author": "Trendy Tina",
                    "website": "Trend Tribune"
                },
                {
                    "eventId": "d1article2",
                    "title": "Invidio Confirms Partnership with Game Developer",
                    "content": "Invidio (NVDO) has confirmed rumors of its partnership with a major game developer, revealing plans to optimize their GPUs for the latest and most demanding gaming titles. The company showcased some early demos that demonstrated impressive performance improvements and enhanced visual fidelity. Enthusiasts and developers alike are excited about the potential benefits this partnership could bring to the gaming community. Invidio's stock has seen a substantial increase as investors respond positively to the news.",
                    "stocks": [
                        "NVDO"
                    ],
                    "author": "Epic Eric",
                    "website": "Console Carnival"
                }
            ],
            "stockMovements": [
                {
                    "eventId": "d1movement1",
                    "stock": "NVDO",
                    "change": 1.0,
                    "percent": true,
                    "delay": 120
                },
                {
                    "eventId": "d1movement2",
                    "stock": "NVDO",
                    "change": 1.0,
                    "percent": true,
                    "delay": 240
                },
                {
                    "eventId": "d1movement3",
                    "stock": "NVDO",
                    "change": 1.0,
                    "percent": true,
                    "delay": 360
                },
                {
                    "eventId": "d1movement4",
                    "stock": "NVDO",
                    "change": 1.0,
                    "percent": true,
                    "delay": 360
                },
                {
                    "eventId": "d1movement5",
                    "stock": "NVDO",
                    "change": 1.0,
                    "percent": true,
                    "delay": 240
                },
                {
                    "eventId": "d1movement6",
                    "stock": "NVDO",
                    "change": 1.0,
                    "percent": true,
                    "delay": 240
                }
            ],
            "earningsReport": [],
            "eventSequence": [
                {
                    "eventId": "d1article1",
                    "delay": 0
                },
                {
                    "eventId": "d1movement1",
                    "delay": 120
                },
                {
                    "eventId": "d1movement2",
                    "delay": 240
                },
                {
                    "eventId": "d1movement3",
                    "delay": 360
                },
                {
                    "eventId": "d1article2",
                    "delay": 5880
                },
                {
                    "eventId": "d1movement4",
                    "delay": 360
                },
                {
                    "eventId": "d1movement5",
                    "delay": 240
                },
                {
                    "eventId": "d1movement6",
                    "delay": 240
                }
            ]
        },
        {
            "number": 2,
            "articles": [
                {
                    "eventId": "d2article1",
                    "title": "Analysts Praise Invidio-Developer Collaboration",
                    "content": "Analysts are praising the recently confirmed collaboration between Invidio (NVDO) and a major game developer. The optimized GPUs are expected to drive sales growth as gamers seek the best possible performance for the latest games. Experts suggest this move could significantly bolster Invidio's market position and open up new opportunities for technological advancements in gaming hardware. The outlook for Invidio's future in the gaming market appears bright, with predictions of increased revenue and market share.",
                    "stocks": [
                        "NVDO"
                    ],
                    "author": "Polly Profit",
                    "website": "Bull and Bear Circus"
                },
                {
                    "eventId": "d2article2",
                    "title": "Gamers React Positively to Invidio Partnership",
                    "content": "Early feedback from gamers regarding the Invidio (NVDO) and game developer collaboration has been overwhelmingly positive. Gamers have reported noticeable improvements in graphics rendering, smoother gameplay, and a more immersive experience. This positive reception is further boosting confidence in Invidio's capabilities and reinforcing the demand for their GPUs. As word spreads, it's anticipated that more consumers will opt for Invidio GPUs, driving up sales and potentially increasing the company's stock value.",
                    "stocks": [
                        "NVDO"
                    ],
                    "author": "Retro Randy",
                    "website": "Pixel Pundit"
                }
            ],
            "stockMovements": [
                {
                    "eventId": "d2movement1",
                    "stock": "NVDO",
                    "change": 1.5,
                    "percent": true,
                    "delay": 150
                },
                {
                    "eventId": "d2movement2",
                    "stock": "NVDO",
                    "change": 2.0,
                    "percent": true,
                    "delay": 300
                },
                {
                    "eventId": "d2movement3",
                    "stock": "NVDO",
                    "change": 1.5,
                    "percent": true,
                    "delay": 300
                },
                {
                    "eventId": "d2movement4",
                    "stock": "NVDO",
                    "change": 1.0,
                    "percent": true,
                    "delay": 240
                },
                {
                    "eventId": "d2movement5",
                    "stock": "NVDO",
                    "change": 1.5,
                    "percent": true,
                    "delay": 300
                },
                {
                    "eventId": "d2movement6",
                    "stock": "NVDO",
                    "change": 1.5,
                    "percent": true,
                    "delay": 240
                }
            ],
            "earningsReport": [],
            "eventSequence": [
                {
                    "eventId": "d2article1",
                    "delay": 0
                },
                {
                    "eventId": "d2movement1",
                    "delay": 150
                },
                {
                    "eventId": "d2movement2",
                    "delay": 300
                },
                {
                    "eventId": "d2movement3",
                    "delay": 300
                },
                {
                    "eventId": "d2article2",
                    "delay": 13250
                },
                {
                    "eventId": "d2movement4",
                    "delay": 240
                },
                {
                    "eventId": "d2movement5",
                    "delay": 300
                },
                {
                    "eventId": "d2movement6",
                    "delay": 240
                }
            ]
        }
    ],
    "categories": [
        "partnership",
        "technology",
        "gaming"
    ],
    "timeFrame": 2
}