{
    "id": "invidio_new_data_center_gpu_faces_delays",
    "title": "Invidio's New Data Center GPU Faces Delays",
    "canRepeat": false,
    "description": "Reports of delays in the production of Invidio's new data center GPU cause stock fluctuations.",
    "days": [
        {
            "number": 1,
            "articles": [
                {
                    "eventId": "d1article1",
                    "title": "Invidio Faces Production Delays for New Data Center GPU",
                    "content": "Invidio's latest data center GPU has hit a production snag, causing concern among investors. Sources from within the company report that unforeseen complications in the manufacturing process are behind the delays. This setback could affect the company's timeline for meeting orders and ramping up their market presence.",
                    "stocks": [
                        "NVDO"
                    ],
                    "author": "Timmy Tumble",
                    "website": "Bull and Bear Circus"
                },
                {
                    "eventId": "d1article2",
                    "title": "Invidio Reassures Investors Amid Production Delays",
                    "content": "In response to the reports of production delays, Invidio has sought to reassure its investors. In an official statement, the company outlined its plans to address the technical issues swiftly and minimize disruption. 'We are confident that our team can overcome these challenges and meet our production targets,' said CEO Jensen Huang. The stock began to recover slightly as investors took note of these reassurances.",
                    "stocks": [
                        "NVDO"
                    ],
                    "author": "Betty Bungle",
                    "website": "Cash Clown"
                }
            ],
            "stockMovements": [
                {
                    "eventId": "d1movement1",
                    "stock": "NVDO",
                    "change": -1.0,
                    "percent": true
                },
                {
                    "eventId": "d1movement2",
                    "stock": "NVDO",
                    "change": -1.0,
                    "percent": true
                },
                {
                    "eventId": "d1movement3",
                    "stock": "NVDO",
                    "change": 1.0,
                    "percent": true
                },
                {
                    "eventId": "d1movement4",
                    "stock": "NVDO",
                    "change": 1.0,
                    "percent": true
                }
            ],
            "earningsReport": [],
            "eventSequence": [
                {
                    "eventId": "d1article1",
                    "delay": 0
                },
                {
                    "eventId": "d1movement1",
                    "delay": 0
                },
                {
                    "eventId": "d1movement2",
                    "delay": 3000
                },
                {
                    "eventId": "d1movement3",
                    "delay": 3000
                },
                {
                    "eventId": "d1movement4",
                    "delay": 2000
                },
                {
                    "eventId": "d1article2",
                    "delay": 2800
                }
            ]
        },
        {
            "number": 2,
            "articles": [
                {
                    "eventId": "d2article1",
                    "title": "Technical Challenges Continue for Invidio's Data Center GPU",
                    "content": "Just as investors were starting to calm down, new reports indicate ongoing technical challenges with Invidio's data center GPU. Insiders suggest that these issues are more complex than initially thought, leading to further delays. Anxiety among stakeholders is rising as the envisioned market rollout seems increasingly uncertain.",
                    "stocks": [
                        "NVDO"
                    ],
                    "author": "Gary Glitch",
                    "website": "Silicon Circus"
                },
                {
                    "eventId": "d2article2",
                    "title": "Invidio Announces New Partnerships to Expedite GPU Production",
                    "content": "In a move to counteract the mounting concerns, Invidio has announced new partnerships aimed at accelerating the production of their data center GPU. These collaborations are expected to bring additional resources and expertise to resolve the current technical issues more efficiently. Following this news, the stock saw a modest boost, reflecting renewed investor optimism.",
                    "stocks": [
                        "NVDO"
                    ],
                    "author": "Polly Profit",
                    "website": "Bull and Bear Circus"
                }
            ],
            "stockMovements": [
                {
                    "eventId": "d2movement1",
                    "stock": "NVDO",
                    "change": -1.5,
                    "percent": true
                },
                {
                    "eventId": "d2movement2",
                    "stock": "NVDO",
                    "change": -1.5,
                    "percent": true
                },
                {
                    "eventId": "d2movement3",
                    "stock": "NVDO",
                    "change": -1.0,
                    "percent": true
                },
                {
                    "eventId": "d2movement4",
                    "stock": "NVDO",
                    "change": 1.0,
                    "percent": true
                },
                {
                    "eventId": "d2movement5",
                    "stock": "NVDO",
                    "change": 1.0,
                    "percent": true
                }
            ],
            "earningsReport": [],
            "eventSequence": [
                {
                    "eventId": "d2article1",
                    "delay": 0
                },
                {
                    "eventId": "d2movement1",
                    "delay": 0
                },
                {
                    "eventId": "d2movement2",
                    "delay": 3000
                },
                {
                    "eventId": "d2movement3",
                    "delay": 3000
                },
                {
                    "eventId": "d2movement4",
                    "delay": 3000
                },
                {
                    "eventId": "d2movement5",
                    "delay": 3400
                },
                {
                    "eventId": "d2article2",
                    "delay": 0
                }
            ]
        },
        {
            "number": 3,
            "articles": [
                {
                    "eventId": "d3article1",
                    "title": "Analysts Cautious Over Invidio's GPU Production",
                    "content": "Despite Invidio's best efforts, analysts remain cautious about the future of the company's new data center GPU. Concerns persist about the potential for additional setbacks and the company's ability to meet its ambitious production goals. This cautious sentiment has led to further declines in the stock price.",
                    "stocks": [
                        "NVDO"
                    ],
                    "author": "Carl Calamity",
                    "website": "Moolah Misfits"
                },
                {
                    "eventId": "d3article2",
                    "title": "Invidio Stock Fluctuates Amid Mixed Signals",
                    "content": "The mixed signals from Invidio regarding the production of their new data center GPU have led to fluctuating stock prices. Investors find themselves torn between optimism from the company's partnerships and ongoing concerns from analysts. As a result, trading volumes have spiked, reflecting the uncertain sentiment in the market.",
                    "stocks": [
                        "NVDO"
                    ],
                    "author": "Freddy Fortune",
                    "website": "Moolah Misfits"
                }
            ],
            "stockMovements": [
                {
                    "eventId": "d3movement1",
                    "stock": "NVDO",
                    "change": -1.0,
                    "percent": true
                },
                {
                    "eventId": "d3movement2",
                    "stock": "NVDO",
                    "change": -1.0,
                    "percent": true
                },
                {
                    "eventId": "d3movement3",
                    "stock": "NVDO",
                    "change": -1.0,
                    "percent": true
                },
                {
                    "eventId": "d3movement4",
                    "stock": "NVDO",
                    "change": -1.0,
                    "percent": true
                }
            ],
            "earningsReport": [],
            "eventSequence": [
                {
                    "eventId": "d3article1",
                    "delay": 0
                },
                {
                    "eventId": "d3movement1",
                    "delay": 0
                },
                {
                    "eventId": "d3movement2",
                    "delay": 3600
                },
                {
                    "eventId": "d3movement3",
                    "delay": 3600
                },
                {
                    "eventId": "d3movement4",
                    "delay": 3600
                },
                {
                    "eventId": "d3article2",
                    "delay": 0
                }
            ]
        }
    ],
    "categories": [
        "product_delays",
        "technology"
    ],
    "timeFrame": 3
}