{
    "id": "invidio_launches_AI-powered_graphics_tool",
    "title": "Invidio Launches AI-Powered Graphics Tool",
    "canRepeat": false,
    "description": "Invidio launches an AI-powered graphics tool which garners praise and positive feedback, boosting the stock.",
    "days": [
        {
            "number": 1,
            "articles": [
                {
                    "eventId": "d1article1",
                    "title": "Rumor has it: Invidio's Groundbreaking AI Tool",
                    "content": "Invidio (NVDO) is rumored to be launching a groundbreaking AI-powered graphics tool aimed at designers. This new tool, if the rumors hold true, is expected to revolutionize the design space by automating complex graphic tasks, saving time and enhancing creativity.",
                    "stocks": [
                        "NVDO"
                    ],
                    "author": "Timmy Tumble",
                    "website": "Bull and Bear Circus"
                },
                {
                    "eventId": "d1article2",
                    "title": "Confirmed! Invidio Unveils AI Graphics Tool",
                    "content": "Invidio (NVDO) has confirmed the launch of their much-rumored AI-powered graphics tool. During the press event, the company showcased the tool's capabilities, which include automated design suggestions and real-time collaborative features. This marks a significant milestone in the company's expansion into AI technology.",
                    "stocks": [
                        "NVDO"
                    ],
                    "author": "Holly Hacker",
                    "website": "Byte Banter"
                }
            ],
            "stockMovements": [
                {
                    "eventId": "d1movement1",
                    "stock": "NVDO",
                    "change": 1.0,
                    "percent": true,
                    "delay": 100
                },
                {
                    "eventId": "d1movement2",
                    "stock": "NVDO",
                    "change": 1.0,
                    "percent": true,
                    "delay": 100
                },
                {
                    "eventId": "d1movement3",
                    "stock": "NVDO",
                    "change": 1.0,
                    "percent": true,
                    "delay": 200
                },
                {
                    "eventId": "d1movement4",
                    "stock": "NVDO",
                    "change": 1.33,
                    "percent": true,
                    "delay": 100
                },
                {
                    "eventId": "d1movement5",
                    "stock": "NVDO",
                    "change": 1.33,
                    "percent": true,
                    "delay": 100
                },
                {
                    "eventId": "d1movement6",
                    "stock": "NVDO",
                    "change": 1.34,
                    "percent": true,
                    "delay": 200
                }
            ],
            "earningsReport": [],
            "eventSequence": [
                {
                    "eventId": "d1article1",
                    "delay": 0
                },
                {
                    "eventId": "d1movement1",
                    "delay": 0
                },
                {
                    "eventId": "d1movement2",
                    "delay": 100
                },
                {
                    "eventId": "d1movement3",
                    "delay": 100
                },
                {
                    "eventId": "d1movement4",
                    "delay": 200
                },
                {
                    "eventId": "d1article2",
                    "delay": 6800
                },
                {
                    "eventId": "d1movement5",
                    "delay": 0
                },
                {
                    "eventId": "d1movement6",
                    "delay": 100
                },
                {
                    "eventId": "d1movement7",
                    "delay": 100
                },
                {
                    "eventId": "d1movement8",
                    "delay": 200
                }
            ]
        },
        {
            "number": 2,
            "articles": [
                {
                    "eventId": "d2article1",
                    "title": "Analysts Hail Invidio\u2019s AI Tool: A Market Game-Changer",
                    "content": "Analysts and industry experts are hailing Invidio\u2019s (NVDO) latest AI-powered graphics tool as a game-changer. The innovative tool is predicted to see rapid adoption among designers and creative professionals, positioning Invidio as a leader in AI-enhanced design tools.",
                    "stocks": [
                        "NVDO"
                    ],
                    "author": "Polly Profit",
                    "website": "Bull and Bear Circus"
                },
                {
                    "eventId": "d2article2",
                    "title": "Early Feedback Shines on Invidio\u2019s AI Graphics Tool",
                    "content": "Early users of Invidio\u2019s (NVDO) new AI-powered graphics tool are overwhelmingly positive in their feedback. Users highlight its intuitive design and powerful AI-driven features, boosting confidence among other potential customers. This early success suggests strong future sales and broader market penetration.",
                    "stocks": [
                        "NVDO"
                    ],
                    "author": "Gina Gadget",
                    "website": "Tech Tattler"
                }
            ],
            "stockMovements": [
                {
                    "eventId": "d2movement1",
                    "stock": "NVDO",
                    "change": 1.67,
                    "percent": true,
                    "delay": 600
                },
                {
                    "eventId": "d2movement2",
                    "stock": "NVDO",
                    "change": 1.66,
                    "percent": true,
                    "delay": 600
                },
                {
                    "eventId": "d2movement3",
                    "stock": "NVDO",
                    "change": 1.67,
                    "percent": true,
                    "delay": 600
                },
                {
                    "eventId": "d2movement4",
                    "stock": "NVDO",
                    "change": 1.33,
                    "percent": true,
                    "delay": 600
                },
                {
                    "eventId": "d2movement5",
                    "stock": "NVDO",
                    "change": 1.33,
                    "percent": true,
                    "delay": 600
                },
                {
                    "eventId": "d2movement6",
                    "stock": "NVDO",
                    "change": 1.34,
                    "percent": true,
                    "delay": 600
                }
            ],
            "earningsReport": [],
            "eventSequence": [
                {
                    "eventId": "d2article1",
                    "delay": 0
                },
                {
                    "eventId": "d2movement1",
                    "delay": 0
                },
                {
                    "eventId": "d2movement2",
                    "delay": 600
                },
                {
                    "eventId": "d2movement3",
                    "delay": 600
                },
                {
                    "eventId": "d2article2",
                    "delay": 12200
                },
                {
                    "eventId": "d2movement4",
                    "delay": 0
                },
                {
                    "eventId": "d2movement5",
                    "delay": 600
                },
                {
                    "eventId": "d2movement6",
                    "delay": 600
                }
            ]
        }
    ],
    "categories": [
        "product_launch",
        "technology"
    ],
    "timeFrame": 2
}