{
    "id": "nvdo_invidioExpandsCloudGamingService",
    "title": "Invidio Expands Cloud Gaming Service",
    "canRepeat": false,
    "description": "Invidio (NVDO) is expanding its cloud gaming service, InvidioNow, to new regions. Analysts praise the move, predicting significant growth.",
    "days": [
        {
            "number": 1,
            "articles": [
                {
                    "eventId": "d1article1",
                    "title": "Rumors of Invidio expanding to new regions",
                    "content": "Rumors are swirling that Invidio (NVDO) is preparing to expand its cloud gaming service, InvidioNow, to new regions. If true, this move could help the company tap into a broader user base and increase its market presence in the global gaming industry.",
                    "stocks": [
                        "NVDO"
                    ],
                    "author": "Holly Hacker",
                    "website": "Byte Banter"
                },
                {
                    "eventId": "d1article2",
                    "title": "Invidio confirms expansion to key markets",
                    "content": "Invidio (NVDO) has officially confirmed plans to expand its cloud gaming service, InvidioNow, to key international markets. The company is targeting regions with a growing demand for cloud gaming services, positioning itself for significant growth.",
                    "stocks": [
                        "NVDO"
                    ],
                    "author": "Ned Nerdlinger",
                    "website": "Tech Tattler"
                }
            ],
            "stockMovements": [
                {
                    "eventId": "d1movement1",
                    "stock": "NVDO",
                    "change": 1.0,
                    "percent": true
                },
                {
                    "eventId": "d1movement2",
                    "stock": "NVDO",
                    "change": 1.0,
                    "percent": true
                },
                {
                    "eventId": "d1movement3",
                    "stock": "NVDO",
                    "change": 1.0,
                    "percent": true
                }
            ],
            "earningsReport": [],
            "eventSequence": [
                {
                    "eventId": "d1article1",
                    "delay": 3600
                },
                {
                    "eventId": "d1movement1",
                    "delay": 300
                },
                {
                    "eventId": "d1movement2",
                    "delay": 300
                },
                {
                    "eventId": "d1movement3",
                    "delay": 300
                },
                {
                    "eventId": "d1article2",
                    "delay": 3600
                }
            ]
        },
        {
            "number": 2,
            "articles": [
                {
                    "eventId": "d2article1",
                    "title": "Analysts praise move, predict growth",
                    "content": "Analysts across the board are praising Invidio's (NVDO) decision to expand InvidioNow to new regions. This strategic move is expected to significantly grow the user base and strengthen the company's foothold in the competitive cloud gaming market.",
                    "stocks": [
                        "NVDO"
                    ],
                    "author": "Polly Profit",
                    "website": "Bull and Bear Circus"
                },
                {
                    "eventId": "d2article2",
                    "title": "Positive user feedback boosts confidence",
                    "content": "Early feedback from users in the newly expanded regions has been overwhelmingly positive. Enthusiastic gamers and industry experts alike commend Invidio's (NVDO) robust performance and seamless gaming experience. The stock's value has surged once more as confidence in the company's growth continues to build.",
                    "stocks": [
                        "NVDO"
                    ],
                    "author": "Passionate Paula",
                    "website": "Console Carnival"
                }
            ],
            "stockMovements": [
                {
                    "eventId": "d2movement1",
                    "stock": "NVDO",
                    "change": 1.25,
                    "percent": true
                },
                {
                    "eventId": "d2movement2",
                    "stock": "NVDO",
                    "change": 1.25,
                    "percent": true
                },
                {
                    "eventId": "d2movement3",
                    "stock": "NVDO",
                    "change": 1.25,
                    "percent": true
                },
                {
                    "eventId": "d2movement4",
                    "stock": "NVDO",
                    "change": 1.25,
                    "percent": true
                }
            ],
            "earningsReport": [],
            "eventSequence": [
                {
                    "eventId": "d2article1",
                    "delay": 3600
                },
                {
                    "eventId": "d2movement1",
                    "delay": 300
                },
                {
                    "eventId": "d2movement2",
                    "delay": 300
                },
                {
                    "eventId": "d2movement3",
                    "delay": 300
                },
                {
                    "eventId": "d2movement4",
                    "delay": 300
                },
                {
                    "eventId": "d2article2",
                    "delay": 3600
                }
            ]
        }
    ],
    "categories": [
        "product_expansion",
        "technology",
        "gaming"
    ],
    "timeFrame": 2
}