{
    "id": "kisco_cybersecurity_breach",
    "title": "Kisco Faces Cybersecurity Breach",
    "canRepeat": false,
    "description": "Kisco Systems reports a significant cybersecurity breach affecting its networking equipment, leading to stock price declines as the day progresses.",
    "days": [
        {
            "number": 1,
            "articles": [
                {
                    "eventId": "d1article1",
                    "title": "Major Cybersecurity Breach Hits Kisco Systems",
                    "content": "Kisco Systems (KSCO), a leading technology conglomerate known for its robust networking equipment, has reported a significant cybersecurity breach. The breach, discovered early this morning, has raised alarms within the tech community and among investors. Experts fear the breach could compromise sensitive data related to Kisco's networking solutions. The stock market responded quickly, with Kisco's shares dropping as the news spread. This breach comes at a particularly challenging time for the company, which has been focusing on expanding its cybersecurity solutions. Industry watchers are now closely monitoring the situation to see how Kisco will manage this crisis and what the long-term implications could be.",
                    "stocks": [
                        "KSCO"
                    ],
                    "author": "Diana Data",
                    "website": "Silicon Circus"
                },
                {
                    "eventId": "d1article2",
                    "title": "Kisco Acknowledges Cybersecurity Breach, Vows to Enhance Security",
                    "content": "In response to the cybersecurity breach reported earlier today, Kisco Systems (KSCO) has officially acknowledged the incident and vowed to strengthen its security measures. In a statement released to the press, Kisco's CEO emphasized the company's commitment to safeguarding its products and customer data. 'We are taking this breach very seriously and are implementing immediate actions to reinforce our cybersecurity protocols,' stated the CEO. Despite these assurances, some analysts remain skeptical about the company's ability to fully recover from this incident without significant impact on its customer base. The ongoing investigation aims to identify the source of the breach and prevent further security intrusions.",
                    "stocks": [
                        "KSCO"
                    ],
                    "author": "Gina Gadget",
                    "website": "Tech Tattler"
                },
                {
                    "eventId": "d1article3",
                    "title": "Analysts Predict Customer Loss for Kisco Systems Post-Breach",
                    "content": "Following Kisco Systems' (KSCO) recent cybersecurity breach, several industry analysts have voiced concerns about potential customer losses. The company, which prides itself on its secure networking equipment, now faces challenges in maintaining trust with its clientele. 'This breach could lead to a significant customer exodus as businesses look for more secure alternatives,' said one analyst. The breach has already resulted in a noticeable dip in Kisco's stock prices, and further declines are anticipated as the situation unfolds. Customers are awaiting more detailed information about the breach's impact and the specific steps Kisco plans to take to prevent similar incidents in the future.",
                    "stocks": [
                        "KSCO"
                    ],
                    "author": "Betty Bungle",
                    "website": "Cash Clown"
                }
            ],
            "stockMovements": [
                {
                    "eventId": "d1movement1",
                    "stock": "KSCO",
                    "change": -1.0,
                    "percent": true,
                    "delay": 120
                },
                {
                    "eventId": "d1movement2",
                    "stock": "KSCO",
                    "change": -1.0,
                    "percent": true,
                    "delay": 240
                },
                {
                    "eventId": "d1movement3",
                    "stock": "KSCO",
                    "change": -1.0,
                    "percent": true,
                    "delay": 100
                },
                {
                    "eventId": "d1movement4",
                    "stock": "KSCO",
                    "change": -0.5,
                    "percent": true,
                    "delay": 300
                },
                {
                    "eventId": "d1movement5",
                    "stock": "KSCO",
                    "change": -0.5,
                    "percent": true,
                    "delay": 60
                },
                {
                    "eventId": "d1movement6",
                    "stock": "KSCO",
                    "change": -1.0,
                    "percent": true,
                    "delay": 50
                },
                {
                    "eventId": "d1movement7",
                    "stock": "KSCO",
                    "change": -1.0,
                    "percent": true,
                    "delay": 70
                },
                {
                    "eventId": "d1movement8",
                    "stock": "KSCO",
                    "change": -1.5,
                    "percent": true,
                    "delay": 100
                }
            ],
            "earningsReport": [],
            "eventSequence": [
                {
                    "eventId": "d1article1",
                    "delay": 0
                },
                {
                    "eventId": "d1movement1",
                    "delay": 120
                },
                {
                    "eventId": "d1movement2",
                    "delay": 240
                },
                {
                    "eventId": "d1movement3",
                    "delay": 100
                },
                {
                    "eventId": "d1article2",
                    "delay": 6700
                },
                {
                    "eventId": "d1movement4",
                    "delay": 300
                },
                {
                    "eventId": "d1movement5",
                    "delay": 60
                },
                {
                    "eventId": "d1movement6",
                    "delay": 50
                },
                {
                    "eventId": "d1movement7",
                    "delay": 70
                },
                {
                    "eventId": "d1movement8",
                    "delay": 100
                },
                {
                    "eventId": "d1article3",
                    "delay": 6800
                }
            ]
        }
    ],
    "categories": [
        "cybersecurity_breach",
        "technology"
    ],
    "timeFrame": 1
}