{
    "id": "ksco_unveils_new_high_performance_router",
    "title": "Kisco Unveils New High-Performance Router",
    "canRepeat": false,
    "description": "Kisco Systems is set to release a new high-performance router, with rumors, confirmation, and early reviews boosting the stock significantly.",
    "days": [
        {
            "number": 1,
            "articles": [
                {
                    "eventId": "d1article1",
                    "title": "Rumors Surface of a New Kisco Router",
                    "content": "Rumors are floating around that Kisco Systems (KSCO) is about to unveil a new high-performance router. Speculations are rife about the potential advanced speed and cutting-edge security features the new product might offer. Enthusiasts and industry professionals are eagerly waiting for an official announcement.",
                    "stocks": [
                        "KSCO"
                    ],
                    "author": "Sammy Security",
                    "website": "Tech Tattler"
                },
                {
                    "eventId": "d1article2",
                    "title": "Kisco Confirms Launch of High-Performance Router",
                    "content": "Kisco Systems (KSCO) has confirmed the launch of its highly anticipated new high-performance router. The new router boasts incredible speed and top-notch security features. Kisco's CEO highlighted the router's ability to handle extremely high data throughput while maintaining robust security, making it ideal for both personal and enterprise use.",
                    "stocks": [
                        "KSCO"
                    ],
                    "author": "Diana Data",
                    "website": "Silicon Circus"
                },
                {
                    "eventId": "d1article3",
                    "title": "Early Reviews Praise Kisco's New Router",
                    "content": "Early reviews are in, and they are overwhelmingly positive for Kisco Systems' (KSCO) new high-performance router. Tech reviewers and beta testers alike are praising the router for its exceptional speed, reliability, and advanced security features. The stock is seeing substantial gains as a result of this feedback.",
                    "stocks": [
                        "KSCO"
                    ],
                    "author": "Gina Gadget",
                    "website": "Tech Tattler"
                }
            ],
            "stockMovements": [
                {
                    "eventId": "d1movement1",
                    "stock": "KSCO",
                    "change": 0.67,
                    "percent": true,
                    "delay": 60
                },
                {
                    "eventId": "d1movement2",
                    "stock": "KSCO",
                    "change": 0.67,
                    "percent": true,
                    "delay": 60
                },
                {
                    "eventId": "d1movement3",
                    "stock": "KSCO",
                    "change": 0.66,
                    "percent": true,
                    "delay": 60
                },
                {
                    "eventId": "d2movement1",
                    "stock": "KSCO",
                    "change": 1.0,
                    "percent": true,
                    "delay": 120
                },
                {
                    "eventId": "d2movement2",
                    "stock": "KSCO",
                    "change": 1.0,
                    "percent": true,
                    "delay": 120
                },
                {
                    "eventId": "d2movement3",
                    "stock": "KSCO",
                    "change": 1.0,
                    "percent": true,
                    "delay": 120
                },
                {
                    "eventId": "d3movement1",
                    "stock": "KSCO",
                    "change": 0.83,
                    "percent": true,
                    "delay": 90
                },
                {
                    "eventId": "d3movement2",
                    "stock": "KSCO",
                    "change": 0.83,
                    "percent": true,
                    "delay": 90
                },
                {
                    "eventId": "d3movement3",
                    "stock": "KSCO",
                    "change": 0.84,
                    "percent": true,
                    "delay": 90
                }
            ],
            "earningsReport": [],
            "eventSequence": [
                {
                    "eventId": "d1article1",
                    "delay": 3600
                },
                {
                    "eventId": "d1movement1",
                    "delay": 300
                },
                {
                    "eventId": "d1movement2",
                    "delay": 300
                },
                {
                    "eventId": "d1movement3",
                    "delay": 300
                },
                {
                    "eventId": "d1article2",
                    "delay": 3600
                },
                {
                    "eventId": "d2movement1",
                    "delay": 300
                },
                {
                    "eventId": "d2movement2",
                    "delay": 300
                },
                {
                    "eventId": "d2movement3",
                    "delay": 300
                },
                {
                    "eventId": "d1article3",
                    "delay": 3600
                },
                {
                    "eventId": "d3movement1",
                    "delay": 300
                },
                {
                    "eventId": "d3movement2",
                    "delay": 300
                },
                {
                    "eventId": "d3movement3",
                    "delay": 300
                }
            ]
        }
    ],
    "categories": [
        "product_launch",
        "technology"
    ],
    "timeFrame": 1
}