{
    "id": "oraclite_cloud_services_outage",
    "title": "Oraclite's Cloud Services Suffer Major Outage",
    "canRepeat": false,
    "description": "Oraclite's cloud services suffer a major outage, impacting businesses worldwide. Service disruptions lead to significant stock declines.",
    "days": [
        {
            "number": 1,
            "articles": [
                {
                    "eventId": "d1article1",
                    "title": "Major Outage Affects Oraclite's Cloud Services",
                    "content": "Reports are flooding in of a major outage affecting Oraclite's (ORCL) cloud services. The outage is impacting businesses worldwide, creating chaos and slowing operations for numerous enterprises. This shows how reliant modern business operations are on cloud services.<br>This disruption has prompted concern among investors, as it raises questions about the reliability of Oraclite's infrastructure. The company's stock has already taken a significant hit in the market as a result, reflecting the broad impact of the service interruptions.",
                    "stocks": [
                        "ORCL"
                    ],
                    "author": "Timmy Tumble",
                    "website": "Bull and Bear Circus"
                },
                {
                    "eventId": "d1article2",
                    "title": "Oraclite Acknowledges Cloud Service Outage, Promises Fix",
                    "content": "Three hours after the initial reports, Oraclite (ORCL) has issued an official statement acknowledging the cloud service outage affecting their infrastructure. The company's engineers are working around the clock to resolve the issue. While the acknowledgement has been somewhat reassuring, the damage control efforts appear insufficient to soothe investor unrest.<br>Customers and businesses impacted by the outage are expressing their frustration, and the company's stock continues to experience volatility. The outage has cast doubts on the reliability of Oraclite's cloud services, and the stock's decline reflects these growing concerns.",
                    "stocks": [
                        "ORCL"
                    ],
                    "author": "Dramatic Dana",
                    "website": "Console Carnival"
                }
            ],
            "stockMovements": [
                {
                    "eventId": "d1movement1",
                    "stock": "ORCL",
                    "change": -1.0,
                    "percent": true,
                    "delay": 240
                },
                {
                    "eventId": "d1movement2",
                    "stock": "ORCL",
                    "change": -0.8,
                    "percent": true,
                    "delay": 360
                },
                {
                    "eventId": "d1movement3",
                    "stock": "ORCL",
                    "change": -0.7,
                    "percent": true,
                    "delay": 480
                },
                {
                    "eventId": "d1movement4",
                    "stock": "ORCL",
                    "change": -0.6,
                    "percent": true,
                    "delay": 300
                },
                {
                    "eventId": "d1movement5",
                    "stock": "ORCL",
                    "change": -0.5,
                    "percent": true,
                    "delay": 420
                },
                {
                    "eventId": "d1movement6",
                    "stock": "ORCL",
                    "change": -0.4,
                    "percent": true,
                    "delay": 360
                }
            ],
            "earningsReport": [],
            "eventSequence": [
                {
                    "eventId": "d1article1",
                    "delay": 0
                },
                {
                    "eventId": "d1movement1",
                    "delay": 0
                },
                {
                    "eventId": "d1movement2",
                    "delay": 240
                },
                {
                    "eventId": "d1movement3",
                    "delay": 600
                },
                {
                    "eventId": "d1movement4",
                    "delay": 1080
                },
                {
                    "eventId": "d1movement5",
                    "delay": 1380
                },
                {
                    "eventId": "d1movement6",
                    "delay": 1800
                },
                {
                    "eventId": "d1article2",
                    "delay": 2440
                }
            ]
        },
        {
            "number": 2,
            "articles": [
                {
                    "eventId": "d2article1",
                    "title": "Oraclite Restores Cloud Services, but Dissatisfaction Lingers",
                    "content": "After a challenging day of outages, Oraclite (ORCL) has managed to restore its cloud services. However, the recovery has not been smooth. Many businesses are reporting ongoing issues and expressing dissatisfaction with the overall responsiveness of Oraclite\u2019s support.<br>The public relations fallout from the outage is significant. Despite the technical resolution, the company's reputation has taken a hit, and investors remain cautious. The stock price is still reeling from the impact of the service disruptions, reflecting continued unease about the company's reliability moving forward.",
                    "stocks": [
                        "ORCL"
                    ],
                    "author": "Carl Calamity",
                    "website": "Moolah Misfits"
                },
                {
                    "eventId": "d2article2",
                    "title": "Analysts Warn of Potential Customer Loss for Oraclite",
                    "content": "Four hours after Oraclite (ORCL) restored its cloud services, analysts are cautioning about the potential long-term ramifications of the outage. The reliability issues exposed by this event could lead businesses to reconsider their cloud service providers.<br>Market experts are warning that customer dissatisfaction could translate into lost contracts and reduced market share for Oraclite. As the company grapples with the fallout, its stock continues to experience significant declines, reflecting investor concerns about its future growth prospects.",
                    "stocks": [
                        "ORCL"
                    ],
                    "author": "Sensational Sue",
                    "website": "Market Madness"
                }
            ],
            "stockMovements": [
                {
                    "eventId": "d2movement1",
                    "stock": "ORCL",
                    "change": -0.7,
                    "percent": true,
                    "delay": 300
                },
                {
                    "eventId": "d2movement2",
                    "stock": "ORCL",
                    "change": -0.6,
                    "percent": true,
                    "delay": 180
                },
                {
                    "eventId": "d2movement3",
                    "stock": "ORCL",
                    "change": -0.7,
                    "percent": true,
                    "delay": 240
                },
                {
                    "eventId": "d2movement4",
                    "stock": "ORCL",
                    "change": -1.0,
                    "percent": true,
                    "delay": 240
                },
                {
                    "eventId": "d2movement5",
                    "stock": "ORCL",
                    "change": -0.9,
                    "percent": true,
                    "delay": 360
                },
                {
                    "eventId": "d2movement6",
                    "stock": "ORCL",
                    "change": -0.6,
                    "percent": true,
                    "delay": 180
                }
            ],
            "earningsReport": [],
            "eventSequence": [
                {
                    "eventId": "d2article1",
                    "delay": 0
                },
                {
                    "eventId": "d2movement1",
                    "delay": 0
                },
                {
                    "eventId": "d2movement2",
                    "delay": 300
                },
                {
                    "eventId": "d2movement3",
                    "delay": 480
                },
                {
                    "eventId": "d2movement4",
                    "delay": 720
                },
                {
                    "eventId": "d2movement5",
                    "delay": 960
                },
                {
                    "eventId": "d2movement6",
                    "delay": 1320
                },
                {
                    "eventId": "d2article2",
                    "delay": 1500
                }
            ]
        }
    ],
    "categories": [
        "tech",
        "cloud_services"
    ],
    "timeFrame": 2
}