{
    "id": "oraclite_cloud_platform_issues",
    "title": "Oraclite Faces Technical Issues with New Cloud Platform",
    "canRepeat": false,
    "description": "Oraclite is facing significant technical issues with its newly launched cloud platform. Despite initial stock dips, the company assures quick fixes.",
    "days": [
        {
            "number": 1,
            "articles": [
                {
                    "eventId": "d1article1",
                    "title": "Oraclite's New Cloud Platform Stumbles Right Out of the Gate",
                    "content": "Oraclite (ORCL) has encountered significant technical issues with the launch of its new cloud platform, causing a wave of user complaints. The company launched the platform amid much fanfare, but early adopters are reporting problems ranging from service interruptions to data access errors. The issues are serious enough that many businesses have started looking for alternative solutions, causing concern among investors.",
                    "stocks": [
                        "ORCL"
                    ],
                    "author": "Gary Glitch",
                    "website": "Silicon Circus"
                },
                {
                    "eventId": "d1article2",
                    "title": "Oraclite Scrambles to Address Cloud Platform Issues, Promises Quick Fix",
                    "content": "Amid growing concerns over the technical issues with its new cloud platform, Oraclite (ORCL) has issued a statement acknowledging the problems and promising rapid resolutions. According to company officials, the technical team is working around the clock to identify the root causes and deploy fixes. Some industry analysts believe that while the initial hiccup is damaging, Oraclite's prompt response may mitigate long-term impacts on their stock and reputation.",
                    "stocks": [
                        "ORCL"
                    ],
                    "author": "Toby Techie",
                    "website": "Byte Banter"
                }
            ],
            "stockMovements": [
                {
                    "eventId": "d1movement1",
                    "stock": "ORCL",
                    "change": -1.0,
                    "percent": true,
                    "delay": 100
                },
                {
                    "eventId": "d1movement2",
                    "stock": "ORCL",
                    "change": -1.0,
                    "percent": true,
                    "delay": 200
                },
                {
                    "eventId": "d1movement3",
                    "stock": "ORCL",
                    "change": -1.0,
                    "percent": true,
                    "delay": 300
                },
                {
                    "eventId": "d1movement4",
                    "stock": "ORCL",
                    "change": 0.5,
                    "percent": true,
                    "delay": 100
                },
                {
                    "eventId": "d1movement5",
                    "stock": "ORCL",
                    "change": 0.5,
                    "percent": true,
                    "delay": 200
                },
                {
                    "eventId": "d1movement6",
                    "stock": "ORCL",
                    "change": 0.5,
                    "percent": true,
                    "delay": 300
                }
            ],
            "earningsReport": [],
            "eventSequence": [
                {
                    "eventId": "d1article1",
                    "delay": 0
                },
                {
                    "eventId": "d1movement1",
                    "delay": 0
                },
                {
                    "eventId": "d1movement2",
                    "delay": 100
                },
                {
                    "eventId": "d1movement3",
                    "delay": 300
                },
                {
                    "eventId": "d1article2",
                    "delay": 6800
                },
                {
                    "eventId": "d1movement4",
                    "delay": 0
                },
                {
                    "eventId": "d1movement5",
                    "delay": 100
                },
                {
                    "eventId": "d1movement6",
                    "delay": 300
                }
            ]
        },
        {
            "number": 2,
            "articles": [
                {
                    "eventId": "d2article1",
                    "title": "Oraclite's Cloud Platform Continues to Struggle, Users Report Persistent Problems",
                    "content": "Despite Oraclite's (ORCL) assurances of quick resolutions, issues with their new cloud platform persist. Users report ongoing service disruptions and technical difficulties, leading to further frustration and loss of confidence. The company's technical team is under immense pressure to resolve these problems, but the continued hiccups are taking a toll on Oraclite's reputation and stock price.",
                    "stocks": [
                        "ORCL"
                    ],
                    "author": "Sammy Security",
                    "website": "Tech Tattler"
                },
                {
                    "eventId": "d2article2",
                    "title": "Analysts: Oraclite's Technical Issues Temporary, Market Confidence to Rebound",
                    "content": "Analysts are weighing in on Oraclite's (ORCL) cloud platform debacle, predicting that the issues are temporary and the company will rebound. Experts believe that while the initial problems are damaging, Oraclite's swift action to deploy fixes and their strong market position will ultimately stabilize their stock. 'Oraclite is a giant in the tech industry; these hiccups are mere blips in the grand scheme,' stated Polly Profit, a renowned market analyst. The company's announcement of patches and updates has started to restore investor confidence, with a gradual recovery in stock prices expected.",
                    "stocks": [
                        "ORCL"
                    ],
                    "author": "Polly Profit",
                    "website": "Bull and Bear Circus"
                }
            ],
            "stockMovements": [
                {
                    "eventId": "d2movement1",
                    "stock": "ORCL",
                    "change": -0.5,
                    "percent": true,
                    "delay": 200
                },
                {
                    "eventId": "d2movement2",
                    "stock": "ORCL",
                    "change": -1.0,
                    "percent": true,
                    "delay": 300
                },
                {
                    "eventId": "d2movement3",
                    "stock": "ORCL",
                    "change": -1.0,
                    "percent": true,
                    "delay": 400
                },
                {
                    "eventId": "d2movement4",
                    "stock": "ORCL",
                    "change": 0.3,
                    "percent": true,
                    "delay": 300
                },
                {
                    "eventId": "d2movement5",
                    "stock": "ORCL",
                    "change": 0.3,
                    "percent": true,
                    "delay": 400
                },
                {
                    "eventId": "d2movement6",
                    "stock": "ORCL",
                    "change": 0.4,
                    "percent": true,
                    "delay": 500
                }
            ],
            "earningsReport": [],
            "eventSequence": [
                {
                    "eventId": "d2article1",
                    "delay": 0
                },
                {
                    "eventId": "d2movement1",
                    "delay": 0
                },
                {
                    "eventId": "d2movement2",
                    "delay": 200
                },
                {
                    "eventId": "d2movement3",
                    "delay": 500
                },
                {
                    "eventId": "d2article2",
                    "delay": 13600
                },
                {
                    "eventId": "d2movement4",
                    "delay": 0
                },
                {
                    "eventId": "d2movement5",
                    "delay": 300
                },
                {
                    "eventId": "d2movement6",
                    "delay": 700
                }
            ]
        }
    ],
    "categories": [
        "technical_issues",
        "tech_company"
    ],
    "timeFrame": 2
}