{
    "id": "oraclite_launches_next_gen_database_software",
    "title": "Oraclite Launches Next-Gen Database Software",
    "canRepeat": false,
    "description": "Oraclite launches its next-generation database software, featuring significant improvements in speed and security, which boosts investor confidence and stock price.",
    "days": [
        {
            "number": 1,
            "articles": [
                {
                    "eventId": "d1article1",
                    "title": "Rumors of Oraclite's Next-Gen Database Emerge",
                    "content": "Rumors are swirling within the tech community that Oraclite (ORCL) is on the verge of releasing a next-generation database software. Sources suggest this new iteration will bring enhanced features, focusing on increased speed, improved security, and greater efficiency for enterprise users.",
                    "stocks": [
                        "ORCL"
                    ],
                    "author": "Ned Nerdlinger",
                    "website": "Tech Tattler"
                },
                {
                    "eventId": "d1article2",
                    "title": "Oraclite Confirms Release of Next-Gen Database Software",
                    "content": "Oraclite (ORCL) has officially confirmed the release of its next-generation database software. The company highlighted significant improvements in speed and security, claiming it sets a new standard in the industry. With enhanced real-time analytics and an improved user interface, the new software aims to revolutionize data management for enterprise clients.",
                    "stocks": [
                        "ORCL"
                    ],
                    "author": "Gina Gadget",
                    "website": "Tech Tattler"
                },
                {
                    "eventId": "d1article3",
                    "title": "Positive Early Feedback for Oraclite's New Database Software",
                    "content": "Early feedback from enterprise users regarding Oraclite's (ORCL) new database software has been overwhelmingly positive. Users praised the enhanced speed, robust security features, and the intuitive user interface. This initial acclaim has given a significant boost to investor confidence.",
                    "stocks": [
                        "ORCL"
                    ],
                    "author": "Timmy Tumble",
                    "website": "Bull and Bear Circus"
                }
            ],
            "stockMovements": [
                {
                    "eventId": "d1movement1",
                    "stock": "ORCL",
                    "change": 0.5,
                    "percent": true,
                    "delay": 100
                },
                {
                    "eventId": "d1movement2",
                    "stock": "ORCL",
                    "change": 0.5,
                    "percent": true,
                    "delay": 200
                },
                {
                    "eventId": "d1movement3",
                    "stock": "ORCL",
                    "change": 0.5,
                    "percent": true,
                    "delay": 300
                },
                {
                    "eventId": "d1movement4",
                    "stock": "ORCL",
                    "change": 0.5,
                    "percent": true,
                    "delay": 400
                },
                {
                    "eventId": "d1movement5",
                    "stock": "ORCL",
                    "change": 0.75,
                    "percent": true,
                    "delay": 300
                },
                {
                    "eventId": "d1movement6",
                    "stock": "ORCL",
                    "change": 0.75,
                    "percent": true,
                    "delay": 600
                },
                {
                    "eventId": "d1movement7",
                    "stock": "ORCL",
                    "change": 0.75,
                    "percent": true,
                    "delay": 900
                },
                {
                    "eventId": "d1movement8",
                    "stock": "ORCL",
                    "change": 0.75,
                    "percent": true,
                    "delay": 1200
                },
                {
                    "eventId": "d1movement9",
                    "stock": "ORCL",
                    "change": 0.5,
                    "percent": true,
                    "delay": 200
                },
                {
                    "eventId": "d1movement10",
                    "stock": "ORCL",
                    "change": 0.5,
                    "percent": true,
                    "delay": 400
                },
                {
                    "eventId": "d1movement11",
                    "stock": "ORCL",
                    "change": 0.5,
                    "percent": true,
                    "delay": 600
                },
                {
                    "eventId": "d1movement12",
                    "stock": "ORCL",
                    "change": 0.5,
                    "percent": true,
                    "delay": 800
                },
                {
                    "eventId": "d1movement13",
                    "stock": "ORCL",
                    "change": 0.5,
                    "percent": true,
                    "delay": 1000
                }
            ],
            "earningsReport": [],
            "eventSequence": [
                {
                    "eventId": "d1article1",
                    "delay": 0
                },
                {
                    "eventId": "d1movement1",
                    "delay": 0
                },
                {
                    "eventId": "d1movement2",
                    "delay": 100
                },
                {
                    "eventId": "d1movement3",
                    "delay": 200
                },
                {
                    "eventId": "d1movement4",
                    "delay": 300
                },
                {
                    "eventId": "d1article2",
                    "delay": 6200
                },
                {
                    "eventId": "d1movement5",
                    "delay": 0
                },
                {
                    "eventId": "d1movement6",
                    "delay": 300
                },
                {
                    "eventId": "d1movement7",
                    "delay": 600
                },
                {
                    "eventId": "d1movement8",
                    "delay": 900
                },
                {
                    "eventId": "d1article3",
                    "delay": 9300
                },
                {
                    "eventId": "d1movement9",
                    "delay": 0
                },
                {
                    "eventId": "d1movement10",
                    "delay": 200
                },
                {
                    "eventId": "d1movement11",
                    "delay": 400
                },
                {
                    "eventId": "d1movement12",
                    "delay": 600
                },
                {
                    "eventId": "d1movement13",
                    "delay": 800
                }
            ]
        }
    ],
    "categories": [
        "software_release",
        "technology"
    ],
    "timeFrame": 1
}