{
    "id": "oraclite_faces_lawsuit_over_software_licensing",
    "title": "Oraclite Faces Lawsuit Over Software Licensing",
    "canRepeat": false,
    "description": "Oraclite faces a major lawsuit for alleged unfair software licensing practices, causing their stock to plummet.",
    "days": [
        {
            "number": 1,
            "articles": [
                {
                    "eventId": "d1article1",
                    "title": "Oraclite Hit with Major Software Licensing Lawsuit",
                    "content": "Oraclite (ORCL) is facing a major lawsuit over alleged unfair software licensing practices. The lawsuit, filed by a coalition of companies, claims that Oraclite's licensing agreements are restrictive and anti-competitive, potentially violating antitrust laws. The news has sent shockwaves through the tech industry, with many investors expressing concern over the potential financial impact on Oraclite.",
                    "stocks": [
                        "ORCL"
                    ],
                    "author": "Polly Profit",
                    "website": "Bull and Bear Circus"
                }
            ],
            "stockMovements": [
                {
                    "eventId": "d1movement1",
                    "stock": "ORCL",
                    "change": -1.0,
                    "percent": true
                },
                {
                    "eventId": "d1movement2",
                    "stock": "ORCL",
                    "change": -1.0,
                    "percent": true
                },
                {
                    "eventId": "d1movement3",
                    "stock": "ORCL",
                    "change": -1.0,
                    "percent": true
                }
            ],
            "eventSequence": [
                {
                    "eventId": "d1article1",
                    "delay": 0
                },
                {
                    "eventId": "d1movement1",
                    "delay": 100
                },
                {
                    "eventId": "d1movement2",
                    "delay": 200
                },
                {
                    "eventId": "d1movement3",
                    "delay": 300
                }
            ]
        },
        {
            "number": 1,
            "articles": [
                {
                    "eventId": "d1article2",
                    "title": "Oraclite Responds to Lawsuit Allegations",
                    "content": "Two hours after reports of the lawsuit surfaced, Oraclite (ORCL) issued a statement acknowledging the legal action taken against them. The company vehemently denies any wrongdoing and promises to contest the allegations in court. Oraclite's legal team is confident that they will prevail, but the stock has already reacted negatively to the news.",
                    "stocks": [
                        "ORCL"
                    ],
                    "author": "Diana Data",
                    "website": "Silicon Circus"
                }
            ],
            "stockMovements": [
                {
                    "eventId": "d1movement4",
                    "stock": "ORCL",
                    "change": -0.5,
                    "percent": true
                },
                {
                    "eventId": "d1movement5",
                    "stock": "ORCL",
                    "change": -0.5,
                    "percent": true
                },
                {
                    "eventId": "d1movement6",
                    "stock": "ORCL",
                    "change": -0.5,
                    "percent": true
                }
            ],
            "eventSequence": [
                {
                    "eventId": "d1article2",
                    "delay": 6600
                },
                {
                    "eventId": "d1movement4",
                    "delay": 100
                },
                {
                    "eventId": "d1movement5",
                    "delay": 200
                },
                {
                    "eventId": "d1movement6",
                    "delay": 300
                }
            ]
        },
        {
            "number": 1,
            "articles": [
                {
                    "eventId": "d1article3",
                    "title": "Analysts Predict Financial Impact of Oraclite Lawsuit",
                    "content": "Four hours after Oraclite's acknowledgment of the lawsuit, industry analysts have begun to predict the potential financial impact. Some analysts are estimating that Oraclite could face substantial fines and legal fees if the lawsuit is successful. This uncertainty has further rattled investors, causing Oraclite's stock to fall even more sharply.",
                    "stocks": [
                        "ORCL"
                    ],
                    "author": "Oliver Obsolete",
                    "website": "Tech Tattler"
                }
            ],
            "stockMovements": [
                {
                    "eventId": "d1movement7",
                    "stock": "ORCL",
                    "change": -1.0,
                    "percent": true
                },
                {
                    "eventId": "d1movement8",
                    "stock": "ORCL",
                    "change": -1.0,
                    "percent": true
                },
                {
                    "eventId": "d1movement9",
                    "stock": "ORCL",
                    "change": -1.5,
                    "percent": true
                }
            ],
            "eventSequence": [
                {
                    "eventId": "d1article3",
                    "delay": 13800
                },
                {
                    "eventId": "d1movement7",
                    "delay": 100
                },
                {
                    "eventId": "d1movement8",
                    "delay": 200
                },
                {
                    "eventId": "d1movement9",
                    "delay": 300
                }
            ]
        }
    ],
    "categories": [
        "legal_issues",
        "technology"
    ],
    "timeFrame": 1
}