{
    "id": "oraclite_introduces_ai_powered_analytics",
    "title": "Oraclite Introduces AI-Powered Analytics",
    "canRepeat": false,
    "description": "Oraclite introduces AI-powered analytics to its database software, initially boosting the stock but later facing privacy concerns before recovering.",
    "days": [
        {
            "number": 1,
            "articles": [
                {
                    "eventId": "d1article1",
                    "title": "Rumors Emerge About Oraclite's New AI-Powered Analytics",
                    "content": "Rumors have surfaced that Oraclite (ORCL) is preparing to introduce AI-powered analytics to its database software. Industry insiders suggest that this new feature could provide deeper insights and increase operational efficiency, potentially revolutionizing the field.",
                    "stocks": [
                        "ORCL"
                    ],
                    "author": "Gina Gadget",
                    "website": "Tech Tattler"
                },
                {
                    "eventId": "d1article2",
                    "title": "Oraclite Unveils AI-Powered Feature for Database Software",
                    "content": "Oraclite (ORCL) has officially unveiled a new AI-powered analytics feature for its database software. The innovative feature promises to deliver deeper insights and heightened efficiency, which has excited both industry experts and investors.",
                    "stocks": [
                        "ORCL"
                    ],
                    "author": "Diana Data",
                    "website": "Silicon Circus"
                },
                {
                    "eventId": "d1article3",
                    "title": "Privacy Advocates Raise Concerns Over Oraclite's New AI Feature",
                    "content": "Despite the excitement surrounding Oraclite's (ORCL) new AI-powered analytics feature, privacy advocates have raised concerns about how user data will be handled. They question the transparency and security measures in place, leading to a slight dip in ORCL stock.",
                    "stocks": [
                        "ORCL"
                    ],
                    "author": "Sammy Security",
                    "website": "Tech Tattler"
                },
                {
                    "eventId": "d1article4",
                    "title": "Oraclite Reassures Users with Enhanced Transparency",
                    "content": "In response to privacy concerns, Oraclite (ORCL) has announced new transparency measures to reassure users about the safety of their data. The company has committed to providing detailed reports about data usage and security protocols, helping to recover its stock value.",
                    "stocks": [
                        "ORCL"
                    ],
                    "author": "Toby Techie",
                    "website": "Byte Banter"
                }
            ],
            "stockMovements": [
                {
                    "eventId": "d1movement1",
                    "stock": "ORCL",
                    "change": 0.8,
                    "percent": true
                },
                {
                    "eventId": "d1movement2",
                    "stock": "ORCL",
                    "change": 0.8,
                    "percent": true
                },
                {
                    "eventId": "d1movement3",
                    "stock": "ORCL",
                    "change": 0.4,
                    "percent": true
                },
                {
                    "eventId": "d1movement4",
                    "stock": "ORCL",
                    "change": 0.5,
                    "percent": true
                },
                {
                    "eventId": "d1movement5",
                    "stock": "ORCL",
                    "change": 1.0,
                    "percent": true
                },
                {
                    "eventId": "d1movement6",
                    "stock": "ORCL",
                    "change": 1.0,
                    "percent": true
                },
                {
                    "eventId": "d1movement7",
                    "stock": "ORCL",
                    "change": 0.5,
                    "percent": true
                },
                {
                    "eventId": "d1movement8",
                    "stock": "ORCL",
                    "change": 0.5,
                    "percent": true
                },
                {
                    "eventId": "d1movement9",
                    "stock": "ORCL",
                    "change": 0.5,
                    "percent": true
                },
                {
                    "eventId": "d1movement10",
                    "stock": "ORCL",
                    "change": -0.5,
                    "percent": true
                },
                {
                    "eventId": "d1movement11",
                    "stock": "ORCL",
                    "change": -0.5,
                    "percent": true
                },
                {
                    "eventId": "d1movement12",
                    "stock": "ORCL",
                    "change": -0.5,
                    "percent": true
                },
                {
                    "eventId": "d1movement13",
                    "stock": "ORCL",
                    "change": -0.5,
                    "percent": true
                },
                {
                    "eventId": "d1movement14",
                    "stock": "ORCL",
                    "change": 0.5,
                    "percent": true
                },
                {
                    "eventId": "d1movement15",
                    "stock": "ORCL",
                    "change": 0.5,
                    "percent": true
                },
                {
                    "eventId": "d1movement16",
                    "stock": "ORCL",
                    "change": 0.5,
                    "percent": true
                }
            ],
            "earningsReport": [],
            "eventSequence": [
                {
                    "eventId": "d1article1",
                    "delay": 3600
                },
                {
                    "eventId": "d1movement1",
                    "delay": 300
                },
                {
                    "eventId": "d1movement2",
                    "delay": 300
                },
                {
                    "eventId": "d1movement3",
                    "delay": 300
                },
                {
                    "eventId": "d1movement4",
                    "delay": 300
                },
                {
                    "eventId": "d1article2",
                    "delay": 3600
                },
                {
                    "eventId": "d1movement5",
                    "delay": 300
                },
                {
                    "eventId": "d1movement6",
                    "delay": 300
                },
                {
                    "eventId": "d1movement7",
                    "delay": 300
                },
                {
                    "eventId": "d1movement8",
                    "delay": 300
                },
                {
                    "eventId": "d1movement9",
                    "delay": 300
                },
                {
                    "eventId": "d1article3",
                    "delay": 3600
                },
                {
                    "eventId": "d1movement10",
                    "delay": 300
                },
                {
                    "eventId": "d1movement11",
                    "delay": 300
                },
                {
                    "eventId": "d1movement12",
                    "delay": 300
                },
                {
                    "eventId": "d1movement13",
                    "delay": 300
                },
                {
                    "eventId": "d1movement14",
                    "delay": 300
                },
                {
                    "eventId": "d1movement15",
                    "delay": 300
                },
                {
                    "eventId": "d1article4",
                    "delay": 3600
                }
            ]
        }
    ],
    "categories": [
        "technology",
        "market_trends"
    ],
    "timeFrame": 1
}