{
    "id": "tessler_expands_solar_production",
    "title": "Tessler Expands Solar Panel Production",
    "canRepeat": false,
    "description": "Tessler Motors announces expansion of its solar panel production to meet growing demand, resulting in positive market reactions.",
    "days": [
        {
            "number": 1,
            "articles": [
                {
                    "eventId": "d1article1",
                    "title": "Rumors Swirl About Tessler Motors Expanding Solar Panel Production",
                    "content": "Exciting rumors are circulating that Tessler Motors (TSLR) is planning to ramp up its solar panel production significantly. Insiders suggest that this move is aimed at meeting the ever-increasing demand for renewable energy solutions. While no official statement has been made yet, industry analysts are already buzzing with anticipation about the potential positive impact on the company's future.",
                    "stocks": [
                        "TSLR"
                    ],
                    "author": "Gina Gadget",
                    "website": "Tech Tattler"
                },
                {
                    "eventId": "d1article2",
                    "title": "Tessler Motors Confirms Major Expansion in Solar Panel Production",
                    "content": "Tessler Motors (TSLR) has officially confirmed the expansion of its solar panel production. In a statement released today, the company announced its plans to scale up manufacturing operations to meet the growing demand for renewable energy. CEO Elon Tessla highlighted the company's commitment to accelerating the transition to sustainable energy and expressed confidence that this strategic move will strengthen Tessler's market position significantly.",
                    "stocks": [
                        "TSLR"
                    ],
                    "author": "Diana Data",
                    "website": "Silicon Circus"
                }
            ],
            "stockMovements": [
                {
                    "eventId": "d1movement1",
                    "stock": "TSLR",
                    "change": 0.6,
                    "percent": true,
                    "delay": 200
                },
                {
                    "eventId": "d1movement2",
                    "stock": "TSLR",
                    "change": 0.7,
                    "percent": true,
                    "delay": 200
                },
                {
                    "eventId": "d1movement3",
                    "stock": "TSLR",
                    "change": 0.7,
                    "percent": true,
                    "delay": 150
                },
                {
                    "eventId": "d1movement4",
                    "stock": "TSLR",
                    "change": 0.5,
                    "percent": true,
                    "delay": 150
                },
                {
                    "eventId": "d1movement5",
                    "stock": "TSLR",
                    "change": 2.5,
                    "percent": true,
                    "delay": 6500
                }
            ],
            "earningsReport": [],
            "eventSequence": [
                {
                    "eventId": "d1article1",
                    "delay": 0
                },
                {
                    "eventId": "d1movement1",
                    "delay": 200
                },
                {
                    "eventId": "d1movement2",
                    "delay": 200
                },
                {
                    "eventId": "d1movement3",
                    "delay": 150
                },
                {
                    "eventId": "d1movement4",
                    "delay": 150
                },
                {
                    "eventId": "d1article2",
                    "delay": 6500
                }
            ]
        },
        {
            "number": 2,
            "articles": [
                {
                    "eventId": "d2article1",
                    "title": "Analysts Praise Tessler's Strategic Move into Solar Panel Production",
                    "content": "Industry analysts are praising Tessler Motors (TSLR) following the company's recent announcement to expand its solar panel production. According to experts, this decision positions Tessler to capture a significant share of the burgeoning renewable energy market. The analysts highlighted that the growing consumer demand for sustainable energy solutions presents a huge opportunity for Tessler to drive long-term growth and profitability.",
                    "stocks": [
                        "TSLR"
                    ],
                    "author": "Peter Processor",
                    "website": "Silicon Circus"
                },
                {
                    "eventId": "d2article2",
                    "title": "High Early Adoption Rates Boost Confidence in Tessler's New Solar Panels",
                    "content": "Tessler Motors (TSLR) is already seeing high early adoption rates for its newly expanded solar panel production line. Early reports indicate that both residential and commercial customers are rapidly placing orders, driven by the product's superior efficiency and competitive pricing. This early success has further boosted investor confidence, with many analysts predicting strong upward momentum for Tessler's stock in the near future.",
                    "stocks": [
                        "TSLR"
                    ],
                    "author": "Ned Nerdlinger",
                    "website": "Tech Tattler"
                }
            ],
            "stockMovements": [
                {
                    "eventId": "d2movement1",
                    "stock": "TSLR",
                    "change": 1.0,
                    "percent": true,
                    "delay": 300
                },
                {
                    "eventId": "d2movement2",
                    "stock": "TSLR",
                    "change": 1.0,
                    "percent": true,
                    "delay": 300
                },
                {
                    "eventId": "d2movement3",
                    "stock": "TSLR",
                    "change": 1.0,
                    "percent": true,
                    "delay": 300
                },
                {
                    "eventId": "d2movement4",
                    "stock": "TSLR",
                    "change": 0.6,
                    "percent": true,
                    "delay": 200
                },
                {
                    "eventId": "d2movement5",
                    "stock": "TSLR",
                    "change": 0.6,
                    "percent": true,
                    "delay": 200
                },
                {
                    "eventId": "d2movement6",
                    "stock": "TSLR",
                    "change": 0.6,
                    "percent": true,
                    "delay": 200
                },
                {
                    "eventId": "d2movement7",
                    "stock": "TSLR",
                    "change": 0.7,
                    "percent": true,
                    "delay": 150
                }
            ],
            "earningsReport": [],
            "eventSequence": [
                {
                    "eventId": "d2article1",
                    "delay": 0
                },
                {
                    "eventId": "d2movement1",
                    "delay": 300
                },
                {
                    "eventId": "d2movement2",
                    "delay": 300
                },
                {
                    "eventId": "d2movement3",
                    "delay": 300
                },
                {
                    "eventId": "d2movement4",
                    "delay": 200
                },
                {
                    "eventId": "d2movement5",
                    "delay": 200
                },
                {
                    "eventId": "d2movement6",
                    "delay": 200
                },
                {
                    "eventId": "d2article2",
                    "delay": 13900
                }
            ]
        }
    ],
    "categories": [
        "stock_up",
        "renewable_energy"
    ],
    "timeFrame": 2
}