{
    "id": "tessler_faces_quality_control_issues",
    "title": "Tessler Faces Quality Control Issues",
    "canRepeat": false,
    "description": "Tessler faces quality control issues with their latest model, leading to a series of stock fluctuations as the narrative unfolds.",
    "days": [
        {
            "number": 1,
            "articles": [
                {
                    "eventId": "d1article1",
                    "title": "Tessler's Quality Control Nightmares",
                    "content": "Reports have surfaced about significant quality control issues with Tessler's newest model, the Tessler T. According to multiple user reviews and early adopters, there are widespread complaints about the vehicle's assembly and electronic systems. The company, which prides itself on innovation and reliability, finds itself in an embarrassing position. These issues could tarnish Tessler's image and impact its market position heavily.\n\nInitial feedback indicates that common problems include malfunctioning touchscreen displays, unresponsive regenerative braking, and loose fittings inside the interior cabin. The number of defects reported within the first few weeks hints at a potential systemic issue in Tessler's manufacturing process or supply chain.\n\nMarket analysts have already started downgrading their ratings, and investor confidence is shaken, reflecting negatively on the stock price.",
                    "stocks": [
                        "TSLR"
                    ],
                    "author": "Diana Data",
                    "website": "SiliconCircus.com"
                }
            ],
            "stockMovements": [
                {
                    "eventId": "d1movement1_1",
                    "stock": "TSLR",
                    "change": -1.0,
                    "percent": true,
                    "delay": 300
                },
                {
                    "eventId": "d1movement1_2",
                    "stock": "TSLR",
                    "change": -1.0,
                    "percent": true,
                    "delay": 300
                },
                {
                    "eventId": "d1movement1_3",
                    "stock": "TSLR",
                    "change": -1.0,
                    "percent": true,
                    "delay": 5600
                }
            ],
            "earningsReport": [],
            "eventSequence": [
                {
                    "eventId": "d1article1",
                    "delay": 0
                },
                {
                    "eventId": "d1movement1_1",
                    "delay": 0
                },
                {
                    "eventId": "d1movement1_2",
                    "delay": 300
                },
                {
                    "eventId": "d1movement1_3",
                    "delay": 300
                },
                {
                    "eventId": "d1article2",
                    "delay": 5600
                }
            ]
        },
        {
            "number": 1,
            "articles": [
                {
                    "eventId": "d1article2",
                    "title": "Tessler Acknowledges Quality Control Issues",
                    "content": "In a recent press release, Tessler acknowledged the quality control issues that have plagued their latest model, the Tessler T. The company's CEO stated that the problems are being addressed swiftly and efficiently, aiming to reassure both customers and investors. Tessler has committed to resolving the issues quickly, with recalls and software updates already in motion.\n\nInterestingly, the company highlighted its transparency as a core value, ensuring that all affected customers are kept in the loop. This approach is intended to rebuild confidence and demonstrate the company's commitment to quality and customer service. Despite the initial shock, some experts believe that Tessler's proactive response could mitigate long-term damage.\n\nNonetheless, the stock market remains volatile, reflecting cautious optimism about the company's ability to overcome this hiccup.",
                    "stocks": [
                        "TSLR"
                    ],
                    "author": "Timmy Tumble",
                    "website": "BullAndBearCircus.com"
                }
            ],
            "stockMovements": [
                {
                    "eventId": "d1movement2_1",
                    "stock": "TSLR",
                    "change": 0.75,
                    "percent": true,
                    "delay": 300
                },
                {
                    "eventId": "d1movement2_2",
                    "stock": "TSLR",
                    "change": 0.75,
                    "percent": true,
                    "delay": 600
                }
            ],
            "earningsReport": [],
            "eventSequence": [
                {
                    "eventId": "d1article2",
                    "delay": 0
                },
                {
                    "eventId": "d1movement2_1",
                    "delay": 0
                },
                {
                    "eventId": "d1movement2_2",
                    "delay": 300
                },
                {
                    "eventId": "d1article3",
                    "delay": 13440
                }
            ]
        },
        {
            "number": 1,
            "articles": [
                {
                    "eventId": "d1article3",
                    "title": "Further Defects Emerge in Tessler's Model",
                    "content": "Despite efforts to address initial quality control issues, further reports of defects in Tessler's latest model have emerged. Customers are experiencing additional problems such as battery drainage, software crashes, and intermittent power loss during driving. These new revelations have added fuel to the fire, causing increased concern among investors and customers alike.\n\nThe stock market has reacted sharply to the continuous influx of negative news. With every new defect reported, confidence in Tessler's capability to manage quality control diminishes. This could lead to a more significant long-term impact on the brand's reputation if not addressed swiftly and effectively.",
                    "stocks": [
                        "TSLR"
                    ],
                    "author": "Polly Profit",
                    "website": "BullAndBearCircus.com"
                }
            ],
            "stockMovements": [
                {
                    "eventId": "d1movement3_1",
                    "stock": "TSLR",
                    "change": -0.75,
                    "percent": true,
                    "delay": 300
                },
                {
                    "eventId": "d1movement3_2",
                    "stock": "TSLR",
                    "change": -0.75,
                    "percent": true,
                    "delay": 300
                },
                {
                    "eventId": "d1movement3_3",
                    "stock": "TSLR",
                    "change": -1.0,
                    "percent": true,
                    "delay": 120
                }
            ],
            "earningsReport": [],
            "eventSequence": [
                {
                    "eventId": "d1article3",
                    "delay": 3600
                },
                {
                    "eventId": "d1movement3_1",
                    "delay": 300
                },
                {
                    "eventId": "d1movement3_2",
                    "delay": 300
                },
                {
                    "eventId": "d1movement3_3",
                    "delay": 300
                },
                {
                    "eventId": "d1article4",
                    "delay": 3600
                }
            ]
        },
        {
            "number": 1,
            "articles": [
                {
                    "eventId": "d1article4",
                    "title": "Analysts Predict Limited Long-Term Impact on Tessler",
                    "content": "Despite the ongoing quality control issues with Tessler's latest model, industry analysts are beginning to weigh in with a more measured perspective. Acknowledging the volatility and initial negative impact, analysts are now predicting a limited long-term effect on the company's overall performance. Tessler's strong brand loyalty and innovative track record suggest that the company will bounce back once these issues are resolved.\n\nExperts point to similar past incidents in the automotive industry where companies have recovered from significant setbacks through effective management and customer service initiatives. Tessler's proactive approach in addressing the defects and its commitment to maintaining transparency with its customers are seen as positive steps towards regaining trust.\n\nThis sentiment is reflected in the stock market, with Tessler's shares showing signs of stabilization after a turbulent day.",
                    "stocks": [
                        "TSLR"
                    ],
                    "author": "Polly Profit",
                    "website": "BullAndBearCircus.com"
                }
            ],
            "stockMovements": [
                {
                    "eventId": "d1movement4_1",
                    "stock": "TSLR",
                    "change": 0.5,
                    "percent": true,
                    "delay": 600
                },
                {
                    "eventId": "d1movement4_2",
                    "stock": "TSLR",
                    "change": 0.5,
                    "percent": true,
                    "delay": 360
                }
            ],
            "earningsReport": [],
            "eventSequence": [
                {
                    "eventId": "d1article4",
                    "delay": 0
                },
                {
                    "eventId": "d1movement4_1",
                    "delay": 0
                },
                {
                    "eventId": "d1movement4_2",
                    "delay": 600
                }
            ]
        }
    ],
    "categories": [
        "product_issues",
        "automotive",
        "stock_fluctuations"
    ],
    "timeFrame": 1
}