{
    "id": "tesler_introduces_new_battery_technology",
    "title": "Tessler Introduces New Battery Technology",
    "canRepeat": false,
    "description": "Tessler Motors (TSLR) experiences a rollercoaster day with rumors, confirmation, skepticism, and reassurance regarding their new battery technology.",
    "days": [
        {
            "number": 1,
            "articles": [
                {
                    "eventId": "d1article1",
                    "title": "Tessler Rumored to Introduce Advanced Battery Technology",
                    "content": "Rumors of Tessler Motors (TSLR) introducing groundbreaking battery technology spread quickly among investors. The rumors suggest a revolutionary advancement that could extend the car's range significantly. Industry experts are excited, and the stock price sees an immediate boost.",
                    "stocks": [
                        "TSLR"
                    ],
                    "author": "Polly Profit",
                    "website": "Bull and Bear Circus"
                },
                {
                    "eventId": "d1article2",
                    "title": "Tessler Confirms New Battery Technology",
                    "content": "Tessler Motors (TSLR) officially confirmed the rumors about their new battery technology. In a press statement, the company announced that the new technology promises longer range and faster charging times. Investors are thrilled with the confirmation, and the stock continues its upward trend.",
                    "stocks": [
                        "TSLR"
                    ],
                    "author": "Polly Profit",
                    "website": "Bull and Bear Circus"
                },
                {
                    "eventId": "d1article3",
                    "title": "Skepticism Arises Around Tessler's New Technology Scalability",
                    "content": "Despite the initial excitement, some skepticism about the scalability of Tessler's new battery technology arises. Analysts question whether the company can meet production demands and maintain quality. This concern causes a slight dip in the stock price.",
                    "stocks": [
                        "TSLR"
                    ],
                    "author": "Timmy Tumble",
                    "website": "Bull and Bear Circus"
                },
                {
                    "eventId": "d1article4",
                    "title": "Tessler Reassures Investors About New Battery Technology",
                    "content": "Tessler Motors (TSLR) responds to the skepticism with a detailed plan for scaling production of their new battery technology. The company reassures investors that they have the resources and infrastructure to meet demand. The stock price recovers as confidence returns.",
                    "stocks": [
                        "TSLR"
                    ],
                    "author": "Polly Profit",
                    "website": "Bull and Bear Circus"
                }
            ],
            "stockMovements": [
                {
                    "eventId": "d1movement1",
                    "stock": "TSLR",
                    "change": 1.0,
                    "percent": true,
                    "delay": 60
                },
                {
                    "eventId": "d1movement2",
                    "stock": "TSLR",
                    "change": 0.8,
                    "percent": true,
                    "delay": 180
                },
                {
                    "eventId": "d1movement3",
                    "stock": "TSLR",
                    "change": 0.7,
                    "percent": true,
                    "delay": 270
                },
                {
                    "eventId": "d2movement1",
                    "stock": "TSLR",
                    "change": 1.0,
                    "percent": true,
                    "delay": 60
                },
                {
                    "eventId": "d2movement2",
                    "stock": "TSLR",
                    "change": 1.0,
                    "percent": true,
                    "delay": 150
                },
                {
                    "eventId": "d2movement3",
                    "stock": "TSLR",
                    "change": 0.8,
                    "percent": true,
                    "delay": 270
                },
                {
                    "eventId": "d2movement4",
                    "stock": "TSLR",
                    "change": 0.7,
                    "percent": true,
                    "delay": 450
                },
                {
                    "eventId": "d3movement1",
                    "stock": "TSLR",
                    "change": -0.8,
                    "percent": true,
                    "delay": 60
                },
                {
                    "eventId": "d3movement2",
                    "stock": "TSLR",
                    "change": -0.7,
                    "percent": true,
                    "delay": 150
                },
                {
                    "eventId": "d3movement3",
                    "stock": "TSLR",
                    "change": -0.5,
                    "percent": true,
                    "delay": 270
                },
                {
                    "eventId": "d4movement1",
                    "stock": "TSLR",
                    "change": 0.5,
                    "percent": true,
                    "delay": 60
                },
                {
                    "eventId": "d4movement2",
                    "stock": "TSLR",
                    "change": 0.5,
                    "percent": true,
                    "delay": 180
                },
                {
                    "eventId": "d4movement3",
                    "stock": "TSLR",
                    "change": 0.5,
                    "percent": true,
                    "delay": 270
                }
            ],
            "earningsReport": [],
            "eventSequence": [
                {
                    "eventId": "d1article1",
                    "delay": 3600
                },
                {
                    "eventId": "d1movement1",
                    "delay": 300
                },
                {
                    "eventId": "d1movement2",
                    "delay": 300
                },
                {
                    "eventId": "d1movement3",
                    "delay": 300
                },
                {
                    "eventId": "d1article2",
                    "delay": 3600
                },
                {
                    "eventId": "d2movement1",
                    "delay": 300
                },
                {
                    "eventId": "d2movement2",
                    "delay": 300
                },
                {
                    "eventId": "d2movement3",
                    "delay": 300
                },
                {
                    "eventId": "d2movement4",
                    "delay": 300
                },
                {
                    "eventId": "d1article3",
                    "delay": 3600
                },
                {
                    "eventId": "d3movement1",
                    "delay": 300
                },
                {
                    "eventId": "d3movement2",
                    "delay": 300
                },
                {
                    "eventId": "d3movement3",
                    "delay": 300
                },
                {
                    "eventId": "d1article4",
                    "delay": 3600
                },
                {
                    "eventId": "d4movement1",
                    "delay": 300
                },
                {
                    "eventId": "d4movement2",
                    "delay": 300
                },
                {
                    "eventId": "d4movement3",
                    "delay": 300
                }
            ]
        }
    ],
    "categories": [
        "tech",
        "automotive"
    ],
    "timeFrame": 1
}