{
    "id": "tslr_tessler_faces_production_delays",
    "title": "Tessler Faces Production Delays",
    "canRepeat": false,
    "description": "Tessler Motors faces significant production delays due to supply chain issues, leading to a sharp decline in its stock price.",
    "days": [
        {
            "number": 1,
            "articles": [
                {
                    "eventId": "d1article1",
                    "title": "Tessler Reports Significant Production Delays",
                    "content": "Tessler Motors (TSLR) has reported significant delays in its production lines due to unforeseen supply chain issues. The company, known for its high-performance electric vehicles, is facing challenges in meeting its production targets. These delays are expected to impact the overall availability of Tessler's popular models, causing concern among investors and customers alike.",
                    "stocks": [
                        "TSLR"
                    ],
                    "author": "Timmy Tumble",
                    "website": "Bull and Bear Circus"
                },
                {
                    "eventId": "d1article2",
                    "title": "Tessler Acknowledges Delays, Cites Supply Chain Issues",
                    "content": "In response to recent production delays, Tessler Motors (TSLR) has issued a statement acknowledging the problems and attributing them to ongoing supply chain issues. The company emphasized that it is working diligently to resolve these problems and minimize disruptions. However, the acknowledgment of these issues has done little to alleviate investor concerns, as the stock continues to decline.",
                    "stocks": [
                        "TSLR"
                    ],
                    "author": "Sammy Security",
                    "website": "Tech Tattler"
                },
                {
                    "eventId": "d1article3",
                    "title": "Analysts Predict Impact on Tessler's Quarterly Sales",
                    "content": "Analysts are now predicting a significant impact on Tessler Motors' (TSLR) quarterly sales due to the ongoing production delays. With the supply chain issues showing no immediate signs of resolution, Tessler's ability to meet its sales targets appears compromised. This prediction has further shaken investor confidence, evident in the continued drop in Tessler's stock price.",
                    "stocks": [
                        "TSLR"
                    ],
                    "author": "Greta Gamble",
                    "website": "Bull and Bear Circus"
                }
            ],
            "stockMovements": [
                {
                    "eventId": "d1movement1",
                    "stock": "TSLR",
                    "change": -2.0,
                    "percent": true
                },
                {
                    "eventId": "d1movement2",
                    "stock": "TSLR",
                    "change": -0.5,
                    "percent": true
                },
                {
                    "eventId": "d1movement3",
                    "stock": "TSLR",
                    "change": -0.5,
                    "percent": true
                },
                {
                    "eventId": "d1movement4",
                    "stock": "TSLR",
                    "change": -0.5,
                    "percent": true
                },
                {
                    "eventId": "d1movement5",
                    "stock": "TSLR",
                    "change": -1.17,
                    "percent": true
                },
                {
                    "eventId": "d1movement6",
                    "stock": "TSLR",
                    "change": -1.17,
                    "percent": true
                },
                {
                    "eventId": "d1movement7",
                    "stock": "TSLR",
                    "change": -1.16,
                    "percent": true
                }
            ],
            "earningsReport": [],
            "eventSequence": [
                {
                    "eventId": "d1article1",
                    "delay": 0
                },
                {
                    "eventId": "d1movement1",
                    "delay": 0
                },
                {
                    "eventId": "d1article2",
                    "delay": 7200
                },
                {
                    "eventId": "d1movement2",
                    "delay": 100
                },
                {
                    "eventId": "d1movement3",
                    "delay": 200
                },
                {
                    "eventId": "d1movement4",
                    "delay": 300
                },
                {
                    "eventId": "d1article3",
                    "delay": 6600
                },
                {
                    "eventId": "d1movement5",
                    "delay": 150
                },
                {
                    "eventId": "d1movement6",
                    "delay": 250
                },
                {
                    "eventId": "d1movement7",
                    "delay": 350
                }
            ]
        }
    ],
    "categories": [
        "production_delays",
        "automotive"
    ],
    "timeFrame": 1
}