{
    "id": "toyoda_faces_emission_scandal",
    "title": "Toyoda Faces Backlash Over Emission Scandal",
    "canRepeat": false,
    "description": "Toyoda faces backlash over new evidence in an emission scandal, impacting investor confidence and stock performance.",
    "days": [
        {
            "number": 1,
            "articles": [
                {
                    "eventId": "d1article1",
                    "title": "Toyoda Faces New Emission Scandal Evidence",
                    "content": "Toyoda (TYDA), a global leader in automotive manufacturing, has recently come under fire due to emerging evidence in an ongoing emission scandal. Reports have surfaced, suggesting that Toyoda might have misrepresented the emission levels of certain vehicle models, leading to widespread environmental concerns.\n\n\"It's clear as day! The Martians are behind this scandal - they're sabotaging our car companies to make Earth more eco-friendly before they invade!\" said Betty Bungle, adding a touch of her signature conspiracy theories.\n\n\"The allegations against Toyoda are technically very detailed and concerning. It appears that their latest models have discrepancies in the reported and actual emissions, leading to severe criticism from environmentalists and government bodies alike,\" reported Ned Nerdlinger.",
                    "stocks": [
                        "TYDA"
                    ],
                    "author": "Betty Bungle",
                    "website": "Cash Clown"
                }
            ],
            "stockMovements": [
                {
                    "eventId": "d1movement1",
                    "stock": "TYDA",
                    "change": -0.8,
                    "percent": true,
                    "delay": 600
                },
                {
                    "eventId": "d1movement2",
                    "stock": "TYDA",
                    "change": -0.8,
                    "percent": true,
                    "delay": 800
                },
                {
                    "eventId": "d1movement3",
                    "stock": "TYDA",
                    "change": -0.9,
                    "percent": true,
                    "delay": 1200
                }
            ],
            "earningsReport": [],
            "eventSequence": [
                {
                    "eventId": "d1article1",
                    "delay": 0
                },
                {
                    "eventId": "d1movement1",
                    "delay": 600
                },
                {
                    "eventId": "d1movement2",
                    "delay": 800
                },
                {
                    "eventId": "d1movement3",
                    "delay": 1200
                },
                {
                    "eventId": "d1article2",
                    "delay": 8200
                }
            ]
        },
        {
            "number": 2,
            "articles": [
                {
                    "eventId": "d2article1",
                    "title": "Toyoda Addresses Emission Allegations",
                    "content": "In response to the recent allegations, Toyoda has issued an official statement addressing the concerns. The automobile giant asserted that it has always maintained high standards for its vehicle emissions and an internal investigation is underway to assess the situation thoroughly.\n\n\"Toyoda claims that their internal review would unveil the truth. However, with the stock already dipping, investors have their doubts about the credibility and integrity of the company,\" stated Freddy Fortune.\n\n\"While Toyoda investigates these claims, the skepticism remains high. The cybersecurity measures around these tests are in question, raising the stakes for Toyoda to maintain trust in its brand,\" reported Sammy Security.",
                    "stocks": [
                        "TYDA"
                    ],
                    "author": "Freddy Fortune",
                    "website": "Moolah Misfits"
                }
            ],
            "stockMovements": [
                {
                    "eventId": "d2movement1",
                    "stock": "TYDA",
                    "change": -1.5,
                    "percent": true,
                    "delay": 700
                },
                {
                    "eventId": "d2movement2",
                    "stock": "TYDA",
                    "change": -1,
                    "percent": true,
                    "delay": 900
                },
                {
                    "eventId": "d2movement3",
                    "stock": "TYDA",
                    "change": -1,
                    "percent": true,
                    "delay": 1400
                }
            ],
            "earningsReport": [],
            "eventSequence": [
                {
                    "eventId": "d2article1",
                    "delay": 0
                },
                {
                    "eventId": "d2movement1",
                    "delay": 700
                },
                {
                    "eventId": "d2movement2",
                    "delay": 900
                },
                {
                    "eventId": "d2movement3",
                    "delay": 1400
                },
                {
                    "eventId": "d2article2",
                    "delay": 11400
                }
            ]
        }
    ],
    "categories": [
        "scandal",
        "automotive"
    ],
    "timeFrame": 2
}