{
    "id": "toyoda_sustainable_mobility_initiative",
    "title": "Toyoda Launches Sustainable Mobility Initiative",
    "canRepeat": false,
    "description": "Toyoda refocuses its efforts on sustainability with a new mobility initiative, creating waves in the automotive world.",
    "days": [
        {
            "number": 1,
            "articles": [
                {
                    "eventId": "d1article1",
                    "title": "Rumors Swirl about Toyoda's New Sustainable Initiative",
                    "content": "Rumors are circulating in the automotive industry about Toyoda's potential new initiative focused on sustainable mobility solutions. Insiders hint that the company is planning to make a significant announcement soon.",
                    "stocks": [
                        "TYDA"
                    ],
                    "author": "Trendy Tina",
                    "website": "Trend Tribune"
                },
                {
                    "eventId": "d1article2",
                    "title": "Toyoda Confirms Launch of Sustainable Mobility Initiative",
                    "content": "Toyoda (TYDA) has confirmed that it is launching a revolutionary new initiative aimed at promoting sustainable mobility. The firm is set to unveil a series of innovative solutions designed to reduce carbon emissions and improve environmental sustainability. This announcement has already had a positive impact on the company\u2019s stock prices.",
                    "stocks": [
                        "TYDA"
                    ],
                    "author": "Diana Data",
                    "website": "Silicon Circus"
                }
            ],
            "stockMovements": [
                {
                    "eventId": "d1movement1",
                    "stock": "TYDA",
                    "change": 1.0,
                    "percent": true
                },
                {
                    "eventId": "d1movement2",
                    "stock": "TYDA",
                    "change": 0.8,
                    "percent": true,
                    "delay": 1800
                },
                {
                    "eventId": "d1movement3",
                    "stock": "TYDA",
                    "change": 0.7,
                    "percent": true,
                    "delay": 1800
                },
                {
                    "eventId": "d1movement4",
                    "stock": "TYDA",
                    "change": 1.5,
                    "percent": true,
                    "delay": 1800
                },
                {
                    "eventId": "d1movement5",
                    "stock": "TYDA",
                    "change": 0.7,
                    "percent": true,
                    "delay": 1800
                },
                {
                    "eventId": "d1movement6",
                    "stock": "TYDA",
                    "change": 0.8,
                    "percent": true,
                    "delay": 2700
                }
            ],
            "earningsReport": [],
            "eventSequence": [
                {
                    "eventId": "d1article1",
                    "delay": 0
                },
                {
                    "eventId": "d1movement1",
                    "delay": 600
                },
                {
                    "eventId": "d1movement2",
                    "delay": 600
                },
                {
                    "eventId": "d1movement3",
                    "delay": 600
                },
                {
                    "eventId": "d1movement4",
                    "delay": 600
                },
                {
                    "eventId": "d1movement5",
                    "delay": 600
                },
                {
                    "eventId": "d1movement6",
                    "delay": 600
                },
                {
                    "eventId": "d1article2",
                    "delay": 3600
                }
            ]
        },
        {
            "number": 2,
            "articles": [
                {
                    "eventId": "d2article1",
                    "title": "Positive Feedback on Toyoda\u2019s Initiative",
                    "content": "Early feedback on Toyoda's new sustainable mobility initiative has been overwhelmingly positive. Analysts are praising the company's vision and commitment to sustainability, predicting long-term benefits for both the environment and Toyoda's financial health.",
                    "stocks": [
                        "TYDA"
                    ],
                    "author": "Greta Gamble",
                    "website": "Bull and Bear Circus"
                },
                {
                    "eventId": "d2article2",
                    "title": "Concerns Arise Over Toyoda's Execution of New Initiative",
                    "content": "Despite early praise, some industry experts are voicing concerns about the practical challenges Toyoda will face in implementing its new sustainable mobility initiative. Issues such as supply chain disruptions and technological hurdles could potentially hinder progress and impact the company's stock value.",
                    "stocks": [
                        "TYDA"
                    ],
                    "author": "Sammy Security",
                    "website": "Tech Tattler"
                }
            ],
            "stockMovements": [
                {
                    "eventId": "d2movement1",
                    "stock": "TYDA",
                    "change": 0.5,
                    "percent": true,
                    "delay": 600
                },
                {
                    "eventId": "d2movement2",
                    "stock": "TYDA",
                    "change": 0.5,
                    "percent": true,
                    "delay": 900
                },
                {
                    "eventId": "d2movement3",
                    "stock": "TYDA",
                    "change": 1.0,
                    "percent": true,
                    "delay": 600
                },
                {
                    "eventId": "d2movement4",
                    "stock": "TYDA",
                    "change": 0.4,
                    "percent": true,
                    "delay": 1200
                },
                {
                    "eventId": "d2movement5",
                    "stock": "TYDA",
                    "change": 0.4,
                    "percent": true,
                    "delay": 1500
                },
                {
                    "eventId": "d2movement6",
                    "stock": "TYDA",
                    "change": -0.5,
                    "percent": true,
                    "delay": 2400
                },
                {
                    "eventId": "d2movement7",
                    "stock": "TYDA",
                    "change": -0.8,
                    "percent": true,
                    "delay": 1800
                },
                {
                    "eventId": "d2movement8",
                    "stock": "TYDA",
                    "change": -0.7,
                    "percent": true,
                    "delay": 900
                },
                {
                    "eventId": "d2movement9",
                    "stock": "TYDA",
                    "change": -0.5,
                    "percent": true,
                    "delay": 1200
                }
            ],
            "earningsReport": [],
            "eventSequence": [
                {
                    "eventId": "d2article1",
                    "delay": 3600
                },
                {
                    "eventId": "d2movement1",
                    "delay": 300
                },
                {
                    "eventId": "d2movement2",
                    "delay": 300
                },
                {
                    "eventId": "d2movement3",
                    "delay": 300
                },
                {
                    "eventId": "d2movement4",
                    "delay": 300
                },
                {
                    "eventId": "d2movement5",
                    "delay": 300
                },
                {
                    "eventId": "d2article2",
                    "delay": 3600
                },
                {
                    "eventId": "d2movement6",
                    "delay": 300
                },
                {
                    "eventId": "d2movement7",
                    "delay": 300
                },
                {
                    "eventId": "d2movement8",
                    "delay": 300
                },
                {
                    "eventId": "d2movement9",
                    "delay": 300
                }
            ]
        },
        {
            "number": 3,
            "articles": [
                {
                    "eventId": "d3article1",
                    "title": "Toyoda Addresses Concerns about Sustainability Initiative",
                    "content": "Toyoda (TYDA) has issued a statement addressing the concerns raised over the implementation of its new sustainable mobility initiative. The company reassured stakeholders that it is committed to overcoming the challenges and fully realizing its vision for sustainability.",
                    "stocks": [
                        "TYDA"
                    ],
                    "author": "Crazy Carla",
                    "website": "Industry Insanity"
                },
                {
                    "eventId": "d3article2",
                    "title": "Analysts Lower Growth Projections for Toyoda",
                    "content": "Analysts have lowered their growth projections for Toyoda (TYDA) in light of the recent concerns over its sustainable mobility initiative. Skepticism remains high, and the stock has taken a further hit.",
                    "stocks": [
                        "TYDA"
                    ],
                    "author": "Ronnie Risk",
                    "website": "Cash Clown"
                }
            ],
            "stockMovements": [
                {
                    "eventId": "d3movement1",
                    "stock": "TYDA",
                    "change": -1.0,
                    "percent": true,
                    "delay": 600
                },
                {
                    "eventId": "d3movement2",
                    "stock": "TYDA",
                    "change": -0.9,
                    "percent": true,
                    "delay": 900
                },
                {
                    "eventId": "d3movement3",
                    "stock": "TYDA",
                    "change": -1.1,
                    "percent": true,
                    "delay": 1800
                },
                {
                    "eventId": "d3movement4",
                    "stock": "TYDA",
                    "change": -1.0,
                    "percent": true,
                    "delay": 1200
                }
            ],
            "earningsReport": [],
            "eventSequence": [
                {
                    "eventId": "d3article1",
                    "delay": 3600
                },
                {
                    "eventId": "d3movement1",
                    "delay": 300
                },
                {
                    "eventId": "d3movement2",
                    "delay": 300
                },
                {
                    "eventId": "d3movement3",
                    "delay": 300
                },
                {
                    "eventId": "d3movement4",
                    "delay": 300
                },
                {
                    "eventId": "d3article2",
                    "delay": 3600
                }
            ]
        }
    ],
    "categories": [
        "sustainability",
        "automotive",
        "stocks"
    ],
    "timeFrame": 3
}