{
    "id": "toyoda_acquires_autonomous_vehicle_startup",
    "title": "Toyoda Acquires Autonomous Vehicle Startup",
    "canRepeat": false,
    "description": "Toyoda announces revolutionary plans after acquiring a leading autonomous vehicle startup, exciting analysts and investors.",
    "days": [
        {
            "number": 1,
            "articles": [
                {
                    "eventId": "d1article1",
                    "title": "Rumors Rumbling: Toyoda\u2019s Autonomous Ambitions",
                    "content": "Whispers in the automotive industry suggest that Toyoda (TYDA) is on the brink of acquiring a notable autonomous vehicle startup. Speculation is rife about the potential for groundbreaking developments in autonomous driving technology.\n\nWhile Toyoda has remained tight-lipped about the specifics, insiders hint at massive strategic implications. The market is already buzzing with excitement, and investors are eager to see how this acquisition could redefine the future of mobility.",
                    "stocks": [
                        "TYDA"
                    ],
                    "author": "Trendy Tina",
                    "website": "Trend Tribune"
                },
                {
                    "eventId": "d1article2",
                    "title": "Toyoda Confirms Acquisition of Autonomous Driving Innovators",
                    "content": "After much speculation, Toyoda (TYDA) has officially confirmed the acquisition of an autonomous driving startup. This bold move is seen as part of Toyoda\u2019s larger strategy to innovate and dominate the future of mobility.\n\nThe acquired startup is renowned for its advancements in AI-driven vehicle technologies, which Toyoda plans to integrate into their future models. The potential for enhanced safety features, improved driving experiences, and smarter vehicle-to-everything (V2X) communication has analysts optimistic and investors bullish.",
                    "stocks": [
                        "TYDA"
                    ],
                    "author": "Sensational Sue",
                    "website": "Market Madness"
                }
            ],
            "stockMovements": [
                {
                    "eventId": "d1movement1",
                    "stock": "TYDA",
                    "change": 0.6,
                    "percent": true,
                    "delay": 180
                },
                {
                    "eventId": "d1movement2",
                    "stock": "TYDA",
                    "change": 0.7,
                    "percent": true,
                    "delay": 300
                },
                {
                    "eventId": "d1movement3",
                    "stock": "TYDA",
                    "change": 0.7,
                    "percent": true,
                    "delay": 180
                },
                {
                    "eventId": "d1movement4",
                    "stock": "TYDA",
                    "change": 1.0,
                    "percent": true,
                    "delay": 180
                },
                {
                    "eventId": "d1movement5",
                    "stock": "TYDA",
                    "change": 0.7,
                    "percent": true,
                    "delay": 300
                },
                {
                    "eventId": "d1movement6",
                    "stock": "TYDA",
                    "change": 0.8,
                    "percent": true,
                    "delay": 180
                }
            ],
            "earningsReport": [],
            "eventSequence": [
                {
                    "eventId": "d1article1",
                    "delay": 0
                },
                {
                    "eventId": "d1movement1",
                    "delay": 180
                },
                {
                    "eventId": "d1movement2",
                    "delay": 300
                },
                {
                    "eventId": "d1movement3",
                    "delay": 180
                },
                {
                    "eventId": "d1article2",
                    "delay": 6540
                },
                {
                    "eventId": "d1movement4",
                    "delay": 180
                },
                {
                    "eventId": "d1movement5",
                    "delay": 300
                },
                {
                    "eventId": "d1movement6",
                    "delay": 180
                }
            ]
        },
        {
            "number": 2,
            "articles": [
                {
                    "eventId": "d2article1",
                    "title": "Analysts Applaud Toyoda\u2019s Strategic Move",
                    "content": "Industry analysts have heaped praise on Toyoda (TYDA) for its recent acquisition of an autonomous vehicle startup. They view this strategic move as a significant step towards cementing Toyoda\u2019s presence in the future of autonomous and connected vehicles.\n\nThe acquisition is expected to accelerate Toyoda\u2019s innovation in the autonomous driving sector, positioning it strategically against competitors. Analysts predict that the integration of advanced AI technologies will result in substantial growth and a stronger foothold in the evolving automotive landscape.",
                    "stocks": [
                        "TYDA"
                    ],
                    "author": "Wacky Walter",
                    "website": "Industry Insanity"
                },
                {
                    "eventId": "d2article2",
                    "title": "Early Collaboration Details from Toyoda\u2019s New Acquisition",
                    "content": "Exciting details are emerging about the collaboration between Toyoda (TYDA) and its newly acquired autonomous vehicle startup. Initial plans indicate a seamless integration of cutting-edge AI technologies into Toyoda's upcoming models.\n\nInvestors are thrilled by the potential for innovative features, such as advanced driver-assistance systems (ADAS) and smarter V2X communications. The collaborative effort is expected to drive Toyoda\u2019s stock further up, reflecting growing confidence in the company\u2019s vision for the future of mobility.",
                    "stocks": [
                        "TYDA"
                    ],
                    "author": "Ivy Investor",
                    "website": "Moolah Misfits"
                }
            ],
            "stockMovements": [
                {
                    "eventId": "d2movement1",
                    "stock": "TYDA",
                    "change": 1.0,
                    "percent": true,
                    "delay": 180
                },
                {
                    "eventId": "d2movement2",
                    "stock": "TYDA",
                    "change": 1.0,
                    "percent": true,
                    "delay": 300
                },
                {
                    "eventId": "d2movement3",
                    "stock": "TYDA",
                    "change": 1.0,
                    "percent": true,
                    "delay": 180
                },
                {
                    "eventId": "d2movement4",
                    "stock": "TYDA",
                    "change": 1.0,
                    "percent": true,
                    "delay": 180
                },
                {
                    "eventId": "d2movement5",
                    "stock": "TYDA",
                    "change": 0.8,
                    "percent": true,
                    "delay": 300
                },
                {
                    "eventId": "d2movement6",
                    "stock": "TYDA",
                    "change": 0.7,
                    "percent": true,
                    "delay": 180
                }
            ],
            "earningsReport": [],
            "eventSequence": [
                {
                    "eventId": "d2article1",
                    "delay": 0
                },
                {
                    "eventId": "d2movement1",
                    "delay": 180
                },
                {
                    "eventId": "d2movement2",
                    "delay": 300
                },
                {
                    "eventId": "d2movement3",
                    "delay": 180
                },
                {
                    "eventId": "d2article2",
                    "delay": 12840
                },
                {
                    "eventId": "d2movement4",
                    "delay": 180
                },
                {
                    "eventId": "d2movement5",
                    "delay": 300
                },
                {
                    "eventId": "d2movement6",
                    "delay": 180
                }
            ]
        }
    ],
    "categories": [
        "technology_acquisition",
        "automotive"
    ],
    "timeFrame": 2
}