{
    "id": "toyoda_faces_backlash_over_high_end_model_pricing",
    "title": "Toyoda Faces Backlash Over High-End Model Pricing",
    "canRepeat": false,
    "description": "Toyoda is facing backlash over the high pricing of its new high-end models. The company's stock experiences volatility as it responds to the news and consumer reactions.",
    "days": [
        {
            "number": 1,
            "articles": [
                {
                    "eventId": "d1article1",
                    "title": "Toyoda Faces Consumer Backlash Over Pricing",
                    "content": "Reports have surfaced indicating substantial consumer backlash over the steep pricing of Toyoda's latest high-end models. Many consumers expressed their dissatisfaction on various social media platforms, criticizing the affordability of these new vehicles.",
                    "stocks": [
                        "TYDA"
                    ],
                    "author": "Polly Profit",
                    "website": "Bull and Bear Circus"
                },
                {
                    "eventId": "d1article2",
                    "title": "Toyoda Defends Pricing Strategy Amid Backlash",
                    "content": "In response to the consumer backlash, Toyoda has defended its pricing strategy, stating that the high-end models offer unmatched features and cutting-edge technology that justify the cost. The company assured consumers and investors alike that these models represent significant advancements.",
                    "stocks": [
                        "TYDA"
                    ],
                    "author": "Holly Hacker",
                    "website": "Byte Banter"
                },
                {
                    "eventId": "d1article3",
                    "title": "Consumer Dissatisfaction with Toyoda Persists",
                    "content": "Despite Toyoda's defense, further dissatisfaction has emerged among consumers, with many feeling that the company's explanation falls short. This continued unrest has caused another dip in the company's stock as more feedback pours in.",
                    "stocks": [
                        "TYDA"
                    ],
                    "author": "Greta Gamble",
                    "website": "Bull and Bear Circus"
                },
                {
                    "eventId": "d1article4",
                    "title": "Analysts Predict Limited Long-Term Impact on Toyoda",
                    "content": "Though Toyoda's stock has experienced volatility due to recent consumer backlash, analysts predict that the long-term impact on the company will be limited. They believe that Toyoda's robust reputation and technological innovations will aid in overcoming this temporary setback.",
                    "stocks": [
                        "TYDA"
                    ],
                    "author": "Ned Nerdlinger",
                    "website": "Tech Tattler"
                }
            ],
            "stockMovements": [
                {
                    "eventId": "d1movement1",
                    "stock": "TYDA",
                    "change": -1.0,
                    "percent": true,
                    "delay": 100
                },
                {
                    "eventId": "d1movement2",
                    "stock": "TYDA",
                    "change": -1.0,
                    "percent": true,
                    "delay": 100
                },
                {
                    "eventId": "d1movement3",
                    "stock": "TYDA",
                    "change": -1.0,
                    "percent": true,
                    "delay": 100
                },
                {
                    "eventId": "d1movement4",
                    "stock": "TYDA",
                    "change": 0.75,
                    "percent": true,
                    "delay": 10
                },
                {
                    "eventId": "d1movement5",
                    "stock": "TYDA",
                    "change": 0.75,
                    "percent": true,
                    "delay": 20
                },
                {
                    "eventId": "d1movement6",
                    "stock": "TYDA",
                    "change": -1.25,
                    "percent": true,
                    "delay": 100
                },
                {
                    "eventId": "d1movement7",
                    "stock": "TYDA",
                    "change": -1.25,
                    "percent": true,
                    "delay": 100
                },
                {
                    "eventId": "d1movement8",
                    "stock": "TYDA",
                    "change": 0.5,
                    "percent": true,
                    "delay": 10
                },
                {
                    "eventId": "d1movement9",
                    "stock": "TYDA",
                    "change": 0.5,
                    "percent": true,
                    "delay": 20
                }
            ],
            "earningsReport": [],
            "eventSequence": [
                {
                    "eventId": "d1article1",
                    "delay": 3600
                },
                {
                    "eventId": "d1movement1",
                    "delay": 300
                },
                {
                    "eventId": "d1movement2",
                    "delay": 300
                },
                {
                    "eventId": "d1movement3",
                    "delay": 300
                },
                {
                    "eventId": "d1article2",
                    "delay": 3600
                },
                {
                    "eventId": "d1movement4",
                    "delay": 300
                },
                {
                    "eventId": "d1movement5",
                    "delay": 300
                },
                {
                    "eventId": "d1article3",
                    "delay": 3600
                },
                {
                    "eventId": "d1movement6",
                    "delay": 300
                },
                {
                    "eventId": "d1movement7",
                    "delay": 300
                },
                {
                    "eventId": "d1article4",
                    "delay": 3600
                },
                {
                    "eventId": "d1movement8",
                    "delay": 300
                },
                {
                    "eventId": "d1movement9",
                    "delay": 300
                }
            ]
        }
    ],
    "categories": [
        "consumer_backlash",
        "automotive"
    ],
    "timeFrame": 1
}