{
    "id": "zapple_wins_major_government_contract",
    "title": "Zapple Wins Major Government Contract",
    "canRepeat": false,
    "description": "Zapple Inc. (ZAPL) has secured a major government contract for tech supplies, boosting investor confidence.",
    "days": [
        {
            "number": 1,
            "articles": [
                {
                    "eventId": "d1article1",
                    "title": "Rumors Emerge as Zapple Secures Major Government Contract",
                    "content": "Speculation is rife that Zapple Inc. (ZAPL) has clinched a significant government contract for tech supplies, sparking excitement in the market. Unconfirmed reports suggest that the contract could be of monumental value, possibly running into billions. Such a deal could potentially lead to an uptick in Zapple's stock, as investors eagerly await official confirmation. Stay tuned as we follow this developing story.",
                    "stocks": [
                        "ZAPL"
                    ],
                    "author": "Timmy Tumble",
                    "website": "Bull and Bear Circus"
                },
                {
                    "eventId": "d1article2",
                    "title": "Zapple Confirms Major Government Contract Worth Billions",
                    "content": "In a groundbreaking announcement, Zapple Inc. (ZAPL) has confirmed securing a major government contract for tech supplies, estimated to be worth billions. This monumental deal is expected to significantly bolster the company's revenues and secure its position as a leading tech supplier. Investors have reacted positively to the news, with Zapple's stock seeing an immediate surge. The company's CEO expressed immense pride and optimism for the long-term growth potential this contract brings.",
                    "stocks": [
                        "ZAPL"
                    ],
                    "author": "Polly Profit",
                    "website": "Bull and Bear Circus"
                },
                {
                    "eventId": "d1article3",
                    "title": "Analysts Predict Long-Term Growth for Zapple Post-Contract Win",
                    "content": "Following Zapple's recent announcement of securing a major government contract, analysts are predicting sustained long-term growth and stability for the tech giant. Market experts believe that this deal not only strengthens Zapple's market positioning but also opens new avenues for future contracts and collaborations. The stock is poised for prolonged positive performance, with many recommending a buy-and-hold strategy.",
                    "stocks": [
                        "ZAPL"
                    ],
                    "author": "Warren Buffoon",
                    "website": "Cash Clown"
                }
            ],
            "stockMovements": [
                {
                    "eventId": "d1movement1",
                    "stock": "ZAPL",
                    "change": 0.5,
                    "percent": true,
                    "delay": 600
                },
                {
                    "eventId": "d1movement2",
                    "stock": "ZAPL",
                    "change": 0.5,
                    "percent": true,
                    "delay": 1200
                },
                {
                    "eventId": "d1movement3",
                    "stock": "ZAPL",
                    "change": 0.5,
                    "percent": true,
                    "delay": 1800
                },
                {
                    "eventId": "d1movement4",
                    "stock": "ZAPL",
                    "change": 0.5,
                    "percent": true,
                    "delay": 2400
                },
                {
                    "eventId": "d1movement5",
                    "stock": "ZAPL",
                    "change": 0.75,
                    "percent": true,
                    "delay": 3000
                },
                {
                    "eventId": "d1movement6",
                    "stock": "ZAPL",
                    "change": 0.75,
                    "percent": true,
                    "delay": 4500
                },
                {
                    "eventId": "d1movement7",
                    "stock": "ZAPL",
                    "change": 0.75,
                    "percent": true,
                    "delay": 6000
                },
                {
                    "eventId": "d1movement8",
                    "stock": "ZAPL",
                    "change": 0.75,
                    "percent": true,
                    "delay": 7500
                },
                {
                    "eventId": "d1movement9",
                    "stock": "ZAPL",
                    "change": 0.63,
                    "percent": true,
                    "delay": 9000
                },
                {
                    "eventId": "d1movement10",
                    "stock": "ZAPL",
                    "change": 0.62,
                    "percent": true,
                    "delay": 10500
                }
            ],
            "earningsReport": [],
            "eventSequence": [
                {
                    "eventId": "d1article1",
                    "delay": 0
                },
                {
                    "eventId": "d1movement1",
                    "delay": 600
                },
                {
                    "eventId": "d1movement2",
                    "delay": 600
                },
                {
                    "eventId": "d1movement3",
                    "delay": 600
                },
                {
                    "eventId": "d1movement4",
                    "delay": 600
                },
                {
                    "eventId": "d1article2",
                    "delay": 600
                },
                {
                    "eventId": "d1movement5",
                    "delay": 600
                },
                {
                    "eventId": "d1movement6",
                    "delay": 1500
                },
                {
                    "eventId": "d1movement7",
                    "delay": 1500
                },
                {
                    "eventId": "d1movement8",
                    "delay": 1500
                },
                {
                    "eventId": "d1article3",
                    "delay": 1800
                },
                {
                    "eventId": "d1movement9",
                    "delay": 300
                },
                {
                    "eventId": "d1movement10",
                    "delay": 300
                }
            ]
        }
    ],
    "categories": [
        "government_contracts",
        "technology"
    ],
    "timeFrame": 1
}