{
    "id": "zapple_new_gaming_console_faces_major_delays",
    "title": "Zapple's New Gaming Console Faces Major Delays",
    "canRepeat": false,
    "description": "Zapple hints at revolutionary gaming console. Enthusiasm tempered by manufacturing delays and extended pre-order postponements.",
    "days": [
        {
            "number": 1,
            "articles": [
                {
                    "eventId": "d1article1",
                    "title": "Rumors Spark Around Zapple's New Gaming Console",
                    "content": "Excitement builds as Zapple hints at a novel entry into the gaming industry with an innovative console. Analysts and fans speculate on its potential impact in expanding Zapple's tech dominion.",
                    "stocks": [
                        "ZAPL"
                    ],
                    "author": "Diana Data",
                    "website": "SiliconCircus.com"
                },
                {
                    "eventId": "d1article2",
                    "title": "Zapple Takes the Gaming World by Storm with Official Console Announcement",
                    "content": "Zapple has confirmed the development of a state-of-the-art gaming console, promising groundbreaking features and exceptional performance. The official unveiling has set the tech world ablaze, with promises of redefining home entertainment.",
                    "stocks": [
                        "ZAPL"
                    ],
                    "author": "Diana Data",
                    "website": "SiliconCircus.com"
                }
            ],
            "stockMovements": [
                {
                    "eventId": "d1movement1",
                    "stock": "ZAPL",
                    "change": 1.0,
                    "percent": true,
                    "delay": 1200
                },
                {
                    "eventId": "d1movement2",
                    "stock": "ZAPL",
                    "change": 0.5,
                    "percent": true,
                    "delay": 1200
                },
                {
                    "eventId": "d1movement3",
                    "stock": "ZAPL",
                    "change": 0.5,
                    "percent": true,
                    "delay": 1200
                },
                {
                    "eventId": "d1movement4",
                    "stock": "ZAPL",
                    "change": 1.0,
                    "percent": true,
                    "delay": 1200
                },
                {
                    "eventId": "d1movement5",
                    "stock": "ZAPL",
                    "change": 1.0,
                    "percent": true,
                    "delay": 1202
                }
            ],
            "eventSequence": [
                {
                    "eventId": "d1article1",
                    "delay": 0
                },
                {
                    "eventId": "d1movement1",
                    "delay": 1
                },
                {
                    "eventId": "d1movement2",
                    "delay": 1201
                },
                {
                    "eventId": "d1movement3",
                    "delay": 2403
                },
                {
                    "eventId": "d1movement4",
                    "delay": 3606
                },
                {
                    "eventId": "d1movement5",
                    "delay": 4808
                },
                {
                    "eventId": "d1article2",
                    "delay": 1202
                }
            ]
        },
        {
            "number": 2,
            "articles": [
                {
                    "eventId": "d2article1",
                    "title": "Zapple Faces Unexpected Manufacturing Delays for New Console",
                    "content": "Reports have surfaced indicating Zapple's new gaming console is experiencing manufacturing delays, causing a stir among excited fans. While initial reports suggest these hiccups are minor, there is a growing concern over extended postponements.",
                    "stocks": [
                        "ZAPL"
                    ],
                    "author": "Diana Data",
                    "website": "SiliconCircus.com"
                },
                {
                    "eventId": "d2article2",
                    "title": "Zapple Reassures Customers Over New Console Delays",
                    "content": "Amid growing concerns, Zapple has assured its customer base that the manufacturing delays for its highly anticipated gaming console are minor and will be resolved shortly. The company is taking all necessary steps to minimize impact, and analysts remain cautiously optimistic.",
                    "stocks": [
                        "ZAPL"
                    ],
                    "author": "Diana Data",
                    "website": "SiliconCircus.com"
                }
            ],
            "stockMovements": [
                {
                    "eventId": "d2movement1",
                    "stock": "ZAPL",
                    "change": -0.5,
                    "percent": true,
                    "delay": 1200
                },
                {
                    "eventId": "d2movement2",
                    "stock": "ZAPL",
                    "change": -0.5,
                    "percent": true,
                    "delay": 1200
                },
                {
                    "eventId": "d2movement3",
                    "stock": "ZAPL",
                    "change": 0.5,
                    "percent": true,
                    "delay": 1802
                },
                {
                    "eventId": "d2movement4",
                    "stock": "ZAPL",
                    "change": 0.5,
                    "percent": true,
                    "delay": 1802
                },
                {
                    "eventId": "d2movement5",
                    "stock": "ZAPL",
                    "change": 0.5,
                    "percent": true,
                    "delay": 1211
                }
            ],
            "eventSequence": [
                {
                    "eventId": "d2article1",
                    "delay": 3600
                },
                {
                    "eventId": "d2movement1",
                    "delay": 300
                },
                {
                    "eventId": "d2movement2",
                    "delay": 300
                },
                {
                    "eventId": "d2article2",
                    "delay": 3600
                },
                {
                    "eventId": "d2movement3",
                    "delay": 300
                },
                {
                    "eventId": "d2movement4",
                    "delay": 300
                },
                {
                    "eventId": "d2movement5",
                    "delay": 300
                }
            ]
        },
        {
            "number": 3,
            "articles": [
                {
                    "eventId": "d3article1",
                    "title": "Major Setback: Zapple Confirms Six-Month Consoler Pre-order Postponement",
                    "content": "In a major development, Zapple has confirmed that its new gaming console will face a six-month pre-order postponement due to significant manufacturing delays. This is a major blow to fans who were eagerly awaiting the launch.",
                    "stocks": [
                        "ZAPL"
                    ],
                    "author": "Diana Data",
                    "website": "SiliconCircus.com"
                },
                {
                    "eventId": "d3article2",
                    "title": "Competitors Seize Opportunity as Zapple Faces Setbacks",
                    "content": "As Zapple grapples with extensive delays, competitors in the gaming industry are quick to capitalize on the opportunity. Analysts predict that the fallout could alter market dynamics significantly if Zapple cannot recover swiftly.",
                    "stocks": [
                        "ZAPL"
                    ],
                    "author": "Diana Data",
                    "website": "SiliconCircus.com"
                }
            ],
            "stockMovements": [
                {
                    "eventId": "d3movement1",
                    "stock": "ZAPL",
                    "change": -2.0,
                    "percent": true,
                    "delay": 1200
                },
                {
                    "eventId": "d3movement2",
                    "stock": "ZAPL",
                    "change": -1.0,
                    "percent": true,
                    "delay": 2402
                },
                {
                    "eventId": "d3movement3",
                    "stock": "ZAPL",
                    "change": -2.0,
                    "percent": true,
                    "delay": 1804
                },
                {
                    "eventId": "d3movement4",
                    "stock": "ZAPL",
                    "change": -2.0,
                    "percent": true,
                    "delay": 1202
                },
                {
                    "eventId": "d3movement5",
                    "stock": "ZAPL",
                    "change": -2.0,
                    "percent": true,
                    "delay": 1202
                },
                {
                    "eventId": "d3movement6",
                    "stock": "ZAPL",
                    "change": -2.0,
                    "percent": true,
                    "delay": 1202
                }
            ],
            "eventSequence": [
                {
                    "eventId": "d3article1",
                    "delay": 3600
                },
                {
                    "eventId": "d3movement1",
                    "delay": 300
                },
                {
                    "eventId": "d3movement2",
                    "delay": 300
                },
                {
                    "eventId": "d3article2",
                    "delay": 3600
                },
                {
                    "eventId": "d3movement3",
                    "delay": 300
                },
                {
                    "eventId": "d3movement4",
                    "delay": 300
                },
                {
                    "eventId": "d3movement5",
                    "delay": 300
                },
                {
                    "eventId": "d3movement6",
                    "delay": 300
                }
            ]
        }
    ],
    "categories": [
        "manufacturing_delays",
        "gaming"
    ],
    "timeFrame": 3
}