{
    "id": "zapple_faces_massive_data_breach",
    "title": "Zapple Faces Massive Data Breach",
    "canRepeat": false,
    "description": "Reports of a massive data breach affecting millions of Zapple users, causing Zapple's stock value to plummet throughout the day.",
    "days": [
        {
            "number": 1,
            "articles": [
                {
                    "eventId": "d1article1",
                    "title": "Massive Data Breach Affects Millions of Zapple Users",
                    "content": "Reports have surfaced of a massive data breach affecting millions of Zapple (ZAPL) users. Personal information, including emails, passwords, and even financial information, may have been compromised.\n\nSecurity analysts are calling this one of the largest data breaches in recent history, and affected users are advised to change their account passwords immediately. Zapple's stock has already begun to feel the impact as the news spreads.",
                    "stocks": [
                        "ZAPL"
                    ],
                    "author": "Sammy Security",
                    "website": "Tech Tattler"
                },
                {
                    "eventId": "d1article2",
                    "title": "Zapple Acknowledges Data Breach, Promises Full Investigation",
                    "content": "In response to the reports of a massive data breach, Zapple (ZAPL) has officially acknowledged the breach and promised a full investigation. The company released a statement confirming that the breach affected millions of users and that they are working with security experts to understand how the breach occurred.\n\nZapple is assuring customers that they are doing everything possible to secure user data and have implemented additional security measures. Despite their efforts, the news has continued to damage Zapple's reputation, and their stock price has declined further.",
                    "stocks": [
                        "ZAPL"
                    ],
                    "author": "Gary Glitch",
                    "website": "Silicon Circus"
                },
                {
                    "eventId": "d1article3",
                    "title": "Lawsuits Begin to Pile Up as Zapple Users Express Outrage",
                    "content": "Following the massive data breach, lawsuits against Zapple (ZAPL) have begun to pile up. Affected users are expressing outrage, with many reporting that their personal information has already been misused. The legal implications of this breach could be significant, potentially costing Zapple millions in settlements and legal fees.\n\nCustomer trust has been severely damaged, and industry analysts predict that it may take a long time for Zapple to recover from this incident. The company's stock has experienced a further decline as news of the lawsuits becomes more widely known.",
                    "stocks": [
                        "ZAPL"
                    ],
                    "author": "Betty Bungle",
                    "website": "Cash Clown"
                }
            ],
            "stockMovements": [
                {
                    "eventId": "d1movement1",
                    "stock": "ZAPL",
                    "change": -1.0,
                    "percent": true
                },
                {
                    "eventId": "d1movement2",
                    "stock": "ZAPL",
                    "change": -1.0,
                    "percent": true
                },
                {
                    "eventId": "d1movement3",
                    "stock": "ZAPL",
                    "change": -1.0,
                    "percent": true
                },
                {
                    "eventId": "d1movement4",
                    "stock": "ZAPL",
                    "change": -1.0,
                    "percent": true
                },
                {
                    "eventId": "d1movement5",
                    "stock": "ZAPL",
                    "change": -0.67,
                    "percent": true
                },
                {
                    "eventId": "d1movement6",
                    "stock": "ZAPL",
                    "change": -0.67,
                    "percent": true
                },
                {
                    "eventId": "d1movement7",
                    "stock": "ZAPL",
                    "change": -0.67,
                    "percent": true
                },
                {
                    "eventId": "d1movement8",
                    "stock": "ZAPL",
                    "change": -1.17,
                    "percent": true
                },
                {
                    "eventId": "d1movement9",
                    "stock": "ZAPL",
                    "change": -1.17,
                    "percent": true
                },
                {
                    "eventId": "d1movement10",
                    "stock": "ZAPL",
                    "change": -1.16,
                    "percent": true
                }
            ],
            "earningsReport": [],
            "eventSequence": [
                {
                    "eventId": "d1article1",
                    "delay": 3600
                },
                {
                    "eventId": "d1movement1",
                    "delay": 300
                },
                {
                    "eventId": "d1movement2",
                    "delay": 300
                },
                {
                    "eventId": "d1movement3",
                    "delay": 300
                },
                {
                    "eventId": "d1movement4",
                    "delay": 300
                },
                {
                    "eventId": "d1article2",
                    "delay": 3600
                },
                {
                    "eventId": "d1movement5",
                    "delay": 300
                },
                {
                    "eventId": "d1movement6",
                    "delay": 300
                },
                {
                    "eventId": "d1movement7",
                    "delay": 300
                },
                {
                    "eventId": "d1article3",
                    "delay": 3600
                },
                {
                    "eventId": "d1movement8",
                    "delay": 300
                },
                {
                    "eventId": "d1movement9",
                    "delay": 300
                },
                {
                    "eventId": "d1movement10",
                    "delay": 300
                }
            ]
        }
    ],
    "categories": [
        "data_breach",
        "lawsuits"
    ],
    "timeFrame": 1
}