{
    "id": "paypol_app_performance_issues",
    "title": "Paypol Mobile App Faces Performance Issues",
    "canRepeat": false,
    "description": "Paypol (PYPL) encounters performance issues with its mobile app, leading to user frustrations and stock volatility.",
    "days": [
        {
            "number": 1,
            "articles": [
                {
                    "eventId": "d1article1",
                    "title": "Paypol's Mobile App Faces Performance Issues",
                    "content": "Reports of performance issues with Paypol's mobile app have surfaced, causing inconvenience to users. The app reportedly experiences slow load times and crashes, leading to frustration among its user base. Some users have taken to social media to express their dissatisfaction, urging Paypol to resolve the problems promptly. As word of the issues spread, Paypol's stock began to decline, reflecting investor concerns over the impact on user retention and satisfaction.",
                    "stocks": [
                        "PYPL"
                    ],
                    "author": "Ronnie Risk",
                    "website": "Cash Clown"
                },
                {
                    "eventId": "d1article2",
                    "title": "Paypol Acknowledges Issues, Promises Quick Fixes",
                    "content": "In response to the widespread reports of performance issues with its mobile app, Paypol has issued a statement acknowledging the problems. The company assured its users that its technical team is working round the clock to identify and resolve the root causes of the performance issues. Paypol's CEO commented, 'We deeply regret any inconvenience caused and are committed to restoring optimal service as quickly as possible.' The acknowledgment and commitment to fixing the issues provided some relief to investors, resulting in a modest recovery in Paypol's stock price.",
                    "stocks": [
                        "PYPL"
                    ],
                    "author": "Ivy Investor",
                    "website": "Moolah Misfits"
                }
            ],
            "stockMovements": [
                {
                    "eventId": "d1movement1",
                    "stock": "PYPL",
                    "change": -0.625,
                    "percent": true
                },
                {
                    "eventId": "d1movement2",
                    "stock": "PYPL",
                    "change": -0.625,
                    "percent": true
                },
                {
                    "eventId": "d1movement3",
                    "stock": "PYPL",
                    "change": -0.625,
                    "percent": true
                },
                {
                    "eventId": "d1movement4",
                    "stock": "PYPL",
                    "change": -0.625,
                    "percent": true
                },
                {
                    "eventId": "d1movement5",
                    "stock": "PYPL",
                    "change": 0.333,
                    "percent": true
                },
                {
                    "eventId": "d1movement6",
                    "stock": "PYPL",
                    "change": 0.333,
                    "percent": true
                },
                {
                    "eventId": "d1movement7",
                    "stock": "PYPL",
                    "change": 0.334,
                    "percent": true
                }
            ],
            "earningsReport": [],
            "eventSequence": [
                {
                    "eventId": "d1article1",
                    "delay": 0
                },
                {
                    "eventId": "d1movement1",
                    "delay": 60
                },
                {
                    "eventId": "d1movement2",
                    "delay": 60
                },
                {
                    "eventId": "d1movement3",
                    "delay": 120
                },
                {
                    "eventId": "d1movement4",
                    "delay": 60
                },
                {
                    "eventId": "d1article2",
                    "delay": 10420
                },
                {
                    "eventId": "d1movement5",
                    "delay": 60
                },
                {
                    "eventId": "d1movement6",
                    "delay": 60
                },
                {
                    "eventId": "d1movement7",
                    "delay": 120
                }
            ]
        },
        {
            "number": 2,
            "articles": [
                {
                    "eventId": "d2article1",
                    "title": "Persistent Problems Plague Paypol's Mobile App",
                    "content": "Despite Paypol's assurances of a swift resolution, further reports have emerged detailing ongoing performance issues with its mobile app. Users continue to experience frequent crashes and slow load times, leading to increased frustration and dissatisfaction. The persistent problems have raised concerns about the company's ability to effectively address and resolve the issues in a timely manner. As user complaints mount, investors' confidence in Paypol's technical capabilities and customer service is being tested.",
                    "stocks": [
                        "PYPL"
                    ],
                    "author": "Carl Calamity",
                    "website": "Moolah Misfits"
                },
                {
                    "eventId": "d2article2",
                    "title": "Analysts Warn of Impact on Paypol's User Retention",
                    "content": "Analysts have expressed concerns over the potential long-term impact of the ongoing performance issues on Paypol's user retention. While the company has promised quick fixes, the persistence of the problems suggests deeper-rooted issues that may take longer to resolve. If users continue to face disruptions, there is a risk that they may switch to alternative payment platforms, leading to a decline in Paypol's user base. These concerns have led to a further drop in Paypol's stock price, as investors brace for the possibility of a prolonged recovery period.",
                    "stocks": [
                        "PYPL"
                    ],
                    "author": "Timmy Tumble",
                    "website": "Bull and Bear Circus"
                }
            ],
            "stockMovements": [
                {
                    "eventId": "d2movement1",
                    "stock": "PYPL",
                    "change": -0.75,
                    "percent": true
                },
                {
                    "eventId": "d2movement2",
                    "stock": "PYPL",
                    "change": -0.75,
                    "percent": true
                },
                {
                    "eventId": "d2movement3",
                    "stock": "PYPL",
                    "change": -0.75,
                    "percent": true
                },
                {
                    "eventId": "d2movement4",
                    "stock": "PYPL",
                    "change": -0.75,
                    "percent": true
                },
                {
                    "eventId": "d2movement5",
                    "stock": "PYPL",
                    "change": -0.625,
                    "percent": true
                },
                {
                    "eventId": "d2movement6",
                    "stock": "PYPL",
                    "change": -0.625,
                    "percent": true
                },
                {
                    "eventId": "d2movement7",
                    "stock": "PYPL",
                    "change": -0.625,
                    "percent": true
                },
                {
                    "eventId": "d2movement8",
                    "stock": "PYPL",
                    "change": -0.625,
                    "percent": true
                }
            ],
            "earningsReport": [],
            "eventSequence": [
                {
                    "eventId": "d2article1",
                    "delay": 3600
                },
                {
                    "eventId": "d2movement1",
                    "delay": 300
                },
                {
                    "eventId": "d2movement2",
                    "delay": 300
                },
                {
                    "eventId": "d2movement3",
                    "delay": 300
                },
                {
                    "eventId": "d2movement4",
                    "delay": 300
                },
                {
                    "eventId": "d2article2",
                    "delay": 3600
                },
                {
                    "eventId": "d2movement5",
                    "delay": 300
                },
                {
                    "eventId": "d2movement6",
                    "delay": 300
                },
                {
                    "eventId": "d2movement7",
                    "delay": 300
                },
                {
                    "eventId": "d2movement8",
                    "delay": 300
                }
            ]
        }
    ],
    "categories": [
        "stock_performance",
        "technology"
    ],
    "timeFrame": 2
}