{
    "id": "paypol_introduces_instant_transfer_service",
    "title": "Paypol Introduces Instant Transfer Service",
    "canRepeat": false,
    "description": "Paypol introduces an instant transfer service, promising faster transactions and positive user feedback boosting stock prices.",
    "days": [
        {
            "number": 1,
            "articles": [
                {
                    "eventId": "d1article1",
                    "title": "Rumors of Paypol Launching Instant Transfer Service Emerge",
                    "content": "Rumors have started circulating that Paypol (PYPL) is set to introduce an instant transfer service. This would allow users to make faster transactions, drastically reducing the wait times currently experienced with traditional transfer methods.\n\nIndustry analysts are speculating this move could give Paypol a competitive edge in the market and attract more users who value speed and efficiency. The initial market reaction has been positive, with slight upticks in stock prices expected as investors show their support.\n\nIf confirmed, this service could be a game-changer, positioning Paypol as a leader in the financial technology space.",
                    "stocks": [
                        "PYPL"
                    ],
                    "author": "Betty Bungle",
                    "website": "Cash Clown"
                }
            ],
            "stockMovements": [
                {
                    "eventId": "d1movement1_1",
                    "stock": "PYPL",
                    "change": 0.7,
                    "percent": true,
                    "delay": 600
                },
                {
                    "eventId": "d1movement1_2",
                    "stock": "PYPL",
                    "change": 0.7,
                    "percent": true,
                    "delay": 600
                },
                {
                    "eventId": "d1movement1_3",
                    "stock": "PYPL",
                    "change": 0.6,
                    "percent": true,
                    "delay": 800
                }
            ],
            "eventSequence": [
                {
                    "eventId": "d1article1",
                    "delay": 0
                },
                {
                    "eventId": "d1movement1_1",
                    "delay": 600
                },
                {
                    "eventId": "d1movement1_2",
                    "delay": 1200
                },
                {
                    "eventId": "d1movement1_3",
                    "delay": 2000
                }
            ]
        },
        {
            "number": 2,
            "articles": [
                {
                    "eventId": "d1article2",
                    "title": "Paypol Confirms Instant Transfer Service",
                    "content": "Paypol (PYPL) officially confirmed the launch of its new instant transfer service today, promising users immediate money transfers. The announcement, which clarified rumors circulating earlier in the day, was met with enthusiasm from both users and investors alike.\n\nThe company stated that the new service aims to resolve one of the biggest pain points in digital transactions \u2013 the waiting period. With this new addition, Paypol expects to attract a larger customer base, who will benefit from faster transactions and reduced transfer times.\n\nPaypol's stock experienced a significant boost following this confirmation, as investors are optimistic about the potential impact on the company's growth and revenue.",
                    "stocks": [
                        "PYPL"
                    ],
                    "author": "Trendy Tina",
                    "website": "Trend Tribune"
                }
            ],
            "stockMovements": [
                {
                    "eventId": "d1movement2_1",
                    "stock": "PYPL",
                    "change": 1.0,
                    "percent": true,
                    "delay": 1200
                },
                {
                    "eventId": "d1movement2_2",
                    "stock": "PYPL",
                    "change": 1.0,
                    "percent": true,
                    "delay": 1200
                },
                {
                    "eventId": "d1movement2_3",
                    "stock": "PYPL",
                    "change": 1.0,
                    "percent": true,
                    "delay": 1300
                }
            ],
            "eventSequence": [
                {
                    "eventId": "d1article2",
                    "delay": 3600
                },
                {
                    "eventId": "d1movement2_1",
                    "delay": 300
                },
                {
                    "eventId": "d1movement2_2",
                    "delay": 300
                },
                {
                    "eventId": "d1movement2_3",
                    "delay": 300
                }
            ]
        },
        {
            "number": 3,
            "articles": [
                {
                    "eventId": "d1article3",
                    "title": "Positive Feedback Boosts Paypol's Stock Further",
                    "content": "Early user feedback for Paypol's (PYPL) new instant transfer service has been overwhelmingly positive. Customers have praised the efficiency and speed of the service, noting that it significantly improves their transaction experience.\n\nThis feedback has not gone unnoticed by investors, who have reacted with increased confidence in Paypol's future prospects. The stock has continued to rise as market sentiment remains strongly optimistic.\n\nPaypol's strategic move to introduce this service appears to be paying off, solidifying its position as a leader in the fintech space and promising further growth in the coming months.",
                    "stocks": [
                        "PYPL"
                    ],
                    "author": "Polly Profit",
                    "website": "Bull and Bear Circus"
                }
            ],
            "stockMovements": [
                {
                    "eventId": "d1movement3_1",
                    "stock": "PYPL",
                    "change": 0.8,
                    "percent": true,
                    "delay": 1200
                },
                {
                    "eventId": "d1movement3_2",
                    "stock": "PYPL",
                    "change": 0.9,
                    "percent": true,
                    "delay": 1200
                },
                {
                    "eventId": "d1movement3_3",
                    "stock": "PYPL",
                    "change": 0.8,
                    "percent": true,
                    "delay": 1300
                }
            ],
            "eventSequence": [
                {
                    "eventId": "d1article3",
                    "delay": 3600
                },
                {
                    "eventId": "d1movement3_1",
                    "delay": 300
                },
                {
                    "eventId": "d1movement3_2",
                    "delay": 300
                },
                {
                    "eventId": "d1movement3_3",
                    "delay": 300
                }
            ]
        }
    ],
    "categories": [
        "service_launch",
        "financial_tech"
    ],
    "timeFrame": 1
}