{
    "id": "invidio_ai_research_breakthrough_faces_skepticism",
    "title": "Invidio AI Research Breakthrough Faces Skepticism",
    "canRepeat": false,
    "description": "Rumors of Invidio achieving a major breakthrough in AI research lead to stock fluctuations amidst skepticism.",
    "days": [
        {
            "number": 1,
            "articles": [
                {
                    "eventId": "d1article1",
                    "title": "Invidio Rumored to Have Achieved Major AI Breakthrough",
                    "content": "Invidio (NVDO) is rumored to have achieved a significant breakthrough in its AI research. This news has been circulating among tech enthusiasts and investors alike, sparking initial excitement and speculation.",
                    "stocks": [
                        "NVDO"
                    ],
                    "author": "Freddy Fortune",
                    "website": "Moolah Misfits"
                },
                {
                    "eventId": "d1article2",
                    "title": "Invidio Confirms AI Breakthrough, Showcases Potential Applications",
                    "content": "Confirming the circulating rumors, Invidio (NVDO) announced that they have indeed made a groundbreaking advancement in AI research. The company showcased several potential applications of this technology, ranging from advanced gaming graphics to operational efficiencies in data centers.",
                    "stocks": [
                        "NVDO"
                    ],
                    "author": "Holly Hacker",
                    "website": "Byte Banter"
                }
            ],
            "stockMovements": [
                {
                    "eventId": "d1movement1",
                    "stock": "NVDO",
                    "change": 1.0,
                    "percent": true
                },
                {
                    "eventId": "d1movement2",
                    "stock": "NVDO",
                    "change": 1.0,
                    "percent": true
                },
                {
                    "eventId": "d1movement3",
                    "stock": "NVDO",
                    "change": 1.0,
                    "percent": true
                },
                {
                    "eventId": "d1movement4",
                    "stock": "NVDO",
                    "change": 1.0,
                    "percent": true
                },
                {
                    "eventId": "d1movement5",
                    "stock": "NVDO",
                    "change": 1.0,
                    "percent": true
                },
                {
                    "eventId": "d1movement6",
                    "stock": "NVDO",
                    "change": 1.0,
                    "percent": true
                },
                {
                    "eventId": "d1movement7",
                    "stock": "NVDO",
                    "change": 1.0,
                    "percent": true
                }
            ],
            "earningsReport": [],
            "eventSequence": [
                {
                    "eventId": "d1article1",
                    "delay": 0
                },
                {
                    "eventId": "d1movement1",
                    "delay": 60
                },
                {
                    "eventId": "d1movement2",
                    "delay": 60
                },
                {
                    "eventId": "d1movement3",
                    "delay": 60
                },
                {
                    "eventId": "d1article2",
                    "delay": 10800
                },
                {
                    "eventId": "d1movement4",
                    "delay": 60
                },
                {
                    "eventId": "d1movement5",
                    "delay": 60
                },
                {
                    "eventId": "d1movement6",
                    "delay": 60
                },
                {
                    "eventId": "d1movement7",
                    "delay": 60
                }
            ]
        },
        {
            "number": 2,
            "articles": [
                {
                    "eventId": "d2article1",
                    "title": "Early Feedback on Invidio's AI Breakthrough is Positive",
                    "content": "The initial feedback from tech experts and industry insiders on Invidio's (NVDO) recent AI breakthrough has been overwhelmingly positive. The potential applications of this technology have left many optimistic about the company's future growth and innovation.",
                    "stocks": [
                        "NVDO"
                    ],
                    "author": "Diana Data",
                    "website": "Silicon Circus"
                },
                {
                    "eventId": "d2article2",
                    "title": "Skepticism Arises Over Invidio's AI Breakthrough",
                    "content": "Despite the positive initial feedback, skepticism is beginning to emerge about the practical applications of Invidio's (NVDO) newly announced AI breakthrough. Critics argue that while the technology is promising, it remains to be seen how it will translate into tangible benefits for the company.",
                    "stocks": [
                        "NVDO"
                    ],
                    "author": "Sammy Security",
                    "website": "Tech Tattler"
                }
            ],
            "stockMovements": [
                {
                    "eventId": "d2movement1",
                    "stock": "NVDO",
                    "change": 1.0,
                    "percent": true
                },
                {
                    "eventId": "d2movement2",
                    "stock": "NVDO",
                    "change": 1.0,
                    "percent": true
                },
                {
                    "eventId": "d2movement3",
                    "stock": "NVDO",
                    "change": 1.0,
                    "percent": true
                },
                {
                    "eventId": "d2movement4",
                    "stock": "NVDO",
                    "change": -1.0,
                    "percent": true
                },
                {
                    "eventId": "d2movement5",
                    "stock": "NVDO",
                    "change": -1.0,
                    "percent": true
                },
                {
                    "eventId": "d2movement6",
                    "stock": "NVDO",
                    "change": -1.0,
                    "percent": true
                },
                {
                    "eventId": "d2movement7",
                    "stock": "NVDO",
                    "change": -1.0,
                    "percent": true
                }
            ],
            "earningsReport": [],
            "eventSequence": [
                {
                    "eventId": "d2article1",
                    "delay": 0
                },
                {
                    "eventId": "d2movement1",
                    "delay": 60
                },
                {
                    "eventId": "d2movement2",
                    "delay": 60
                },
                {
                    "eventId": "d2movement3",
                    "delay": 60
                },
                {
                    "eventId": "d2article2",
                    "delay": 14400
                },
                {
                    "eventId": "d2movement4",
                    "delay": 60
                },
                {
                    "eventId": "d2movement5",
                    "delay": 60
                },
                {
                    "eventId": "d2movement6",
                    "delay": 60
                },
                {
                    "eventId": "d2movement7",
                    "delay": 60
                }
            ]
        },
        {
            "number": 3,
            "articles": [
                {
                    "eventId": "d3article1",
                    "title": "Invidio Addresses Concerns, Skepticism Remains",
                    "content": "Invidio (NVDO) has released a statement addressing the growing skepticism about its recent AI breakthrough. The company has assured investors that it is committed to implementing the technology effectively and maximizing its potential. However, doubts about the practical applicability still linger.",
                    "stocks": [
                        "NVDO"
                    ],
                    "author": "Greta Gamble",
                    "website": "Bull and Bear Circus"
                },
                {
                    "eventId": "d3article2",
                    "title": "Analysts Predict Long-Term Benefits for Invidio's AI Technology",
                    "content": "Despite the ongoing skepticism, several analysts have expressed confidence in the long-term benefits of Invidio's (NVDO) AI breakthrough. They believe that with the proper implementation and continuous development, the technology could revolutionize multiple industries and contribute significantly to Invidio's growth.",
                    "stocks": [
                        "NVDO"
                    ],
                    "author": "Warren Buffoon",
                    "website": "Cash Clown"
                }
            ],
            "stockMovements": [
                {
                    "eventId": "d3movement1",
                    "stock": "NVDO",
                    "change": -1.0,
                    "percent": true
                },
                {
                    "eventId": "d3movement2",
                    "stock": "NVDO",
                    "change": -1.0,
                    "percent": true
                },
                {
                    "eventId": "d3movement3",
                    "stock": "NVDO",
                    "change": -1.0,
                    "percent": true
                },
                {
                    "eventId": "d3movement4",
                    "stock": "NVDO",
                    "change": -1.0,
                    "percent": true
                },
                {
                    "eventId": "d3movement5",
                    "stock": "NVDO",
                    "change": -1.0,
                    "percent": true
                },
                {
                    "eventId": "d3movement6",
                    "stock": "NVDO",
                    "change": 1.0,
                    "percent": true
                },
                {
                    "eventId": "d3movement7",
                    "stock": "NVDO",
                    "change": 1.0,
                    "percent": true
                },
                {
                    "eventId": "d3movement8",
                    "stock": "NVDO",
                    "change": 1.0,
                    "percent": true
                }
            ],
            "earningsReport": [],
            "eventSequence": [
                {
                    "eventId": "d3article1",
                    "delay": 0
                },
                {
                    "eventId": "d3movement1",
                    "delay": 60
                },
                {
                    "eventId": "d3movement2",
                    "delay": 60
                },
                {
                    "eventId": "d3movement3",
                    "delay": 60
                },
                {
                    "eventId": "d3movement4",
                    "delay": 60
                },
                {
                    "eventId": "d3movement5",
                    "delay": 60
                },
                {
                    "eventId": "d3article2",
                    "delay": 10800
                },
                {
                    "eventId": "d3movement6",
                    "delay": 60
                },
                {
                    "eventId": "d3movement7",
                    "delay": 60
                },
                {
                    "eventId": "d3movement8",
                    "delay": 60
                }
            ]
        }
    ],
    "categories": [
        "AI_Breakthrough",
        "stock_fluctuation"
    ],
    "timeFrame": 3
}