{
    "id": "invidio_faces_security_breach",
    "title": "Invidio Faces Security Breach in Cloud Gaming Service",
    "canRepeat": false,
    "description": "InvidioNow cloud gaming service faces a substantial security breach, initiating mixed market reactions.",
    "days": [
        {
            "number": 1,
            "articles": [
                {
                    "eventId": "d1article1",
                    "title": "Security Breach Reported in InvidioNow",
                    "content": "Reports have surfaced of a significant security breach affecting Invidio's cloud gaming service, InvidioNow. The breach has raised concerns about the safety of user data stored on the platform, leading to an immediate response from the gaming community.",
                    "stocks": [
                        "NVDO"
                    ],
                    "author": "Ronnie Risk",
                    "website": "Cash Clown"
                },
                {
                    "eventId": "d1article2",
                    "title": "Invidio Acknowledges Breach, Vows Swift Action",
                    "content": "Invidio has confirmed reports of the security breach affecting its cloud gaming service, InvidioNow. The company promises to implement quick fixes and ensure that user data remains protected. According to Invidio, the breach was detected early, and immediate measures have been taken to mitigate any further risk. This reassurance has provided some relief to concerned users and investors.",
                    "stocks": [
                        "NVDO"
                    ],
                    "author": "Polly Profit",
                    "website": "Bull and Bear Circus"
                },
                {
                    "eventId": "d1article3",
                    "title": "Details of Invidio Breach Prompt Further Concern",
                    "content": "Further details about the security breach in InvidioNow have emerged, revealing that sensitive user information might have been exposed. While Invidio has assured prompt fixes, the extent of the breach is causing heightened concern among cybersecurity experts and users.",
                    "stocks": [
                        "NVDO"
                    ],
                    "author": "Sammy Security",
                    "website": "Tech Tattler"
                },
                {
                    "eventId": "d1article4",
                    "title": "Analysts Predict Limited Long-term Impact on Invidio",
                    "content": "Despite the initial shock of the InvidioNow security breach, analysts believe the long-term impact on the company will be limited. Invidio's rapid response to the breach and robust planned fixes are expected to stabilize the situation, according to tech analysts. Investors seem to be regaining confidence as Invidio outlines its security measures.",
                    "stocks": [
                        "NVDO"
                    ],
                    "author": "Freddy Fortune",
                    "website": "Moolah Misfits"
                }
            ],
            "stockMovements": [
                {
                    "eventId": "d1movement1",
                    "stock": "NVDO",
                    "change": -2.0,
                    "percent": true
                },
                {
                    "eventId": "d1movement2",
                    "stock": "NVDO",
                    "change": -1.0,
                    "percent": true
                },
                {
                    "eventId": "d1movement3",
                    "stock": "NVDO",
                    "change": -1.0,
                    "percent": true
                },
                {
                    "eventId": "d1movement4",
                    "stock": "NVDO",
                    "change": 1.0,
                    "percent": true
                },
                {
                    "eventId": "d1movement5",
                    "stock": "NVDO",
                    "change": 1.0,
                    "percent": true
                },
                {
                    "eventId": "d1movement6",
                    "stock": "NVDO",
                    "change": -1.5,
                    "percent": true
                },
                {
                    "eventId": "d1movement7",
                    "stock": "NVDO",
                    "change": -1.0,
                    "percent": true
                },
                {
                    "eventId": "d1movement8",
                    "stock": "NVDO",
                    "change": -0.5,
                    "percent": true
                },
                {
                    "eventId": "d1movement9",
                    "stock": "NVDO",
                    "change": 1.0,
                    "percent": true
                },
                {
                    "eventId": "d1movement10",
                    "stock": "NVDO",
                    "change": 1.0,
                    "percent": true
                }
            ],
            "earningsReport": [],
            "eventSequence": [
                {
                    "eventId": "d1article1",
                    "delay": 3600
                },
                {
                    "eventId": "d1movement1",
                    "delay": 300
                },
                {
                    "eventId": "d1movement2",
                    "delay": 300
                },
                {
                    "eventId": "d1movement3",
                    "delay": 300
                },
                {
                    "eventId": "d1article2",
                    "delay": 3600
                },
                {
                    "eventId": "d1movement4",
                    "delay": 300
                },
                {
                    "eventId": "d1movement5",
                    "delay": 300
                },
                {
                    "eventId": "d1article3",
                    "delay": 3600
                },
                {
                    "eventId": "d1movement6",
                    "delay": 300
                },
                {
                    "eventId": "d1movement7",
                    "delay": 300
                },
                {
                    "eventId": "d1movement8",
                    "delay": 300
                },
                {
                    "eventId": "d1article4",
                    "delay": 3600
                },
                {
                    "eventId": "d1movement9",
                    "delay": 300
                },
                {
                    "eventId": "d1movement10",
                    "delay": 300
                }
            ]
        }
    ],
    "categories": [
        "security_breach",
        "gaming"
    ],
    "timeFrame": 1
}