{
    "id": "invidio_launches_revolutionary_graphics_technology",
    "title": "Invidio Launches Revolutionary Graphics Technology",
    "canRepeat": false,
    "description": "Invidio makes waves in the tech world by announcing a revolutionary new graphics technology. The company's stock experiences significant fluctuations over the course of a single day.",
    "days": [
        {
            "number": 1,
            "articles": [
                {
                    "eventId": "d1article1",
                    "title": "Rumors Emerge of Invidio's Groundbreaking Graphics Technology",
                    "content": "Invidio (NVDO) has long been known for pushing the boundaries of graphics technology, but recent rumors suggest that the company is on the brink of launching something truly revolutionary. Insiders are buzzing about the potential capabilities of this new tech, which could offer unparalleled visual experiences across gaming and professional applications.\n\nAlthough these are just rumors for now, the anticipation is palpable. Investors have responded positively, driving up the stock price as they await official confirmation from Invidio.",
                    "stocks": [
                        "NVDO"
                    ],
                    "author": "Peter Processor",
                    "website": "Silicon Circus"
                },
                {
                    "eventId": "d2article1",
                    "title": "Invidio Confirms Revolutionary Graphics Technology",
                    "content": "In a move that has sent shockwaves through the tech industry, Invidio (NVDO) has officially confirmed the launch of its groundbreaking new graphics technology. The announcement came during a press conference where Invidio executives showcased some of the incredible capabilities of the technology, promising an unparalleled visual experience for both gamers and professional users alike.\n\nThe confirmation has further fueled excitement, with the company's stock seeing a sharp increase as a result. Invidio's CEO stated that this innovation has been in development for years and represents a significant leap forward in the field of graphics.",
                    "stocks": [
                        "NVDO"
                    ],
                    "author": "Ned Nerdlinger",
                    "website": "Tech Tattler"
                },
                {
                    "eventId": "d3article1",
                    "title": "Skeptics Question Practical Applications of Invidio's New Technology",
                    "content": "Despite the initial excitement surrounding Invidio's (NVDO) new graphics technology, skepticism has emerged regarding its practical applications. Industry experts are questioning whether the technology can be effectively integrated into existing systems and if it will truly deliver on its promises in real-world scenarios.\n\nThese concerns have caused a slight dip in Invidio's stock, as investors weigh the potential challenges against the initial hype. However, the company remains confident in its ability to address these issues and deliver a product that will meet consumer expectations.",
                    "stocks": [
                        "NVDO"
                    ],
                    "author": "Alice Algorithm",
                    "website": "Silicon Circus"
                },
                {
                    "eventId": "d4article1",
                    "title": "Invidio Reassures Investors with Detailed Technology Demos",
                    "content": "In response to the recent skepticism, Invidio (NVDO) has released detailed demonstrations of its revolutionary graphics technology, aiming to reassure investors and the general public. These demos provided a closer look at the technology's capabilities and showcased its potential across various applications.\n\nThe company's efforts to address concerns have paid off, as the stock price has begun to recover. Invidio continues to emphasize that this new technology represents a significant advancement in the field and is confident in its ability to make a substantial impact on the market.",
                    "stocks": [
                        "NVDO"
                    ],
                    "author": "Gina Gadget",
                    "website": "Tech Tattler"
                }
            ],
            "stockMovements": [
                {
                    "eventId": "d1movement1",
                    "stock": "NVDO",
                    "change": 1.33,
                    "percent": true
                },
                {
                    "eventId": "d1movement2",
                    "stock": "NVDO",
                    "change": 1.33,
                    "percent": true
                },
                {
                    "eventId": "d1movement3",
                    "stock": "NVDO",
                    "change": 1.34,
                    "percent": true
                },
                {
                    "eventId": "d2movement1",
                    "stock": "NVDO",
                    "change": 1.66,
                    "percent": true
                },
                {
                    "eventId": "d2movement2",
                    "stock": "NVDO",
                    "change": 1.67,
                    "percent": true
                },
                {
                    "eventId": "d2movement3",
                    "stock": "NVDO",
                    "change": 1.67,
                    "percent": true
                },
                {
                    "eventId": "d3movement1",
                    "stock": "NVDO",
                    "change": -1.0,
                    "percent": true
                },
                {
                    "eventId": "d3movement2",
                    "stock": "NVDO",
                    "change": -1.0,
                    "percent": true
                },
                {
                    "eventId": "d3movement3",
                    "stock": "NVDO",
                    "change": -1.0,
                    "percent": true
                },
                {
                    "eventId": "d4movement1",
                    "stock": "NVDO",
                    "change": 1.0,
                    "percent": true
                },
                {
                    "eventId": "d4movement2",
                    "stock": "NVDO",
                    "change": 1.0,
                    "percent": true
                },
                {
                    "eventId": "d4movement3",
                    "stock": "NVDO",
                    "change": 1.0,
                    "percent": true
                }
            ],
            "earningsReport": [],
            "eventSequence": [
                {
                    "eventId": "d1article1",
                    "delay": 3600
                },
                {
                    "eventId": "d1movement1",
                    "delay": 300
                },
                {
                    "eventId": "d1movement2",
                    "delay": 300
                },
                {
                    "eventId": "d1movement3",
                    "delay": 300
                },
                {
                    "eventId": "d2article1",
                    "delay": 3600
                },
                {
                    "eventId": "d2movement1",
                    "delay": 300
                },
                {
                    "eventId": "d2movement2",
                    "delay": 300
                },
                {
                    "eventId": "d2movement3",
                    "delay": 300
                },
                {
                    "eventId": "d3article1",
                    "delay": 3600
                },
                {
                    "eventId": "d3movement1",
                    "delay": 300
                },
                {
                    "eventId": "d3movement2",
                    "delay": 300
                },
                {
                    "eventId": "d3movement3",
                    "delay": 300
                },
                {
                    "eventId": "d4article1",
                    "delay": 3600
                },
                {
                    "eventId": "d4movement1",
                    "delay": 300
                },
                {
                    "eventId": "d4movement2",
                    "delay": 300
                },
                {
                    "eventId": "d4movement3",
                    "delay": 300
                }
            ]
        }
    ],
    "categories": [
        "technology",
        "stock",
        "finance"
    ],
    "timeFrame": 1
}