{
    "id": "invidio_ai_regulatory_challenges",
    "title": "Invidio AI Regulatory Challenges",
    "canRepeat": false,
    "description": "Invidio\u2019s autonomous vehicle AI technology is facing regulatory hurdles, impacting its stock price over three days.",
    "days": [
        {
            "number": 1,
            "articles": [
                {
                    "eventId": "d1article1",
                    "title": "Rumors Emerge of Regulatory Scrutiny on Invidio's AI Technology",
                    "content": "Rumors have started to circulate that Invidio (NVDO) is facing significant regulatory scrutiny concerning its AI technology for autonomous vehicles. Sources close to the matter indicate that regulatory bodies have raised some red flags, leading to an uptick in speculation about the future of Invidio\u2019s innovative solution.",
                    "stocks": [
                        "NVDO"
                    ],
                    "author": "Freddy Fortune",
                    "website": "Moolah Misfits"
                }
            ],
            "stockMovements": [
                {
                    "eventId": "d1movement1a",
                    "stock": "NVDO",
                    "change": 1.5,
                    "percent": true,
                    "delay": 1800
                },
                {
                    "eventId": "d1movement1b",
                    "stock": "NVDO",
                    "change": 1.0,
                    "percent": true,
                    "delay": 1500
                },
                {
                    "eventId": "d1movement1c",
                    "stock": "NVDO",
                    "change": 1.5,
                    "percent": true,
                    "delay": 1800
                }
            ],
            "earningsReport": [],
            "eventSequence": [
                {
                    "eventId": "d1article1",
                    "delay": 0
                },
                {
                    "eventId": "d1movement1a",
                    "delay": 100
                },
                {
                    "eventId": "d1movement1b",
                    "delay": 200
                },
                {
                    "eventId": "d1movement1c",
                    "delay": 300
                }
            ]
        },
        {
            "number": 1,
            "articles": [
                {
                    "eventId": "d1article2",
                    "title": "Invidio Confirms AI Regulatory Challenges, Proposes Solutions",
                    "content": "Invidio (NVDO) has officially confirmed that its AI technology for autonomous vehicles is indeed facing regulatory scrutiny. However, the company has outlined several potential solutions to address these challenges. In a detailed statement, Invidio highlighted their strong commitment to compliance and innovation, assuring investors that they are confident in their ability to overcome these hurdles.",
                    "stocks": [
                        "NVDO"
                    ],
                    "author": "Trendy Tina",
                    "website": "Trend Tribune"
                }
            ],
            "stockMovements": [
                {
                    "eventId": "d1movement2a",
                    "stock": "NVDO",
                    "change": 1.8,
                    "percent": true,
                    "delay": 1800
                },
                {
                    "eventId": "d1movement2b",
                    "stock": "NVDO",
                    "change": 1.6,
                    "percent": true,
                    "delay": 1200
                },
                {
                    "eventId": "d1movement2c",
                    "stock": "NVDO",
                    "change": 1.6,
                    "percent": true,
                    "delay": 1500
                }
            ],
            "earningsReport": [],
            "eventSequence": [
                {
                    "eventId": "d1article2",
                    "delay": 10800
                },
                {
                    "eventId": "d1movement2a",
                    "delay": 100
                },
                {
                    "eventId": "d1movement2b",
                    "delay": 200
                },
                {
                    "eventId": "d1movement2c",
                    "delay": 300
                }
            ]
        },
        {
            "number": 2,
            "articles": [
                {
                    "eventId": "d2article1",
                    "title": "Positive Early Feedback on Invidio's AI Technology",
                    "content": "Early reviews and feedback regarding Invidio's (NVDO) AI technology for autonomous vehicles have been overwhelmingly positive. Industry analysts are praising the innovation and potential impact of Invidio\u2019s technology on the market, leading to an increase in investor confidence. The stock has continued to rise as a result.",
                    "stocks": [
                        "NVDO"
                    ],
                    "author": "Hype Harry",
                    "website": "Market Madness"
                }
            ],
            "stockMovements": [
                {
                    "eventId": "d2movement1a",
                    "stock": "NVDO",
                    "change": 1.0,
                    "percent": true,
                    "delay": 1800
                },
                {
                    "eventId": "d2movement1b",
                    "stock": "NVDO",
                    "change": 1.0,
                    "percent": true,
                    "delay": 1200
                },
                {
                    "eventId": "d2movement1c",
                    "stock": "NVDO",
                    "change": 1.0,
                    "percent": true,
                    "delay": 1500
                }
            ],
            "earningsReport": [],
            "eventSequence": [
                {
                    "eventId": "d2article1",
                    "delay": 0
                },
                {
                    "eventId": "d2movement1a",
                    "delay": 100
                },
                {
                    "eventId": "d2movement1b",
                    "delay": 200
                },
                {
                    "eventId": "d2movement1c",
                    "delay": 300
                }
            ]
        },
        {
            "number": 2,
            "articles": [
                {
                    "eventId": "d2article2",
                    "title": "Reports of Further Regulatory Hurdles for Invidio Emerge",
                    "content": "Despite the early positive feedback on Invidio's (NVDO) AI technology, new reports have emerged highlighting additional regulatory hurdles. These new challenges are causing concern among investors, leading to a decline in the stock price. The market is reacting to the uncertainty surrounding the regulatory environment for Invidio's innovative technology.",
                    "stocks": [
                        "NVDO"
                    ],
                    "author": "Polly Profit",
                    "website": "Bull and Bear Circus"
                }
            ],
            "stockMovements": [
                {
                    "eventId": "d2movement2a",
                    "stock": "NVDO",
                    "change": -1.5,
                    "percent": true,
                    "delay": 1800
                },
                {
                    "eventId": "d2movement2b",
                    "stock": "NVDO",
                    "change": -1.0,
                    "percent": true,
                    "delay": 1200
                },
                {
                    "eventId": "d2movement2c",
                    "stock": "NVDO",
                    "change": -1.5,
                    "percent": true,
                    "delay": 1500
                }
            ],
            "earningsReport": [],
            "eventSequence": [
                {
                    "eventId": "d2article2",
                    "delay": 14400
                },
                {
                    "eventId": "d2movement2a",
                    "delay": 100
                },
                {
                    "eventId": "d2movement2b",
                    "delay": 200
                },
                {
                    "eventId": "d2movement2c",
                    "delay": 300
                }
            ]
        },
        {
            "number": 3,
            "articles": [
                {
                    "eventId": "d3article1",
                    "title": "Invidio Addresses Regulatory Issues Amidst Skepticism",
                    "content": "Invidio (NVDO) has made a concerted effort to address the regulatory issues facing its AI technology for autonomous vehicles. Despite their assurances and proposed solutions, there is still a significant amount of skepticism from both the market and regulatory bodies. This ongoing uncertainty has led to another drop in the stock price.",
                    "stocks": [
                        "NVDO"
                    ],
                    "author": "Greta Gamble",
                    "website": "Bull and Bear Circus"
                }
            ],
            "stockMovements": [
                {
                    "eventId": "d3movement1a",
                    "stock": "NVDO",
                    "change": -2.0,
                    "percent": true,
                    "delay": 1800
                },
                {
                    "eventId": "d3movement1b",
                    "stock": "NVDO",
                    "change": -1.5,
                    "percent": true,
                    "delay": 1200
                },
                {
                    "eventId": "d3movement1c",
                    "stock": "NVDO",
                    "change": -1.5,
                    "percent": true,
                    "delay": 1500
                }
            ],
            "earningsReport": [],
            "eventSequence": [
                {
                    "eventId": "d3article1",
                    "delay": 0
                },
                {
                    "eventId": "d3movement1a",
                    "delay": 100
                },
                {
                    "eventId": "d3movement1b",
                    "delay": 200
                },
                {
                    "eventId": "d3movement1c",
                    "delay": 300
                }
            ]
        },
        {
            "number": 3,
            "articles": [
                {
                    "eventId": "d3article2",
                    "title": "Analysts Predict Long-term Benefits for Invidio Despite Volatility",
                    "content": "Despite the ongoing regulatory challenges and market skepticism, analysts are predicting long-term benefits for Invidio (NVDO) and its AI technology for autonomous vehicles. The stock has stabilized but remains volatile as the market digests the mixed news. Analysts believe that once the regulatory issues are overcome, Invidio's technology has the potential to be a game-changer in the industry.",
                    "stocks": [
                        "NVDO"
                    ],
                    "author": "Passionate Paula",
                    "website": "Console Carnival"
                }
            ],
            "stockMovements": [
                {
                    "eventId": "d3movement2a",
                    "stock": "NVDO",
                    "change": 1.0,
                    "percent": true,
                    "delay": 1800
                },
                {
                    "eventId": "d3movement2b",
                    "stock": "NVDO",
                    "change": 1.0,
                    "percent": true,
                    "delay": 1500
                },
                {
                    "eventId": "d3movement2c",
                    "stock": "NVDO",
                    "change": 1.0,
                    "percent": true,
                    "delay": 1200
                }
            ],
            "earningsReport": [],
            "eventSequence": [
                {
                    "eventId": "d3article2",
                    "delay": 10800
                },
                {
                    "eventId": "d3movement2a",
                    "delay": 100
                },
                {
                    "eventId": "d3movement2b",
                    "delay": 200
                },
                {
                    "eventId": "d3movement2c",
                    "delay": 300
                }
            ]
        }
    ],
    "categories": [
        "regulatory_issues",
        "technology"
    ],
    "timeFrame": 3
}