{
    "id": "invidio_cloud_ai_service_challenges",
    "title": "Invidio's New Cloud AI Service Faces Challenges",
    "canRepeat": false,
    "description": "Invidio announces its new cloud AI service, but faces significant challenges and user dissatisfaction, leading to a volatile stock performance.",
    "days": [
        {
            "number": 1,
            "articles": [
                {
                    "eventId": "d1article1",
                    "title": "Unconfirmed Rumors of Invidio's New Cloud AI Service Sweepstakes",
                    "content": "In a rather unexpected turn of events, rumors are swirling around that Invidio (NVDO) might be launching a brand-new cloud AI service. While nothing has been confirmed yet, the speculation has set the tech world buzzing. Investors are already showing excitement, albeit cautiously, as they await official word.\n \nMisty Bankroll from Cash Clown states confidently, \"It's all but certain that Invidio is stepping into the cloud AI space. If you're not buying NVDO now, you're missing out on the first-class seats to the future.\"",
                    "stocks": [
                        "NVDO"
                    ],
                    "author": "Misty Bankroll",
                    "website": "Cash Clown"
                },
                {
                    "eventId": "d1article2",
                    "title": "Invidio Confirms Launch of Revolutionary Cloud AI Service",
                    "content": "Invidio (NVDO) has officially confirmed the launch of its much-anticipated cloud AI service. This cutting-edge platform promises to revolutionize how businesses and individuals utilize artificial intelligence in the cloud. \"We\u2019re setting a new standard for AI capabilities,\" the company announced today.\n\nGina Gadget from Tech Tattler enthuses, \"This is a game-changer for AI tech. Invidio's innovation is bound to set new benchmarks, and investors are already eager to see where this will go. The combination of AI and cloud computing at this level is truly groundbreaking.\"",
                    "stocks": [
                        "NVDO"
                    ],
                    "author": "Gina Gadget",
                    "website": "Tech Tattler"
                }
            ],
            "stockMovements": [
                {
                    "eventId": "d1movement1",
                    "stock": "NVDO",
                    "change": 1.5,
                    "percent": true
                },
                {
                    "eventId": "d1movement2",
                    "stock": "NVDO",
                    "change": 1.0,
                    "percent": true
                },
                {
                    "eventId": "d1movement3",
                    "stock": "NVDO",
                    "change": 1.5,
                    "percent": true
                },
                {
                    "eventId": "d1movement4",
                    "stock": "NVDO",
                    "change": 2.0,
                    "percent": true
                },
                {
                    "eventId": "d1movement5",
                    "stock": "NVDO",
                    "change": 1.5,
                    "percent": true
                },
                {
                    "eventId": "d1movement6",
                    "stock": "NVDO",
                    "change": 1.5,
                    "percent": true
                }
            ],
            "earningsReport": [],
            "eventSequence": [
                {
                    "eventId": "d1article1",
                    "delay": 0
                },
                {
                    "eventId": "d1movement1",
                    "delay": 120
                },
                {
                    "eventId": "d1movement2",
                    "delay": 120
                },
                {
                    "eventId": "d1movement3",
                    "delay": 120
                },
                {
                    "eventId": "d1article2",
                    "delay": 10800
                },
                {
                    "eventId": "d1movement4",
                    "delay": 120
                },
                {
                    "eventId": "d1movement5",
                    "delay": 150
                },
                {
                    "eventId": "d1movement6",
                    "delay": 180
                }
            ]
        },
        {
            "number": 2,
            "articles": [
                {
                    "eventId": "d2article1",
                    "title": "Early Feedback on Invidio's Cloud AI Service is Overwhelmingly Positive",
                    "content": "Early adopters of Invidio's (NVDO) new cloud AI service are showering it with praise. Users report blazing fast processing speeds and user-friendly interfaces. Investor confidence continues to rise as positive news pours in.\n\nPolly Profit from Bull and Bear Circus declares, \"Invidio has done it again! Everything about this service screams success. Smart money is buying NVDO, and it's clear we will see continuous upward momentum.\"",
                    "stocks": [
                        "NVDO"
                    ],
                    "author": "Polly Profit",
                    "website": "Bull and Bear Circus"
                },
                {
                    "eventId": "d2article2",
                    "title": "Technical Issues Surface in Invidio's New Cloud AI Service",
                    "content": "In a sobering twist, numerous reports are emerging about technical issues plaguing Invidio's (NVDO) new cloud AI service. Users have reported inconsistent performance and unexpected downtimes.\n\nGary Glitch from Silicon Circus notes, \"Just when things seemed perfect, the glitches began. Users are facing issues, and this could spell trouble for Invidio's latest venture.\"",
                    "stocks": [
                        "NVDO"
                    ],
                    "author": "Gary Glitch",
                    "website": "Silicon Circus"
                }
            ],
            "stockMovements": [
                {
                    "eventId": "d2movement1",
                    "stock": "NVDO",
                    "change": 1.0,
                    "percent": true
                },
                {
                    "eventId": "d2movement2",
                    "stock": "NVDO",
                    "change": 0.5,
                    "percent": true
                },
                {
                    "eventId": "d2movement3",
                    "stock": "NVDO",
                    "change": 1.5,
                    "percent": true
                },
                {
                    "eventId": "d2movement4",
                    "stock": "NVDO",
                    "change": -1.5,
                    "percent": true
                },
                {
                    "eventId": "d2movement5",
                    "stock": "NVDO",
                    "change": -1.0,
                    "percent": true
                },
                {
                    "eventId": "d2movement6",
                    "stock": "NVDO",
                    "change": -1.5,
                    "percent": true
                }
            ],
            "earningsReport": [],
            "eventSequence": [
                {
                    "eventId": "d2article1",
                    "delay": 3600
                },
                {
                    "eventId": "d2movement1",
                    "delay": 300
                },
                {
                    "eventId": "d2movement2",
                    "delay": 300
                },
                {
                    "eventId": "d2movement3",
                    "delay": 300
                },
                {
                    "eventId": "d2article2",
                    "delay": 3600
                },
                {
                    "eventId": "d2movement4",
                    "delay": 300
                },
                {
                    "eventId": "d2movement5",
                    "delay": 300
                },
                {
                    "eventId": "d2movement6",
                    "delay": 300
                }
            ]
        },
        {
            "number": 3,
            "articles": [
                {
                    "eventId": "d3article1",
                    "title": "Invidio Addresses Technical Issues in New AI Service",
                    "content": "In response to the growing concern, Invidio (NVDO) has issued a statement addressing the technical issues that have cropped up in their new AI service. Although they assured users of swift fixes, uncertainty lingers.\n\nSammy Security from Byte Banter cautions, \"Invidio is working to resolve these issues, but the damage might already be done. The user dissatisfaction is simmering, and it'll take more than quick fixes to regain trust.\"",
                    "stocks": [
                        "NVDO"
                    ],
                    "author": "Sammy Security",
                    "website": "Byte Banter"
                },
                {
                    "eventId": "d3article2",
                    "title": "Analysts Lower Growth Projections for Invidio, Stock Drops Sharply",
                    "content": "Analysts have downgraded Invidio's (NVDO) growth projections following the technical issues with their new AI service. The stock took a sharp plunge as investor confidence waned.\n\nCarl Calamity from Moolah Misfits warns, \"This significant downgrade is a clear indication of troubled waters ahead for Invidio. The stock\u2019s tumble reflects the shaken confidence in what was supposed to be their crowning achievement.\"",
                    "stocks": [
                        "NVDO"
                    ],
                    "author": "Carl Calamity",
                    "website": "Moolah Misfits"
                }
            ],
            "stockMovements": [
                {
                    "eventId": "d3movement1",
                    "stock": "NVDO",
                    "change": -2.0,
                    "percent": true
                },
                {
                    "eventId": "d3movement2",
                    "stock": "NVDO",
                    "change": -1.5,
                    "percent": true
                },
                {
                    "eventId": "d3movement3",
                    "stock": "NVDO",
                    "change": -1.5,
                    "percent": true
                },
                {
                    "eventId": "d3movement4",
                    "stock": "NVDO",
                    "change": -2.0,
                    "percent": true
                },
                {
                    "eventId": "d3movement5",
                    "stock": "NVDO",
                    "change": -2.0,
                    "percent": true
                },
                {
                    "eventId": "d3movement6",
                    "stock": "NVDO",
                    "change": -2.0,
                    "percent": true
                }
            ],
            "earningsReport": [],
            "eventSequence": [
                {
                    "eventId": "d3article1",
                    "delay": 3600
                },
                {
                    "eventId": "d3movement1",
                    "delay": 300
                },
                {
                    "eventId": "d3movement2",
                    "delay": 300
                },
                {
                    "eventId": "d3movement3",
                    "delay": 300
                },
                {
                    "eventId": "d3article2",
                    "delay": 3600
                },
                {
                    "eventId": "d3movement4",
                    "delay": 300
                },
                {
                    "eventId": "d3movement5",
                    "delay": 300
                },
                {
                    "eventId": "d3movement6",
                    "delay": 300
                }
            ]
        }
    ],
    "categories": [
        "product_launch",
        "technology",
        "stocks"
    ],
    "timeFrame": 3
}