{
    "id": "betazon_hyperloop_transportation_system",
    "title": "Betazon's Hyperloop Transportation System",
    "canRepeat": false,
    "description": "Betazon ventures into the hyperloop transportation industry, facing both excitement and challenges as it seeks to revolutionize travel.",
    "days": [
      {
        "number": 1,
        "articles": [
          {
            "eventId": "d1article1",
            "title": "Whispers in the Wind: Is Betazon Developing a Hyperloop System?",
            "content": "Rumor has it that e-commerce giant Betazon (BTZN) is venturing into the world of hyperloop transportation. Sources close to the company suggest that a dedicated team has been working on a secret project to develop a high-speed, energy-efficient transportation system.\n\nIf true, this move would mark a significant departure from Betazon's core business, but it wouldn't be the first time the company has surprised the market with an unexpected foray into a new industry. The potential implications of a Betazon-backed hyperloop are vast, with the possibility of revolutionizing both passenger and cargo transportation.\n\nHowever, skeptics point out that the hyperloop technology is still in its early stages, and even well-established players in the field have faced significant technical and regulatory hurdles. They question whether Betazon has the expertise and resources to overcome these challenges.\n\nAs the rumor spreads, investors are keeping a close eye on Betazon's stock, with some already betting on the company's ability to disrupt yet another industry. Only time will tell if this whispered project will become a reality, or if it will remain a mere figment of the rumor mill's imagination.",
            "stocks": [
              "BTZN"
            ],
            "author": "Gina Gadget",
            "website": "Tech Tattler"
          },
          {
            "eventId": "d1article2",
            "title": "Betazon Confirms Hyperloop Project, Promises Lightning-Fast Travel",
            "content": "In a stunning announcement, Betazon (BTZN) has confirmed that it is indeed developing a hyperloop transportation system. The company's CEO unveiled a series of sleek concept designs and promised that the system would revolutionize both passenger and cargo transport.\n\n\"Imagine traveling from New York to Washington, D.C. in just 30 minutes, or shipping goods across the country in a matter of hours,\" the CEO said during the press conference. \"That's the future we're building with Betazon Hyperloop.\"\n\nThe company claims that its system will not only be incredibly fast but also more energy-efficient and environmentally friendly than current transportation methods. Betazon also emphasized the potential economic benefits, suggesting that the hyperloop could create thousands of jobs and boost local economies along its routes.\n\nInvestors have reacted positively to the news, with Betazon's stock price surging in the wake of the announcement. However, some analysts caution that the company still faces significant challenges, including technical hurdles, regulatory barriers, and competition from other players in the hyperloop space.\n\nDespite these challenges, Betazon remains confident in its vision. The company has pledged to invest heavily in research and development and has already begun scouting potential routes for its hyperloop network. As the race to build the transportation system of the future heats up, Betazon looks poised to be a major contender.",
            "stocks": [
              "BTZN"
            ],
            "author": "Dramatic Dana",
            "website": "Bull and Bear Circus"
          }
        ],
        "stockMovements": [
          {
            "eventId": "d1movement1",
            "stock": "BTZN",
            "change": 1,
            "percent": true
          },
          {
            "eventId": "d1movement2",
            "stock": "BTZN",
            "change": 0.8,
            "percent": true
          },
          {
            "eventId": "d1movement3",
            "stock": "BTZN",
            "change": 0.7,
            "percent": true
          },
          {
            "eventId": "d1movement4",
            "stock": "BTZN",
            "change": 1.2,
            "percent": true
          },
          {
            "eventId": "d1movement5",
            "stock": "BTZN",
            "change": 1,
            "percent": true
          },
          {
            "eventId": "d1movement6",
            "stock": "BTZN",
            "change": 0.8,
            "percent": true
          }
        ],
        "earningsReport": [],
        "eventSequence": [
          {
            "eventId": "d1article1",
            "delay": 0
          },
          {
            "eventId": "d1movement1",
            "delay": 180
          },
          {
            "eventId": "d1movement2",
            "delay": 240
          },
          {
            "eventId": "d1movement3",
            "delay": 180
          },
          {
            "eventId": "d1article2",
            "delay": 10200
          },
          {
            "eventId": "d1movement4",
            "delay": 120
          },
          {
            "eventId": "d1movement5",
            "delay": 180
          },
          {
            "eventId": "d1movement6",
            "delay": 120
          }
        ]
      },
      {
        "number": 2,
        "articles": [
          {
            "eventId": "d2article1",
            "title": "Early Feedback on Betazon Hyperloop Positive, Stock Soars",
            "content": "Following Betazon's (BTZN) groundbreaking announcement of its hyperloop transportation project, early feedback from industry experts and potential customers has been overwhelmingly positive. Many are praising the company's vision and the potential impact the system could have on both travel and shipping.\n\n\"If Betazon can deliver on its promises, this could be a game-changer,\" said one transportation analyst. \"The idea of being able to travel between cities in a matter of minutes is incredibly appealing, and the environmental benefits are significant.\"\n\nPotential customers are also expressing excitement about the project. A survey conducted by a leading market research firm found that over 70% of respondents would be willing to use a hyperloop system for both personal and business travel.\n\nInvestors have taken notice of the positive buzz, with Betazon's stock price continuing to climb in the days following the announcement. Some analysts have even raised their price targets for the company, citing the hyperloop project as a key driver of future growth.\n\nHowever, others caution that it's still early days for the project, and that Betazon will need to navigate a host of technical and regulatory challenges before the hyperloop can become a reality. Nonetheless, the early signs are promising, and many are eager to see how Betazon's bold bet on the future of transportation will play out.",
            "stocks": [
              "BTZN"
            ],
            "author": "Polly Profit",
            "website": "Bull and Bear Circus"
          },
          {
            "eventId": "d2article2",
            "title": "Betazon Hyperloop Hits Speed Bumps: Technical and Regulatory Hurdles Emerge",
            "content": "Betazon's (BTZN) ambitious hyperloop project has encountered its first major obstacles, as reports of technical challenges and regulatory hurdles have begun to surface. Insiders say that the company has struggled to overcome some of the key engineering challenges associated with the high-speed transportation system.\n\n\"Building a functioning hyperloop is incredibly complex,\" said one source close to the project. \"There are issues with maintaining the vacuum seal, ensuring passenger safety, and dealing with the enormous energy requirements. It's not surprising that Betazon is facing some setbacks.\"\n\nIn addition to the technical challenges, the company is also navigating a complex web of regulations and red tape. The hyperloop would require approval from multiple federal and state agencies, and some experts say that the current regulatory framework is ill-equipped to deal with such a novel transportation system.\n\n\"The hyperloop doesn't fit neatly into any existing categories,\" said one transportation policy expert. \"Is it a train? A plane? Something else entirely? Regulators will need to create new rules and guidelines to ensure that the system is safe and reliable.\"\n\nDespite these challenges, Betazon remains committed to the project. In a statement, the company acknowledged the hurdles but said it was confident in its ability to overcome them. However, some investors are growing wary, and Betazon's stock price has begun to dip in the wake of these reports.\n\nAs the company continues to push forward with its hyperloop plans, all eyes will be on its ability to navigate these challenges and bring its vision of the future to life.",
            "stocks": [
              "BTZN"
            ],
            "author": "Dramatic Dave",
            "website": "Market Madness"
          }
        ],
        "stockMovements": [
          {
            "eventId": "d2movement1",
            "stock": "BTZN",
            "change": 1.2,
            "percent": true
          },
          {
            "eventId": "d2movement2",
            "stock": "BTZN",
            "change": 0.8,
            "percent": true
          },
          {
            "eventId": "d2movement3",
            "stock": "BTZN",
            "change": 0.5,
            "percent": true
          },
          {
            "eventId": "d2movement4",
            "stock": "BTZN",
            "change": -1,
            "percent": true
          },
          {
            "eventId": "d2movement5",
            "stock": "BTZN",
            "change": -0.5,
            "percent": true
          },
          {
            "eventId": "d2movement6",
            "stock": "BTZN",
            "change": -0.5,
            "percent": true
          }
        ],
        "earningsReport": [],
        "eventSequence": [
          {
            "eventId": "d2article1",
            "delay": 0
          },
          {
            "eventId": "d2movement1",
            "delay": 180
          },
          {
            "eventId": "d2movement2",
            "delay": 240
          },
          {
            "eventId": "d2movement3",
            "delay": 180
          },
          {
            "eventId": "d2article2",
            "delay": 13800
          },
          {
            "eventId": "d2movement4",
            "delay": 120
          },
          {
            "eventId": "d2movement5",
            "delay": 180
          },
          {
            "eventId": "d2movement6",
            "delay": 120
          }
        ]
      },
      {
        "number": 3,
        "articles": [
          {
            "eventId": "d3article1",
            "title": "Betazon Addresses Hyperloop Concerns, But Skepticism Lingers",
            "content": "Betazon (BTZN) has attempted to allay fears about the challenges facing its hyperloop project, but some skepticism remains. In a press conference, the company's CEO acknowledged the technical and regulatory hurdles but expressed confidence in Betazon's ability to overcome them.\n\n\"We knew from the start that this wouldn't be easy,\" the CEO said. \"But we have some of the best engineers and policy experts in the world working on this project, and we're making steady progress every day.\"\n\nThe company announced a series of partnerships with leading engineering firms and research institutions, as well as plans to work closely with regulators to develop a clear framework for the hyperloop. Betazon also emphasized the potential benefits of the system, arguing that it could revolutionize transportation and create thousands of jobs.\n\nDespite these assurances, some analysts remain skeptical. They point out that the hyperloop is still an unproven technology, and that even small setbacks could have significant consequences for the project's timeline and budget.\n\n\"Betazon is taking a big risk here,\" said one industry observer. \"They're betting billions on a technology that's never been deployed at scale before. If they can't deliver, it could be a major blow to the company's reputation and bottom line.\"\n\nInvestors appear to share these concerns, as Betazon's stock price has continued to slide in the wake of the company's latest update. Some have even begun to question whether the hyperloop project is a wise use of resources, given the company's core e-commerce business.\n\nAs Betazon forges ahead with its ambitious plans, the pressure is on to prove that the hyperloop is more than just a pipe dream. The company's future may well depend on its ability to turn this vision into a reality.",
            "stocks": [
              "BTZN"
            ],
            "author": "Sensational Sue",
            "website": "Market Madness"
          },
          {
            "eventId": "d3article2",
            "title": "Analysts Predict Long-Term Gains for Betazon Hyperloop, Despite Short-Term Volatility",
            "content": "While Betazon's (BTZN) hyperloop project has faced its share of challenges and skepticism, some analysts are taking a longer-term view. They argue that despite the short-term volatility, the potential payoff for Betazon could be enormous if the company can successfully bring the hyperloop to market.\n\n\"There's no question that this is a risky bet,\" said one analyst. \"But if Betazon can pull it off, the hyperloop could be a major new revenue stream for the company and could cement its position as a leader in the transportation industry.\"\n\nOthers point out that even if the hyperloop project faces delays or setbacks, the research and development that Betazon is putting into the technology could have spillover benefits for the company's other initiatives.\n\n\"The engineers and scientists working on the hyperloop are some of the brightest minds in the field,\" said another analyst. \"The knowledge and expertise they're developing could be applied to a wide range of other projects, from drones to autonomous vehicles.\"\n\nDespite these optimistic predictions, Betazon's stock remains volatile, as investors weigh the potential risks and rewards of the hyperloop project. Some are taking a wait-and-see approach, while others are betting that Betazon's track record of innovation and execution will win out in the end.\n\nAs the hyperloop saga continues to unfold, one thing is clear: Betazon is not a company that shies away from big bets and bold visions. Whether the hyperloop becomes a reality or remains a dream, it's a testament to the company's willingness to push the boundaries of what's possible.",
            "stocks": [
              "BTZN"
            ],
            "author": "Hype Harry",
            "website": "Market Madness"
          }
        ],
        "stockMovements": [
          {
            "eventId": "d3movement1",
            "stock": "BTZN",
            "change": -1.2,
            "percent": true
          },
          {
            "eventId": "d3movement2",
            "stock": "BTZN",
            "change": -0.8,
            "percent": true
          },
          {
            "eventId": "d3movement3",
            "stock": "BTZN",
            "change": -0.5,
            "percent": true
          },
          {
            "eventId": "d3movement4",
            "stock": "BTZN",
            "change": 0.5,
            "percent": true
          },
          {
            "eventId": "d3movement5",
            "stock": "BTZN",
            "change": 0.5,
            "percent": true
          },
          {
            "eventId": "d3movement6",
            "stock": "BTZN",
            "change": 0.5,
            "percent": true
          }
        ],
        "earningsReport": [],
        "eventSequence": [
          {
            "eventId": "d3article1",
            "delay": 0
          },
          {
            "eventId": "d3movement1",
            "delay": 180
          },
          {
            "eventId": "d3movement2",
            "delay": 240
          },
          {
            "eventId": "d3movement3",
            "delay": 180
          },
          {
            "eventId": "d3article2",
            "delay": 10200
          },
          {
            "eventId": "d3movement4",
            "delay": 120
          },
          {
            "eventId": "d3movement5",
            "delay": 180
          },
          {
            "eventId": "d3movement6",
            "delay": 120
          }
        ]
      }
    ],
    "categories": [
      "technology",
      "transportation"
    ],
    "timeFrame": 3
  }