{
    "id": "betazon_drone_delivery_regulatory_hurdles",
    "title": "Betazon's Drone Delivery Faces Regulatory Hurdles",
    "canRepeat": false,
    "description": "Betazon's plans for a drone delivery service are facing significant regulatory hurdles, causing delays and concerns among investors. The company promises to address these issues, but further challenges and analyst predictions are impacting stock value.",
    "days": [
        {
            "number": 1,
            "articles": [
                {
                    "eventId": "d1article1",
                    "title": "Betazon's Drone Delivery Service Hits Regulatory Roadblocks",
                    "content": "Betazon (BTZN) has encountered significant regulatory hurdles in its efforts to launch a drone delivery service. Government agencies have raised concerns about safety, privacy, and air traffic management, leading to delays in the rollout of this innovative service. The news has caused apprehension among investors, reflecting in the stock's performance.",
                    "stocks": [
                        "BTZN"
                    ],
                    "author": "Timmy Tumble",
                    "website": "Bull and Bear Circus"
                },
                {
                    "eventId": "d1article2",
                    "title": "Betazon Vows to Address Drone Delivery Concerns",
                    "content": "In response to the regulatory challenges, Betazon (BTZN) has assured stakeholders that it is taking all necessary steps to address the concerns raised by authorities. The company is working closely with regulators to ensure compliance and expedite the approval process. This commitment has slightly stabilized the stock, although long-term challenges remain.",
                    "stocks": [
                        "BTZN"
                    ],
                    "author": "Freddy Fortune",
                    "website": "Moolah Misfits"
                }
            ],
            "stockMovements": [
                {
                    "eventId": "d1movement1",
                    "stock": "BTZN",
                    "change": -1.0,
                    "percent": true
                },
                {
                    "eventId": "d1movement2",
                    "stock": "BTZN",
                    "change": -1.0,
                    "percent": true
                },
                {
                    "eventId": "d1movement3",
                    "stock": "BTZN",
                    "change": -0.5,
                    "percent": true
                },
                {
                    "eventId": "d1movement4",
                    "stock": "BTZN",
                    "change": 0.5,
                    "percent": true
                },
                {
                    "eventId": "d1movement5",
                    "stock": "BTZN",
                    "change": 0.5,
                    "percent": true
                }
            ],
            "eventSequence": [
                {
                    "eventId": "d1article1",
                    "delay": 0
                },
                {
                    "eventId": "d1movement1",
                    "delay": 300
                },
                {
                    "eventId": "d1movement2",
                    "delay": 600
                },
                {
                    "eventId": "d1movement3",
                    "delay": 1200
                },
                {
                    "eventId": "d1article2",
                    "delay": 8700
                },
                {
                    "eventId": "d1movement4",
                    "delay": 300
                },
                {
                    "eventId": "d1movement5",
                    "delay": 600
                }
            ]
        },
        {
            "number": 2,
            "articles": [
                {
                    "eventId": "d2article1",
                    "title": "Betazon Faces Additional Regulatory Challenges",
                    "content": "On the second day, Betazon (BTZN) encountered further regulatory challenges that are expected to delay the drone delivery service even more. New concerns about environmental impact and airspace regulations have been raised, adding to the company's hurdles.",
                    "stocks": [
                        "BTZN"
                    ],
                    "author": "Sally Shortsell",
                    "website": "Bull and Bear Circus"
                },
                {
                    "eventId": "d2article2",
                    "title": "Analysts Predict Significant Impact on Betazon's Delivery Efficiency",
                    "content": "Analysts are now predicting that the regulatory hurdles facing Betazon (BTZN) will have a significant impact on the company's delivery efficiency. The delays in implementing the drone delivery service are expected to affect Betazon's ability to meet customer demands promptly, which could result in loss of market share.",
                    "stocks": [
                        "BTZN"
                    ],
                    "author": "Greta Gamble",
                    "website": "Bull and Bear Circus"
                }
            ],
            "stockMovements": [
                {
                    "eventId": "d2movement1",
                    "stock": "BTZN",
                    "change": -1.0,
                    "percent": true
                },
                {
                    "eventId": "d2movement2",
                    "stock": "BTZN",
                    "change": -1.0,
                    "percent": true
                },
                {
                    "eventId": "d2movement3",
                    "stock": "BTZN",
                    "change": -1.0,
                    "percent": true
                },
                {
                    "eventId": "d2movement4",
                    "stock": "BTZN",
                    "change": -1.0,
                    "percent": true
                },
                {
                    "eventId": "d2movement5",
                    "stock": "BTZN",
                    "change": -1.0,
                    "percent": true
                }
            ],
            "eventSequence": [
                {
                    "eventId": "d2article1",
                    "delay": 0
                },
                {
                    "eventId": "d2movement1",
                    "delay": 300
                },
                {
                    "eventId": "d2movement2",
                    "delay": 600
                },
                {
                    "eventId": "d2movement3",
                    "delay": 1200
                },
                {
                    "eventId": "d2article2",
                    "delay": 12300
                },
                {
                    "eventId": "d2movement4",
                    "delay": 300
                },
                {
                    "eventId": "d2movement5",
                    "delay": 600
                }
            ]
        }
    ],
    "categories": [
        "regulatory_issues",
        "e-commerce"
    ],
    "timeFrame": 2
}