{
    "id": "betazon_cloud_ai_faces_backlash",
    "title": "Betazon's Cloud AI Faces Backlash",
    "canRepeat": false,
    "description": "Rumors of Betazon launching a revolutionary AI service through BWS have surfaced. The company confirms the launch, showcasing the AI's potential. Early feedback is positive, but privacy concerns emerge, causing the stock to dip. Betazon addresses the issues, but skepticism remains, leading to lowered growth projections and a sharp stock drop.",
    "days": [
      {
        "number": 1,
        "articles": [
          {
            "eventId": "d1article1",
            "title": "Rumors of Betazon's Revolutionary AI Service",
            "content": "Betazon (BTZN) is rumored to be launching a groundbreaking AI service through Betazon Web Services (BWS). This development has excited investors and tech enthusiasts, leading to a positive movement in the stock.",
            "stocks": [
              "BTZN"
            ],
            "author": "Freddy Fortune",
            "website": "Moolah Misfits"
          },
          {
            "eventId": "d1article2",
            "title": "Betazon Confirms Launch of AI Service",
            "content": "Betazon (BTZN) has confirmed the launch of its revolutionary AI service, showcasing its potential to transform industries. The announcement has further boosted investor confidence, driving the stock up.",
            "stocks": [
              "BTZN"
            ],
            "author": "Ned Nerdlinger",
            "website": "Tech Tattler"
          }
        ],
        "stockMovements": [
          {
            "eventId": "d1movement1",
            "stock": "BTZN",
            "change": 1,
            "percent": true
          },
          {
            "eventId": "d1movement2",
            "stock": "BTZN",
            "change": 1,
            "percent": true
          },
          {
            "eventId": "d1movement3",
            "stock": "BTZN",
            "change": 1,
            "percent": true
          },
          {
            "eventId": "d1movement4",
            "stock": "BTZN",
            "change": 1.5,
            "percent": true
          },
          {
            "eventId": "d1movement5",
            "stock": "BTZN",
            "change": 2,
            "percent": true
          }
        ],
        "eventSequence": [
          {
            "eventId": "d1article1",
            "delay": 0
          },
          {
            "eventId": "d1movement1",
            "delay": 300
          },
          {
            "eventId": "d1movement2",
            "delay": 600
          },
          {
            "eventId": "d1movement3",
            "delay": 1200
          },
          {
            "eventId": "d1article2",
            "delay": 8700
          },
          {
            "eventId": "d1movement4",
            "delay": 300
          },
          {
            "eventId": "d1movement5",
            "delay": 600
          }
        ]
      },
      {
        "number": 2,
        "articles": [
          {
            "eventId": "d2article1",
            "title": "Early Feedback on Betazon's AI is Positive",
            "content": "Early feedback on Betazon's (BTZN) new AI service has been overwhelmingly positive. Users are impressed with the AI's capabilities, leading to a continued rise in the stock price.",
            "stocks": [
              "BTZN"
            ],
            "author": "Holly Hacker",
            "website": "Byte Banter"
          },
          {
            "eventId": "d2article2",
            "title": "Privacy Concerns Emerge Around Betazon's AI",
            "content": "Despite the positive feedback, privacy concerns about Betazon's (BTZN) AI service have started to emerge. Critics are worried about how the AI handles sensitive data, causing a dip in the stock price.",
            "stocks": [
              "BTZN"
            ],
            "author": "Gary Glitch",
            "website": "Silicon Circus"
          }
        ],
        "stockMovements": [
          {
            "eventId": "d2movement1",
            "stock": "BTZN",
            "change": 1,
            "percent": true
          },
          {
            "eventId": "d2movement2",
            "stock": "BTZN",
            "change": 1,
            "percent": true
          },
          {
            "eventId": "d2movement3",
            "stock": "BTZN",
            "change": 0.5,
            "percent": true
          },
          {
            "eventId": "d2movement4",
            "stock": "BTZN",
            "change": -1,
            "percent": true
          },
          {
            "eventId": "d2movement5",
            "stock": "BTZN",
            "change": -1.5,
            "percent": true
          }
        ],
        "eventSequence": [
          {
            "eventId": "d2article1",
            "delay": 0
          },
          {
            "eventId": "d2movement1",
            "delay": 300
          },
          {
            "eventId": "d2movement2",
            "delay": 600
          },
          {
            "eventId": "d2movement3",
            "delay": 1200
          },
          {
            "eventId": "d2article2",
            "delay": 12300
          },
          {
            "eventId": "d2movement4",
            "delay": 300
          },
          {
            "eventId": "d2movement5",
            "delay": 600
          }
        ]
      },
      {
        "number": 3,
        "articles": [
          {
            "eventId": "d3article1",
            "title": "Betazon Addresses Privacy Issues",
            "content": "Betazon (BTZN) has addressed the privacy concerns surrounding its AI service, but skepticism remains. The company detailed measures it is taking to protect user data, but investors are cautious.",
            "stocks": [
              "BTZN"
            ],
            "author": "Sally Shortsell",
            "website": "Bull and Bear Circus"
          },
          {
            "eventId": "d3article2",
            "title": "Analysts Lower Growth Projections for Betazon",
            "content": "Analysts have lowered their growth projections for Betazon (BTZN) following the privacy concerns and the company's response. The revised projections have led to a sharp drop in the stock price.",
            "stocks": [
              "BTZN"
            ],
            "author": "Greta Gamble",
            "website": "Bull and Bear Circus"
          }
        ],
        "stockMovements": [
          {
            "eventId": "d3movement1",
            "stock": "BTZN",
            "change": -1,
            "percent": true
          },
          {
            "eventId": "d3movement2",
            "stock": "BTZN",
            "change": -1,
            "percent": true
          },
          {
            "eventId": "d3movement3",
            "stock": "BTZN",
            "change": -1,
            "percent": true
          },
          {
            "eventId": "d3movement4",
            "stock": "BTZN",
            "change": -2,
            "percent": true
          },
          {
            "eventId": "d3movement5",
            "stock": "BTZN",
            "change": -2,
            "percent": true
          }
        ],
        "eventSequence": [
          {
            "eventId": "d3article1",
            "delay": 0
          },
          {
            "eventId": "d3movement1",
            "delay": 300
          },
          {
            "eventId": "d3movement2",
            "delay": 600
          },
          {
            "eventId": "d3movement3",
            "delay": 1200
          },
          {
            "eventId": "d3article2",
            "delay": 8700
          },
          {
            "eventId": "d3movement4",
            "delay": 300
          },
          {
            "eventId": "d3movement5",
            "delay": 600
          }
        ]
      }
    ],
    "categories": [
      "tech_innovation",
      "cloud_computing"
    ],
    "timeFrame": 3
  }