{
    "id": "betazon_space_tourism_initiative",
    "title": "Betazon's Space Tourism Initiative",
    "canRepeat": false,
    "description": "Rumors have surfaced about Betazon entering the space tourism market. The company confirms the initiative, aiming for affordable space travel. However, skepticism about feasibility and safety causes a dip in stock value. Betazon reassures investors with detailed plans, leading to a slight recovery.",
    "days": [
        {
            "number": 1,
            "articles": [
                {
                    "eventId": "d1article1",
                    "title": "Rumors of Betazon Entering Space Tourism Market",
                    "content": "Exciting rumors are circulating about Betazon (BTZN) planning to enter the space tourism market. The speculation has created a buzz among investors and space enthusiasts, driving up the stock price as the market reacts to the possibility of affordable space travel.",
                    "stocks": [
                        "BTZN"
                    ],
                    "author": "Freddy Fortune",
                    "website": "Moolah Misfits"
                },
                {
                    "eventId": "d1article2",
                    "title": "Betazon Confirms Space Tourism Initiative",
                    "content": "Betazon (BTZN) has officially confirmed its plans to enter the space tourism market, aiming to make space travel more affordable and accessible to the public. The announcement has generated significant excitement, with the company outlining ambitious goals for its new initiative. The stock has responded positively to this groundbreaking news.",
                    "stocks": [
                        "BTZN"
                    ],
                    "author": "Holly Hacker",
                    "website": "Byte Banter"
                },
                {
                    "eventId": "d1article3",
                    "title": "Skepticism Arises Over Betazon's Space Tourism Feasibility",
                    "content": "Despite the initial enthusiasm, skepticism about the feasibility and safety of Betazon's (BTZN) space tourism plans has started to surface. Critics argue that the challenges of space travel, including safety concerns and high costs, may be too significant for Betazon to overcome easily. These doubts have caused a dip in the stock price as investors reassess the risks involved.",
                    "stocks": [
                        "BTZN"
                    ],
                    "author": "Gary Glitch",
                    "website": "Silicon Circus"
                },
                {
                    "eventId": "d1article4",
                    "title": "Betazon Reassures Investors with Detailed Space Tourism Plans",
                    "content": "In response to the growing skepticism, Betazon (BTZN) has released detailed plans for its space tourism initiative, reassuring investors about the feasibility and safety of the project. The company has highlighted its partnerships with leading aerospace firms and outlined a clear roadmap for achieving its goals. This comprehensive update has helped stabilize the stock price.",
                    "stocks": [
                        "BTZN"
                    ],
                    "author": "Ned Nerdlinger",
                    "website": "Tech Tattler"
                }
            ],
            "stockMovements": [
                {
                    "eventId": "d1movement1",
                    "stock": "BTZN",
                    "change": 1.0,
                    "percent": true
                },
                {
                    "eventId": "d1movement2",
                    "stock": "BTZN",
                    "change": 1.0,
                    "percent": true
                },
                {
                    "eventId": "d1movement3",
                    "stock": "BTZN",
                    "change": 1.0,
                    "percent": true
                },
                {
                    "eventId": "d1movement4",
                    "stock": "BTZN",
                    "change": 1.0,
                    "percent": true
                },
                {
                    "eventId": "d1movement5",
                    "stock": "BTZN",
                    "change": 1.5,
                    "percent": true
                },
                {
                    "eventId": "d1movement6",
                    "stock": "BTZN",
                    "change": -1.0,
                    "percent": true
                },
                {
                    "eventId": "d1movement7",
                    "stock": "BTZN",
                    "change": -1.0,
                    "percent": true
                },
                {
                    "eventId": "d1movement8",
                    "stock": "BTZN",
                    "change": -1.0,
                    "percent": true
                },
                {
                    "eventId": "d1movement9",
                    "stock": "BTZN",
                    "change": 0.5,
                    "percent": true
                },
                {
                    "eventId": "d1movement10",
                    "stock": "BTZN",
                    "change": 0.5,
                    "percent": true
                },
                {
                    "eventId": "d1movement11",
                    "stock": "BTZN",
                    "change": 0.5,
                    "percent": true
                }
            ],
            "eventSequence": [
                {
                    "eventId": "d1article1",
                    "delay": 3600
                },
                {
                    "eventId": "d1movement1",
                    "delay": 300
                },
                {
                    "eventId": "d1movement2",
                    "delay": 300
                },
                {
                    "eventId": "d1movement3",
                    "delay": 300
                },
                {
                    "eventId": "d1article2",
                    "delay": 3600
                },
                {
                    "eventId": "d1movement4",
                    "delay": 300
                },
                {
                    "eventId": "d1movement5",
                    "delay": 300
                },
                {
                    "eventId": "d1article3",
                    "delay": 3600
                },
                {
                    "eventId": "d1movement6",
                    "delay": 300
                },
                {
                    "eventId": "d1movement7",
                    "delay": 300
                },
                {
                    "eventId": "d1movement8",
                    "delay": 300
                },
                {
                    "eventId": "d1article4",
                    "delay": 3600
                },
                {
                    "eventId": "d1movement9",
                    "delay": 300
                },
                {
                    "eventId": "d1movement10",
                    "delay": 300
                },
                {
                    "eventId": "d1movement11",
                    "delay": 300
                }
            ]
        }
    ],
    "categories": [
        "tech_innovation",
        "space_exploration"
    ],
    "timeFrame": 1
}