{
    "id": "microloft_faces_massive_fine_for_antitrust_violations",
    "title": "Microloft Faces Massive Fine for Antitrust Violations",
    "canRepeat": false,
    "description": "Microloft faces a massive fine for antitrust violations. Analysts predict long-term financial impact.",
    "days": [
        {
            "number": 1,
            "articles": [
                {
                    "eventId": "d1article1",
                    "title": "Microloft Faces Massive Antitrust Fine",
                    "content": "Microloft Corporation (MLFT) is facing a massive fine for antitrust violations. This development comes after a regulatory investigation found the tech giant guilty of monopolistic practices. The news has shaken investors' confidence, and the company's stock has already started to feel the impact.\n\nThe fine is reported to be one of the largest ever imposed on a technology company, highlighting the severity of the violation. The announcement has sparked a flurry of discussions among market analysts and tech industry insiders about the long-term implications for the company and the broader market.",
                    "stocks": [
                        "MLFT"
                    ],
                    "author": "Timmy Tumble",
                    "website": "Bull and Bear Circus"
                }
            ],
            "stockMovements": [
                {
                    "eventId": "d1movement1",
                    "stock": "MLFT",
                    "change": -1.0,
                    "percent": true,
                    "delay": 60
                },
                {
                    "eventId": "d1movement2",
                    "stock": "MLFT",
                    "change": -1.0,
                    "percent": true,
                    "delay": 60
                },
                {
                    "eventId": "d1movement3",
                    "stock": "MLFT",
                    "change": -1.0,
                    "percent": true,
                    "delay": 60
                }
            ],
            "earningsReport": [],
            "eventSequence": [
                {
                    "eventId": "d1article1",
                    "delay": 0
                },
                {
                    "eventId": "d1movement1",
                    "delay": 0
                },
                {
                    "eventId": "d1movement2",
                    "delay": 60
                },
                {
                    "eventId": "d1movement3",
                    "delay": 120
                }
            ]
        },
        {
            "number": 1,
            "articles": [
                {
                    "eventId": "d1article2",
                    "title": "Microloft Acknowledges Fine, Plans to Appeal",
                    "content": "Microloft Corporation has officially acknowledged the massive fine imposed for antitrust violations. In a statement released to the press, the company expressed its disappointment with the regulatory decision and confirmed that it plans to appeal the ruling. Despite this assurance, the stock has continued to slide, reflecting investor concerns about the potential long-term impacts.\n\nMicroloft's legal team is preparing to challenge the fine in court, a process that could take several years and incur significant legal costs. The company maintains that its business practices have always been in compliance with antitrust laws, and it is hopeful that the appeal will overturn the decision.",
                    "stocks": [
                        "MLFT"
                    ],
                    "author": "Polly Profit",
                    "website": "Bull and Bear Circus"
                }
            ],
            "stockMovements": [
                {
                    "eventId": "d1movement4",
                    "stock": "MLFT",
                    "change": -0.5,
                    "percent": true,
                    "delay": 60
                },
                {
                    "eventId": "d1movement5",
                    "stock": "MLFT",
                    "change": -0.5,
                    "percent": true,
                    "delay": 60
                },
                {
                    "eventId": "d1movement6",
                    "stock": "MLFT",
                    "change": -0.5,
                    "percent": true,
                    "delay": 60
                }
            ],
            "earningsReport": [],
            "eventSequence": [
                {
                    "eventId": "d1article2",
                    "delay": 7020
                },
                {
                    "eventId": "d1movement4",
                    "delay": 0
                },
                {
                    "eventId": "d1movement5",
                    "delay": 60
                },
                {
                    "eventId": "d1movement6",
                    "delay": 120
                }
            ]
        },
        {
            "number": 1,
            "articles": [
                {
                    "eventId": "d1article3",
                    "title": "Analysts Predict Long-Term Financial Impact for Microloft",
                    "content": "Following the announcement of the massive antitrust fine and Microloft's response, analysts are weighing in on the long-term financial impact for the company. Many experts predict that the fine, along with the prolonged legal battle, could have significant repercussions for Microloft's financial health and market position.\n\nInvestment banks have started to revise their forecasts for Microloft's earnings, citing the potential for reduced market competitiveness and increased scrutiny from regulators. The consensus is that while Microloft is likely to survive the ordeal, it will face considerable challenges in maintaining its current growth trajectory. The stock continues to decline as investors digest the gravity of the situation.",
                    "stocks": [
                        "MLFT"
                    ],
                    "author": "Carl Calamity",
                    "website": "Moolah Misfits"
                }
            ],
            "stockMovements": [
                {
                    "eventId": "d1movement7",
                    "stock": "MLFT",
                    "change": -1.0,
                    "percent": true,
                    "delay": 60
                },
                {
                    "eventId": "d1movement8",
                    "stock": "MLFT",
                    "change": -1.0,
                    "percent": true,
                    "delay": 60
                },
                {
                    "eventId": "d1movement9",
                    "stock": "MLFT",
                    "change": -1.0,
                    "percent": true,
                    "delay": 60
                },
                {
                    "eventId": "d1movement10",
                    "stock": "MLFT",
                    "change": -0.5,
                    "percent": true,
                    "delay": 60
                }
            ],
            "earningsReport": [],
            "eventSequence": [
                {
                    "eventId": "d1article3",
                    "delay": 14220
                },
                {
                    "eventId": "d1movement7",
                    "delay": 0
                },
                {
                    "eventId": "d1movement8",
                    "delay": 60
                },
                {
                    "eventId": "d1movement9",
                    "delay": 120
                },
                {
                    "eventId": "d1movement10",
                    "delay": 180
                }
            ]
        }
    ],
    "categories": [
        "legal_issues",
        "technology"
    ],
    "timeFrame": 1
}