{
    "id": "microloft_privacy_concerns",
    "title": "Microloft Faces Backlash Over Privacy Concerns",
    "canRepeat": false,
    "description": "Microloft faces backlash over privacy concerns with its new software update. Despite efforts to defend its practices, the stock takes a hit before recovering slightly later.",
    "days": [
        {
            "number": 1,
            "articles": [
                {
                    "eventId": "d1article1",
                    "title": "Reports Surface on Microloft's Privacy Issues",
                    "content": "Microloft Corporation (MLFT) is in hot water today as reports have emerged about significant privacy concerns with their latest software update. Users have taken to social media in droves, complaining about the invasive data collection practices that come with the new update. Tech Tattler's Sammy Security warns users to be vigilant to avoid any potential data breaches.",
                    "stocks": [
                        "MLFT"
                    ],
                    "author": "Sammy Security",
                    "website": "Tech Tattler"
                },
                {
                    "eventId": "d1article2",
                    "title": "Microloft Defends Its Privacy Practices",
                    "content": "In response to the backlash, Microloft Corporation (MLFT) has published a statement defending its privacy policies. They claim that the data collected is essential for improving user experience and is securely handled. However, skepticism remains high among privacy advocates. Bull and Bear Circus\u2019s Timmy Tumble predicts this might be just the tip of the iceberg for MLFT's troubles.",
                    "stocks": [
                        "MLFT"
                    ],
                    "author": "Timmy Tumble",
                    "website": "Bull and Bear Circus"
                },
                {
                    "eventId": "d1article3",
                    "title": "Privacy Groups Call for Microloft Boycott",
                    "content": "The controversy has intensified as prominent privacy advocacy groups have called for a boycott of Microloft Corporation (MLFT). Accusing the company of disregarding user privacy, they urge consumers to uninstall the software update and switch to alternative solutions. Market Madness\u2019s Sensational Sue portrays this as a landmark moment in the battle for digital privacy.",
                    "stocks": [
                        "MLFT"
                    ],
                    "author": "Sensational Sue",
                    "website": "Market Madness"
                },
                {
                    "eventId": "d1article4",
                    "title": "Microloft Announces New Privacy Policy Amid Backlash",
                    "content": "Amidst the growing discontent, Microloft Corporation (MLFT) has announced a comprehensive new privacy policy aimed at addressing user concerns. The new policy promises greater transparency and control over data collection practices. Trend Tribune\u2019s Pop Culture Paula notes that this move may help regain some investor confidence, though the road to recovery could be long.",
                    "stocks": [
                        "MLFT"
                    ],
                    "author": "Pop Culture Paula",
                    "website": "Trend Tribune"
                }
            ],
            "stockMovements": [
                {
                    "eventId": "d1movement1",
                    "stock": "MLFT",
                    "change": -1.0,
                    "percent": true,
                    "delay": 120
                },
                {
                    "eventId": "d1movement2",
                    "stock": "MLFT",
                    "change": -0.8,
                    "percent": true,
                    "delay": 120
                },
                {
                    "eventId": "d1movement3",
                    "stock": "MLFT",
                    "change": -0.7,
                    "percent": true,
                    "delay": 180
                },
                {
                    "eventId": "d1movement4",
                    "stock": "MLFT",
                    "change": -0.5,
                    "percent": true,
                    "delay": 120
                },
                {
                    "eventId": "d1movement5",
                    "stock": "MLFT",
                    "change": -0.6,
                    "percent": true,
                    "delay": 180
                },
                {
                    "eventId": "d1movement6",
                    "stock": "MLFT",
                    "change": -0.4,
                    "percent": true,
                    "delay": 300
                },
                {
                    "eventId": "d1movement7",
                    "stock": "MLFT",
                    "change": -1.0,
                    "percent": true,
                    "delay": 120
                },
                {
                    "eventId": "d1movement8",
                    "stock": "MLFT",
                    "change": -1.0,
                    "percent": true,
                    "delay": 180
                },
                {
                    "eventId": "d1movement9",
                    "stock": "MLFT",
                    "change": -1.0,
                    "percent": true,
                    "delay": 300
                },
                {
                    "eventId": "d1movement10",
                    "stock": "MLFT",
                    "change": 0.5,
                    "percent": true,
                    "delay": 120
                },
                {
                    "eventId": "d1movement11",
                    "stock": "MLFT",
                    "change": 0.5,
                    "percent": true,
                    "delay": 180
                },
                {
                    "eventId": "d1movement12",
                    "stock": "MLFT",
                    "change": 0.5,
                    "percent": true,
                    "delay": 300
                }
            ],
            "earningsReport": [],
            "eventSequence": [
                {
                    "eventId": "d1article1",
                    "delay": 3600
                },
                {
                    "eventId": "d1movement1",
                    "delay": 300
                },
                {
                    "eventId": "d1movement2",
                    "delay": 300
                },
                {
                    "eventId": "d1movement3",
                    "delay": 300
                },
                {
                    "eventId": "d1article2",
                    "delay": 3600
                },
                {
                    "eventId": "d1movement4",
                    "delay": 300
                },
                {
                    "eventId": "d1movement5",
                    "delay": 300
                },
                {
                    "eventId": "d1movement6",
                    "delay": 300
                },
                {
                    "eventId": "d1article3",
                    "delay": 3600
                },
                {
                    "eventId": "d1movement7",
                    "delay": 300
                },
                {
                    "eventId": "d1movement8",
                    "delay": 300
                },
                {
                    "eventId": "d1movement9",
                    "delay": 300
                },
                {
                    "eventId": "d1article4",
                    "delay": 3600
                },
                {
                    "eventId": "d1movement10",
                    "delay": 300
                },
                {
                    "eventId": "d1movement11",
                    "delay": 300
                },
                {
                    "eventId": "d1movement12",
                    "delay": 300
                }
            ]
        }
    ],
    "categories": [
        "privacy_concerns",
        "technology"
    ],
    "timeFrame": 1
}