{
    "id": "microloft_unveils_revolutionary_gaming_console",
    "title": "Microloft Unveils Revolutionary Gaming Console",
    "canRepeat": false,
    "description": "Microloft unveils a highly advanced gaming console, sparking excitement and causing waves in the stock market. However, concerns over overheating emerge shortly after pre-orders sell out.",
    "days": [
        {
            "number": 1,
            "articles": [
                {
                    "eventId": "d1article1",
                    "title": "Rumors Emerge of Microloft's New Gaming Console",
                    "content": "Reports have surfaced suggesting that Microloft (MLFT) is on the brink of unveiling a new, groundbreaking gaming console. Industry insiders claim the console boasts unprecedented power, advanced graphics, and innovative new features. The buzz has already started to affect investors' moods positively.",
                    "stocks": [
                        "MLFT"
                    ],
                    "author": "Epic Eric",
                    "website": "ConsoleCarnival.com"
                },
                {
                    "eventId": "d1article2",
                    "title": "Microloft Officially Announces Revolutionary Gaming Console",
                    "content": "Microloft (MLFT) has officially unveiled its new gaming console, exceeding all expectations. The company has emphasized its powerful graphics capabilities, superior performance, and innovative game-play features that promise to transform the gaming landscape. Enthusiasts and investors alike are thrilled by the announcement, driving up the stock prices as excitement builds.",
                    "stocks": [
                        "MLFT"
                    ],
                    "author": "Greta Gamble",
                    "website": "Bull and Bear Circus"
                },
                {
                    "eventId": "d1article3",
                    "title": "Microloft's New Console Pre-Orders Sell Out Within Hours",
                    "content": "In a surprising turn of events, pre-orders for Microloft's (MLFT) highly anticipated new gaming console sold out within hours of going live. The overwhelming demand has fueled excitement among investors, leading to a significant surge in the company's stock price. The gaming community is abuzz with anticipation as the release date approaches.",
                    "stocks": [
                        "MLFT"
                    ],
                    "author": "Timmy Tumble",
                    "website": "Bull and Bear Circus"
                },
                {
                    "eventId": "d1article4",
                    "title": "Reports of Overheating Issues with Microloft's New Console",
                    "content": "Amid the excitement for Microloft's (MLFT) new gaming console, reports have emerged of overheating issues during extended play sessions. While the company has yet to comment officially, the news has caused some concern among early adopters and investors. It remains to be seen how these issues will affect the console's launch and overall reception.",
                    "stocks": [
                        "MLFT"
                    ],
                    "author": "Sammy Security",
                    "website": "Tech Tattler"
                }
            ],
            "stockMovements": [
                {
                    "eventId": "d1movement1",
                    "stock": "MLFT",
                    "change": 0.83,
                    "percent": true,
                    "delay": 200
                },
                {
                    "eventId": "d1movement2",
                    "stock": "MLFT",
                    "change": 0.83,
                    "percent": true,
                    "delay": 400
                },
                {
                    "eventId": "d1movement3",
                    "stock": "MLFT",
                    "change": 0.84,
                    "percent": true,
                    "delay": 600
                },
                {
                    "eventId": "d1movement4",
                    "stock": "MLFT",
                    "change": 1.16,
                    "percent": true,
                    "delay": 300
                },
                {
                    "eventId": "d1movement5",
                    "stock": "MLFT",
                    "change": 1.17,
                    "percent": true,
                    "delay": 350
                },
                {
                    "eventId": "d1movement6",
                    "stock": "MLFT",
                    "change": 1.17,
                    "percent": true,
                    "delay": 450
                },
                {
                    "eventId": "d1movement7",
                    "stock": "MLFT",
                    "change": 1.33,
                    "percent": true,
                    "delay": 400
                },
                {
                    "eventId": "d1movement8",
                    "stock": "MLFT",
                    "change": 1.34,
                    "percent": true,
                    "delay": 450
                },
                {
                    "eventId": "d1movement9",
                    "stock": "MLFT",
                    "change": 1.33,
                    "percent": true,
                    "delay": 600
                },
                {
                    "eventId": "d1movement10",
                    "stock": "MLFT",
                    "change": -0.34,
                    "percent": true,
                    "delay": 10
                },
                {
                    "eventId": "d1movement11",
                    "stock": "MLFT",
                    "change": -0.33,
                    "percent": true,
                    "delay": 10
                },
                {
                    "eventId": "d1movement12",
                    "stock": "MLFT",
                    "change": -0.33,
                    "percent": true,
                    "delay": 10
                }
            ],
            "earningsReport": [],
            "eventSequence": [
                {
                    "eventId": "d1article1",
                    "delay": 3600
                },
                {
                    "eventId": "d1movement1",
                    "delay": 300
                },
                {
                    "eventId": "d1movement2",
                    "delay": 300
                },
                {
                    "eventId": "d1movement3",
                    "delay": 300
                },
                {
                    "eventId": "d1article2",
                    "delay": 3600
                },
                {
                    "eventId": "d1movement4",
                    "delay": 300
                },
                {
                    "eventId": "d1movement5",
                    "delay": 300
                },
                {
                    "eventId": "d1movement6",
                    "delay": 300
                },
                {
                    "eventId": "d1article3",
                    "delay": 3600
                },
                {
                    "eventId": "d1movement7",
                    "delay": 300
                },
                {
                    "eventId": "d1movement8",
                    "delay": 300
                },
                {
                    "eventId": "d1movement9",
                    "delay": 300
                },
                {
                    "eventId": "d1article4",
                    "delay": 3600
                },
                {
                    "eventId": "d1movement10",
                    "delay": 300
                },
                {
                    "eventId": "d1movement11",
                    "delay": 300
                },
                {
                    "eventId": "d1movement12",
                    "delay": 300
                }
            ]
        }
    ],
    "categories": [
        "product_launch",
        "gaming"
    ],
    "timeFrame": 1
}