{
    "id": "microloft_vr_headset_technical_issues",
    "title": "Microloft's VR Headset Faces Technical Issues",
    "canRepeat": false,
    "description": "Microloft's latest VR headset launch faces numerous challenges, causing severe stock fluctuations.",
    "days": [
        {
            "number": 1,
            "articles": [
                {
                    "eventId": "d1article1",
                    "title": "Microloft Rumored to Launch a Revolutionary VR Headset",
                    "content": "Speculation is rife about Microloft (MLFT) introducing a cutting-edge VR headset. Sources claim it will revolutionize the virtual reality experience.",
                    "stocks": [
                        "MLFT"
                    ],
                    "author": "Hype Harry",
                    "website": "Market Madness"
                },
                {
                    "eventId": "d1article2",
                    "title": "Microloft Confirms VR Headset Launch, Promises Unmatched Immersive Experience",
                    "content": "Microloft (MLFT) officially announced its new VR headset, promising an immersive experience unparalleled in the market. CEO Nadella spoke about the breakthrough technology, which aims to set new standards.",
                    "stocks": [
                        "MLFT"
                    ],
                    "author": "Diana Data",
                    "website": "Silicon Circus"
                }
            ],
            "stockMovements": [
                {
                    "eventId": "d1movement1",
                    "stock": "MLFT",
                    "change": 1.0,
                    "percent": true
                },
                {
                    "eventId": "d1movement2",
                    "stock": "MLFT",
                    "change": 1.0,
                    "percent": true
                },
                {
                    "eventId": "d1movement3",
                    "stock": "MLFT",
                    "change": 1.0,
                    "percent": true
                },
                {
                    "eventId": "d1movement4",
                    "stock": "MLFT",
                    "change": 1.0,
                    "percent": true
                },
                {
                    "eventId": "d1movement5",
                    "stock": "MLFT",
                    "change": 1.0,
                    "percent": true
                },
                {
                    "eventId": "d1movement6",
                    "stock": "MLFT",
                    "change": 1.0,
                    "percent": true
                },
                {
                    "eventId": "d1movement7",
                    "stock": "MLFT",
                    "change": 1.0,
                    "percent": true
                }
            ],
            "earningsReport": [],
            "eventSequence": [
                {
                    "eventId": "d1article1",
                    "delay": 0
                },
                {
                    "eventId": "d1movement1",
                    "delay": 150
                },
                {
                    "eventId": "d1movement2",
                    "delay": 150
                },
                {
                    "eventId": "d1movement3",
                    "delay": 150
                },
                {
                    "eventId": "d1article2",
                    "delay": 7815
                },
                {
                    "eventId": "d1movement4",
                    "delay": 150
                },
                {
                    "eventId": "d1movement5",
                    "delay": 150
                },
                {
                    "eventId": "d1movement6",
                    "delay": 150
                },
                {
                    "eventId": "d1movement7",
                    "delay": 150
                }
            ]
        },
        {
            "number": 2,
            "articles": [
                {
                    "eventId": "d2article1",
                    "title": "Early Reviews of Microloft's VR Headset Are Overwhelmingly Positive",
                    "content": "Early reviews for Microloft's (MLFT) new VR headset are in, and the feedback is exhilarating. Reviewers highlight the exceptional immersive experience and innovative features, setting a new bar in VR technology.",
                    "stocks": [
                        "MLFT"
                    ],
                    "author": "Polly Profit",
                    "website": "Bull and Bear Circus"
                },
                {
                    "eventId": "d2article2",
                    "title": "Reports of Technical Issues Surface with Microloft's VR Headset",
                    "content": "Just hours after the wave of positive reviews, reports began surfacing about various technical issues with Microloft's (MLFT) new VR headset. Customers have reported problems ranging from software crashes to hardware malfunctions, leading to growing concerns.",
                    "stocks": [
                        "MLFT"
                    ],
                    "author": "Freddy Fortune",
                    "website": "Moolah Misfits"
                }
            ],
            "stockMovements": [
                {
                    "eventId": "d2movement1",
                    "stock": "MLFT",
                    "change": 0.5,
                    "percent": true
                },
                {
                    "eventId": "d2movement2",
                    "stock": "MLFT",
                    "change": 1.0,
                    "percent": true
                },
                {
                    "eventId": "d2movement3",
                    "stock": "MLFT",
                    "change": 1.0,
                    "percent": true
                },
                {
                    "eventId": "d2movement4",
                    "stock": "MLFT",
                    "change": -0.5,
                    "percent": true
                },
                {
                    "eventId": "d2movement5",
                    "stock": "MLFT",
                    "change": -1.5,
                    "percent": true
                }
            ],
            "earningsReport": [],
            "eventSequence": [
                {
                    "eventId": "d2article1",
                    "delay": 0
                },
                {
                    "eventId": "d2movement1",
                    "delay": 200
                },
                {
                    "eventId": "d2movement2",
                    "delay": 300
                },
                {
                    "eventId": "d2movement3",
                    "delay": 400
                },
                {
                    "eventId": "d2article2",
                    "delay": 12800
                },
                {
                    "eventId": "d2movement4",
                    "delay": 300
                },
                {
                    "eventId": "d2movement5",
                    "delay": 300
                }
            ]
        },
        {
            "number": 3,
            "articles": [
                {
                    "eventId": "d3article1",
                    "title": "Microloft Promises VR Headset Fixes Amidst Customer Dissatisfaction",
                    "content": "Microloft (MLFT) has issued a statement addressing the technical issues of its VR headset, promising timely fixes. Despite these assurances, customer dissatisfaction continues to spread, raising further concerns about long-term impacts.",
                    "stocks": [
                        "MLFT"
                    ],
                    "author": "Sally Shortsell",
                    "website": "Bull and Bear Circus"
                },
                {
                    "eventId": "d3article2",
                    "title": "Analysts Lower Sales Projections for Microloft's VR Headset After Issues Revealed",
                    "content": "Market analysts have lowered the sales projections for Microloft's (MLFT) new VR headset following the reports of widespread technical issues. This has resulted in a sharp drop in Microloft's stock price, significantly affecting investor confidence.",
                    "stocks": [
                        "MLFT"
                    ],
                    "author": "Carl Calamity",
                    "website": "Moolah Misfits"
                }
            ],
            "stockMovements": [
                {
                    "eventId": "d3movement1",
                    "stock": "MLFT",
                    "change": -1.0,
                    "percent": true
                },
                {
                    "eventId": "d3movement2",
                    "stock": "MLFT",
                    "change": -2.0,
                    "percent": true
                },
                {
                    "eventId": "d3movement3",
                    "stock": "MLFT",
                    "change": -2.0,
                    "percent": true
                },
                {
                    "eventId": "d3movement4",
                    "stock": "MLFT",
                    "change": -3.0,
                    "percent": true
                }
            ],
            "earningsReport": [],
            "eventSequence": [
                {
                    "eventId": "d3article1",
                    "delay": 0
                },
                {
                    "eventId": "d3movement1",
                    "delay": 200
                },
                {
                    "eventId": "d3movement2",
                    "delay": 400
                },
                {
                    "eventId": "d3movement3",
                    "delay": 100
                },
                {
                    "eventId": "d3article2",
                    "delay": 9500
                },
                {
                    "eventId": "d3movement4",
                    "delay": 300
                }
            ]
        }
    ],
    "categories": [
        "product_issues",
        "technology"
    ],
    "timeFrame": 3
}