{
    "id": "microloft_acquires_leading_ai_startup",
    "title": "Microloft Acquires Leading AI Startup",
    "canRepeat": false,
    "description": "Microloft Corporation (MLFT) is rumored to have acquired a leading AI startup, and subsequent confirmation of the acquisition sparks optimism for groundbreaking advancements. Analysts praise the move, predicting a strong boost to Microloft's AI capabilities.",
    "days": [
        {
            "number": 1,
            "articles": [
                {
                    "eventId": "d1article1",
                    "title": "Rumors of Microloft Acquiring Leading AI Startup",
                    "content": "Speculation is running wild as rumors spread about Microloft Corporation (MLFT) planning to acquire a leading AI startup. The buzz has generated excitement among investors, with expectations of groundbreaking technological advancements in the near future.",
                    "stocks": [
                        "MLFT"
                    ],
                    "author": "Warren Buffoon",
                    "website": "Cash Clown"
                },
                {
                    "eventId": "d1article2",
                    "title": "Microloft Confirms Acquisition of AI Startup",
                    "content": "After much speculation, Microloft Corporation (MLFT) has confirmed its acquisition of a leading AI startup. The company touted the potential for groundbreaking advancements and innovation in the field of artificial intelligence, promising significant enhancements in their product offerings.",
                    "stocks": [
                        "MLFT"
                    ],
                    "author": "Diana Data",
                    "website": "Silicon Circus"
                }
            ],
            "stockMovements": [
                {
                    "eventId": "d1movement1",
                    "stock": "MLFT",
                    "change": 0.7,
                    "percent": true
                },
                {
                    "eventId": "d1movement2",
                    "stock": "MLFT",
                    "change": 0.7,
                    "percent": true,
                    "delay": 60
                },
                {
                    "eventId": "d1movement3",
                    "stock": "MLFT",
                    "change": 0.6,
                    "percent": true,
                    "delay": 120
                },
                {
                    "eventId": "d1movement4",
                    "stock": "MLFT",
                    "change": 0.5,
                    "percent": true,
                    "delay": 180
                },
                {
                    "eventId": "d1movement5",
                    "stock": "MLFT",
                    "change": 0.5,
                    "percent": true,
                    "delay": 240
                },
                {
                    "eventId": "d1movement6",
                    "stock": "MLFT",
                    "change": 0.8,
                    "percent": true,
                    "delay": 4500
                },
                {
                    "eventId": "d1movement7",
                    "stock": "MLFT",
                    "change": 0.8,
                    "percent": true,
                    "delay": 4590
                },
                {
                    "eventId": "d1movement8",
                    "stock": "MLFT",
                    "change": 0.9,
                    "percent": true,
                    "delay": 4680
                }
            ],
            "earningsReport": [],
            "eventSequence": [
                {
                    "eventId": "d1article1",
                    "delay": 0
                },
                {
                    "eventId": "d1movement1",
                    "delay": 0
                },
                {
                    "eventId": "d1movement2",
                    "delay": 60
                },
                {
                    "eventId": "d1movement3",
                    "delay": 60
                },
                {
                    "eventId": "d1movement4",
                    "delay": 60
                },
                {
                    "eventId": "d1movement5",
                    "delay": 60
                },
                {
                    "eventId": "d1article2",
                    "delay": 7280
                },
                {
                    "eventId": "d1movement6",
                    "delay": 0
                },
                {
                    "eventId": "d1movement7",
                    "delay": 90
                },
                {
                    "eventId": "d1movement8",
                    "delay": 90
                }
            ]
        },
        {
            "number": 2,
            "articles": [
                {
                    "eventId": "d2article1",
                    "title": "Analysts Praise Microloft\u2019s Strategic Move",
                    "content": "Leading market analysts have praised Microloft Corporation (MLFT) for its strategic acquisition of an AI startup. They argue that this move positions Microloft to achieve significant growth and solidify its standing in the tech industry.",
                    "stocks": [
                        "MLFT"
                    ],
                    "author": "Greta Gamble",
                    "website": "Bull and Bear Circus"
                },
                {
                    "eventId": "d2article2",
                    "title": "Tech Experts Predict Strengthened AI Capabilities for Microloft",
                    "content": "Tech experts are predicting a substantial boost to Microloft Corporation\u2019s (MLFT) AI capabilities following their recent acquisition of an AI startup. This integration is expected to lead to innovations that will enhance the company's product lineup and potentially disrupt the AI market.",
                    "stocks": [
                        "MLFT"
                    ],
                    "author": "Sammy Security",
                    "website": "Tech Tattler"
                }
            ],
            "stockMovements": [
                {
                    "eventId": "d2movement1",
                    "stock": "MLFT",
                    "change": 1.0,
                    "percent": true
                },
                {
                    "eventId": "d2movement2",
                    "stock": "MLFT",
                    "change": 1.0,
                    "percent": true,
                    "delay": 120
                },
                {
                    "eventId": "d2movement3",
                    "stock": "MLFT",
                    "change": 1.0,
                    "percent": true,
                    "delay": 240
                },
                {
                    "eventId": "d2movement4",
                    "stock": "MLFT",
                    "change": 0.8,
                    "percent": true,
                    "delay": 14400
                },
                {
                    "eventId": "d2movement5",
                    "stock": "MLFT",
                    "change": 0.8,
                    "percent": true,
                    "delay": 14550
                },
                {
                    "eventId": "d2movement6",
                    "stock": "MLFT",
                    "change": 0.9,
                    "percent": true,
                    "delay": 14700
                }
            ],
            "earningsReport": [],
            "eventSequence": [
                {
                    "eventId": "d2article1",
                    "delay": 0
                },
                {
                    "eventId": "d2movement1",
                    "delay": 0
                },
                {
                    "eventId": "d2movement2",
                    "delay": 120
                },
                {
                    "eventId": "d2movement3",
                    "delay": 120
                },
                {
                    "eventId": "d2article2",
                    "delay": 14940
                },
                {
                    "eventId": "d2movement4",
                    "delay": 0
                },
                {
                    "eventId": "d2movement5",
                    "delay": 150
                },
                {
                    "eventId": "d2movement6",
                    "delay": 150
                }
            ]
        }
    ],
    "categories": [
        "acquisitions",
        "technology"
    ],
    "timeFrame": 2
}