{
    "id": "microloft_expands_cloud_services",
    "title": "Microloft Expands Cloud Services to New Markets",
    "canRepeat": false,
    "description": "Microloft (MLFT) is expanding its cloud services to new international markets, targeting emerging economies. This strategic move is expected to significantly boost their revenue.",
    "days": [
        {
            "number": 1,
            "articles": [
                {
                    "eventId": "d1article1",
                    "title": "Rumors of Microloft Expanding Cloud Services to New Markets",
                    "content": "Rumors have been circulating that Microloft (MLFT) is planning to expand its already extensive cloud services to a number of new international markets. This potential move is seen as a strategic effort to capture emerging economies and strengthen Microloft's global presence in the cloud computing sector.",
                    "stocks": [
                        "MLFT"
                    ],
                    "author": "Holly Hacker",
                    "website": "Byte Banter"
                },
                {
                    "eventId": "d1article2",
                    "title": "Microloft Confirms Expansion, Targets Emerging Economies",
                    "content": "Microloft (MLFT) has confirmed earlier rumors of its expansion into new international markets. The company announced that it is targeting several emerging economies, aiming to provide its advanced cloud services in regions with growing demand for technological infrastructure. This bold move is expected to significantly boost Microloft's market share and revenue in the cloud computing industry.",
                    "stocks": [
                        "MLFT"
                    ],
                    "author": "Polly Profit",
                    "website": "Bull and Bear Circus"
                }
            ],
            "stockMovements": [
                {
                    "eventId": "d1movement1",
                    "stock": "MLFT",
                    "change": 0.5,
                    "percent": true,
                    "delay": 100
                },
                {
                    "eventId": "d1movement2",
                    "stock": "MLFT",
                    "change": 0.5,
                    "percent": true,
                    "delay": 100
                },
                {
                    "eventId": "d1movement3",
                    "stock": "MLFT",
                    "change": 0.5,
                    "percent": true,
                    "delay": 100
                },
                {
                    "eventId": "d1movement4",
                    "stock": "MLFT",
                    "change": 0.5,
                    "percent": true,
                    "delay": 150
                },
                {
                    "eventId": "d1movement5",
                    "stock": "MLFT",
                    "change": 0.5,
                    "percent": true,
                    "delay": 150
                },
                {
                    "eventId": "d1movement6",
                    "stock": "MLFT",
                    "change": 0.5,
                    "percent": true,
                    "delay": 150
                },
                {
                    "eventId": "d1movement7",
                    "stock": "MLFT",
                    "change": 0.5,
                    "percent": true,
                    "delay": 150
                }
            ],
            "earningsReport": [],
            "eventSequence": [
                {
                    "eventId": "d1article1",
                    "delay": 0
                },
                {
                    "eventId": "d1movement1",
                    "delay": 100
                },
                {
                    "eventId": "d1movement2",
                    "delay": 200
                },
                {
                    "eventId": "d1movement3",
                    "delay": 300
                },
                {
                    "eventId": "d1article2",
                    "delay": 5850
                },
                {
                    "eventId": "d1movement4",
                    "delay": 150
                },
                {
                    "eventId": "d1movement5",
                    "delay": 300
                },
                {
                    "eventId": "d1movement6",
                    "delay": 450
                },
                {
                    "eventId": "d1movement7",
                    "delay": 600
                }
            ]
        },
        {
            "number": 2,
            "articles": [
                {
                    "eventId": "d2article1",
                    "title": "Analysts Praise Microloft's Move to Expand Cloud Services",
                    "content": "Microloft's (MLFT) recent confirmation of expansion into new international markets has garnered significant praise from analysts. Many predict that this move will lead to a substantial increase in revenue and help the company solidify its position as a leader in the cloud computing industry. The expansion is seen as a strategic maneuver that could yield long-term benefits for Microloft.",
                    "stocks": [
                        "MLFT"
                    ],
                    "author": "Gina Gadget",
                    "website": "Tech Tattler"
                },
                {
                    "eventId": "d2article2",
                    "title": "Early Adoption Rates in New Markets are Strong, Boosting Confidence",
                    "content": "Early reports indicate that the adoption rates for Microloft's (MLFT) cloud services in the new international markets are strong. This positive reception is expected to boost investor confidence and further validate the company's expansion strategy. Market analysts are closely watching these developments, anticipating continued growth and success for Microloft in these emerging economies.",
                    "stocks": [
                        "MLFT"
                    ],
                    "author": "Epic Eric",
                    "website": "Console Carnival"
                }
            ],
            "stockMovements": [
                {
                    "eventId": "d2movement1",
                    "stock": "MLFT",
                    "change": 0.5,
                    "percent": true,
                    "delay": 200
                },
                {
                    "eventId": "d2movement2",
                    "stock": "MLFT",
                    "change": 0.5,
                    "percent": true,
                    "delay": 400
                },
                {
                    "eventId": "d2movement3",
                    "stock": "MLFT",
                    "change": 0.5,
                    "percent": true,
                    "delay": 600
                },
                {
                    "eventId": "d2movement4",
                    "stock": "MLFT",
                    "change": 0.5,
                    "percent": true,
                    "delay": 200
                },
                {
                    "eventId": "d2movement5",
                    "stock": "MLFT",
                    "change": 0.5,
                    "percent": true,
                    "delay": 180
                },
                {
                    "eventId": "d2movement6",
                    "stock": "MLFT",
                    "change": 0.5,
                    "percent": true,
                    "delay": 180
                },
                {
                    "eventId": "d2movement7",
                    "stock": "MLFT",
                    "change": 0.5,
                    "percent": true,
                    "delay": 180
                },
                {
                    "eventId": "d2movement8",
                    "stock": "MLFT",
                    "change": 0.5,
                    "percent": true,
                    "delay": 180
                }
            ],
            "earningsReport": [],
            "eventSequence": [
                {
                    "eventId": "d2article1",
                    "delay": 0
                },
                {
                    "eventId": "d2movement1",
                    "delay": 200
                },
                {
                    "eventId": "d2movement2",
                    "delay": 400
                },
                {
                    "eventId": "d2movement3",
                    "delay": 600
                },
                {
                    "eventId": "d2article2",
                    "delay": 13200
                },
                {
                    "eventId": "d2movement4",
                    "delay": 200
                },
                {
                    "eventId": "d2movement5",
                    "delay": 380
                },
                {
                    "eventId": "d2movement6",
                    "delay": 560
                },
                {
                    "eventId": "d2movement7",
                    "delay": 740
                },
                {
                    "eventId": "d2movement8",
                    "delay": 920
                }
            ]
        }
    ],
    "categories": [
        "market_expansion",
        "technology"
    ],
    "timeFrame": 2
}