{
    "id": "microloft_cloud_services_suffer_major_outage",
    "title": "Microloft Cloud Services Suffer Major Outage",
    "canRepeat": false,
    "description": "Microloft's cloud services experienced a major outage, causing downtime for customers and significant concerns about the platform's reliability.",
    "days": [
        {
            "number": 1,
            "articles": [
                {
                    "eventId": "d1article1",
                    "title": "Microloft Cloud Services Hit by Major Outage",
                    "content": "Microloft Corporation (MLFT) is facing a significant crisis as its cloud services have suffered a major outage. The disruption has affected a large number of businesses, causing chaos and operational difficulties. Users have taken to social media to express their frustration, and analysts are beginning to raise questions about Microloft's reliability and infrastructure capabilities.",
                    "stocks": [
                        "MLFT"
                    ],
                    "author": "Timmy Tumble",
                    "website": "Bull and Bear Circus"
                }
            ],
            "stockMovements": [
                {
                    "eventId": "d1movement1",
                    "stock": "MLFT",
                    "change": -1.0,
                    "percent": true,
                    "delay": 300
                },
                {
                    "eventId": "d1movement2",
                    "stock": "MLFT",
                    "change": -1.0,
                    "percent": true,
                    "delay": 300
                },
                {
                    "eventId": "d1movement3",
                    "stock": "MLFT",
                    "change": -1.0,
                    "percent": true,
                    "delay": 300
                }
            ],
            "eventSequence": [
                {
                    "eventId": "d1article1",
                    "delay": 0
                },
                {
                    "eventId": "d1movement1",
                    "delay": 0
                },
                {
                    "eventId": "d1movement2",
                    "delay": 300
                },
                {
                    "eventId": "d1movement3",
                    "delay": 300
                },
                {
                    "eventId": "d1article2",
                    "delay": 9300
                }
            ]
        },
        {
            "number": 1,
            "articles": [
                {
                    "eventId": "d1article2",
                    "title": "Microloft Acknowledges Cloud Outage",
                    "content": "Microloft Corporation (MLFT) has officially acknowledged the major outage affecting its cloud services. The company has assured users that its technical teams are working around the clock to resolve the issues. However, the acknowledgment has done little to allay user concerns, and the stock has continued to decline as investors worry about the potential long-term impact on Microloft's reputation and customer trust.",
                    "stocks": [
                        "MLFT"
                    ],
                    "author": "Sally Shortsell",
                    "website": "Bull and Bear Circus"
                }
            ],
            "stockMovements": [
                {
                    "eventId": "d1movement4",
                    "stock": "MLFT",
                    "change": -0.5,
                    "percent": true,
                    "delay": 0
                }
            ],
            "eventSequence": [
                {
                    "eventId": "d1article1",
                    "delay": 11000
                },
                {
                    "eventId": "d1movement1",
                    "delay": 0
                }
            ]
        },
        {
            "number": 2,
            "articles": [
                {
                    "eventId": "d2article1",
                    "title": "Services Restored but Customer Frustration High",
                    "content": "Microloft Corporation (MLFT) has successfully restored its cloud services after a major outage that lasted for hours. While the technical issues have been resolved, customers continue to express frustration over the downtime. Many businesses reported significant disruptions, and there is growing concern about the reliability of Microloft's infrastructure.",
                    "stocks": [
                        "MLFT"
                    ],
                    "author": "Carl Calamity",
                    "website": "Moolah Misfits"
                }
            ],
            "stockMovements": [
                {
                    "eventId": "d2movement1",
                    "stock": "MLFT",
                    "change": -1.0,
                    "percent": true,
                    "delay": 300
                },
                {
                    "eventId": "d2movement2",
                    "stock": "MLFT",
                    "change": -1.0,
                    "percent": true,
                    "delay": 300
                },
                {
                    "eventId": "d2movement3",
                    "stock": "MLFT",
                    "change": -1.0,
                    "percent": true,
                    "delay": 300
                },
                {
                    "eventId": "d2movement4",
                    "stock": "MLFT",
                    "change": -1.0,
                    "percent": true,
                    "delay": 300
                },
                {
                    "eventId": "d2movement5",
                    "stock": "MLFT",
                    "change": -0.5,
                    "percent": true,
                    "delay": 300
                }
            ],
            "eventSequence": [
                {
                    "eventId": "d2article1",
                    "delay": 0
                },
                {
                    "eventId": "d2movement1",
                    "delay": 0
                },
                {
                    "eventId": "d2movement2",
                    "delay": 300
                },
                {
                    "eventId": "d2movement3",
                    "delay": 300
                },
                {
                    "eventId": "d2movement4",
                    "delay": 300
                },
                {
                    "eventId": "d2movement5",
                    "delay": 300
                },
                {
                    "eventId": "d2article2",
                    "delay": 12900
                }
            ]
        },
        {
            "number": 2,
            "articles": [
                {
                    "eventId": "d2article2",
                    "title": "Analysts Warn of Customer Loss Post-Outage",
                    "content": "Analysts are sounding the alarm bells over the potential loss of customers for Microloft Corporation (MLFT) following the recent major outage of its cloud services. The reliability concerns raised by the prolonged downtime have cast a shadow over Microloft's ability to provide uninterrupted service, raising questions about future customer retention and satisfaction. Investors continue to remain wary as the fallout from the outage unfolds.",
                    "stocks": [
                        "MLFT"
                    ],
                    "author": "Ivy Investor",
                    "website": "Moolah Misfits"
                }
            ],
            "stockMovements": [
                {
                    "eventId": "d2movement6",
                    "stock": "MLFT",
                    "change": -2.5,
                    "percent": true,
                    "delay": 0
                }
            ],
            "eventSequence": [
                {
                    "eventId": "d2article1",
                    "delay": 15000
                },
                {
                    "eventId": "d2movement6",
                    "delay": 0
                }
            ]
        }
    ],
    "categories": [
        "outage",
        "technology"
    ],
    "timeFrame": 2
}