{
    "id": "microloft_partners_with_leading_car_manufacturer",
    "title": "Microloft Partners with Leading Car Manufacturer",
    "canRepeat": false,
    "description": "Microloft partners with a leading car manufacturer to develop innovative smart car technology, leading to fluctuations in their stock price.",
    "days": [
        {
            "number": 1,
            "articles": [
                {
                    "eventId": "d1article1",
                    "title": "Rumors of Microloft Partnering with Car Manufacturer",
                    "content": "Speculation has arisen that Microloft (MLFT) is in talks with a leading car manufacturer to develop groundbreaking smart car technology. If true, this could position Microloft strongly in the emerging automotive technology market.",
                    "stocks": [
                        "MLFT"
                    ],
                    "author": "Warren Buffoon",
                    "website": "Cash Clown"
                }
            ],
            "stockMovements": [
                {
                    "eventId": "d1movement1",
                    "stock": "MLFT",
                    "change": 0.8,
                    "percent": true
                },
                {
                    "eventId": "d1movement2",
                    "stock": "MLFT",
                    "change": 0.8,
                    "percent": true
                },
                {
                    "eventId": "d1movement3",
                    "stock": "MLFT",
                    "change": 0.9,
                    "percent": true
                }
            ],
            "earningsReport": [],
            "eventSequence": [
                {
                    "eventId": "d1article1",
                    "delay": 0
                },
                {
                    "eventId": "d1movement1",
                    "delay": 120
                },
                {
                    "eventId": "d1movement2",
                    "delay": 180
                },
                {
                    "eventId": "d1movement3",
                    "delay": 240
                }
            ]
        },
        {
            "number": 1,
            "articles": [
                {
                    "eventId": "d1article2",
                    "title": "Microloft Confirms Smart Car Partnership",
                    "content": "Microloft (MLFT) has officially announced its partnership with a prominent car manufacturer. The collaboration aims to bring innovative technology to the automotive industry, with promises of enhanced in-car connectivity and intelligent driving features.",
                    "stocks": [
                        "MLFT"
                    ],
                    "author": "Polly Profit",
                    "website": "Bull and Bear Circus"
                }
            ],
            "stockMovements": [
                {
                    "eventId": "d1movement4",
                    "stock": "MLFT",
                    "change": 1.0,
                    "percent": true
                },
                {
                    "eventId": "d1movement5",
                    "stock": "MLFT",
                    "change": 1.0,
                    "percent": true
                },
                {
                    "eventId": "d1movement6",
                    "stock": "MLFT",
                    "change": 1.0,
                    "percent": true
                }
            ],
            "earningsReport": [],
            "eventSequence": [
                {
                    "eventId": "d1article2",
                    "delay": 10500
                },
                {
                    "eventId": "d1movement4",
                    "delay": 60
                },
                {
                    "eventId": "d1movement5",
                    "delay": 120
                },
                {
                    "eventId": "d1movement6",
                    "delay": 180
                }
            ]
        },
        {
            "number": 2,
            "articles": [
                {
                    "eventId": "d2article1",
                    "title": "Analysts Predict a Revolution in the Auto Industry",
                    "content": "Financial analysts are predicting that the partnership between Microloft (MLFT) and the leading car manufacturer could potentially revolutionize the auto industry. With their expertise in software and innovative technology, Microloft's involvement is expected to drive significant advancements.",
                    "stocks": [
                        "MLFT"
                    ],
                    "author": "Greta Gamble",
                    "website": "Bull and Bear Circus"
                }
            ],
            "stockMovements": [
                {
                    "eventId": "d2movement1",
                    "stock": "MLFT",
                    "change": 0.8,
                    "percent": true
                },
                {
                    "eventId": "d2movement2",
                    "stock": "MLFT",
                    "change": 0.8,
                    "percent": true
                },
                {
                    "eventId": "d2movement3",
                    "stock": "MLFT",
                    "change": 0.9,
                    "percent": true
                }
            ],
            "earningsReport": [],
            "eventSequence": [
                {
                    "eventId": "d2article1",
                    "delay": 3600
                },
                {
                    "eventId": "d2movement1",
                    "delay": 300
                },
                {
                    "eventId": "d2movement2",
                    "delay": 300
                },
                {
                    "eventId": "d2movement3",
                    "delay": 300
                }
            ]
        },
        {
            "number": 2,
            "articles": [
                {
                    "eventId": "d2article2",
                    "title": "Early Prototypes Garner Enthusiastic Reviews",
                    "content": "Early prototypes of the new smart car technology developed through the Microloft (MLFT) partnership are receiving rave reviews from industry experts. The cutting-edge technology promises to deliver unparalleled in-car experiences and is generating significant buzz amongst consumers.",
                    "stocks": [
                        "MLFT"
                    ],
                    "author": "Diana Data",
                    "website": "Silicon Circus"
                }
            ],
            "stockMovements": [
                {
                    "eventId": "d2movement4",
                    "stock": "MLFT",
                    "change": 1.0,
                    "percent": true
                },
                {
                    "eventId": "d2movement5",
                    "stock": "MLFT",
                    "change": 1.0,
                    "percent": true
                },
                {
                    "eventId": "d2movement6",
                    "stock": "MLFT",
                    "change": 1.0,
                    "percent": true
                }
            ],
            "earningsReport": [],
            "eventSequence": [
                {
                    "eventId": "d2article2",
                    "delay": 12750
                },
                {
                    "eventId": "d2movement4",
                    "delay": 60
                },
                {
                    "eventId": "d2movement5",
                    "delay": 120
                },
                {
                    "eventId": "d2movement6",
                    "delay": 180
                }
            ]
        },
        {
            "number": 3,
            "articles": [
                {
                    "eventId": "d3article1",
                    "title": "Competitors Express Concerns Over Microloft's Market Dominance",
                    "content": "Several competitors in the tech and automotive industries are voicing concerns about Microloft's (MLFT) potential dominance in the smart car technology market. Some fear that Microloft's advanced capabilities may provide them with a competitive edge that is difficult to match.",
                    "stocks": [
                        "MLFT"
                    ],
                    "author": "Timmy Tumble",
                    "website": "Bull and Bear Circus"
                }
            ],
            "stockMovements": [
                {
                    "eventId": "d3movement1",
                    "stock": "MLFT",
                    "change": -0.7,
                    "percent": true
                },
                {
                    "eventId": "d3movement2",
                    "stock": "MLFT",
                    "change": -0.7,
                    "percent": true
                },
                {
                    "eventId": "d3movement3",
                    "stock": "MLFT",
                    "change": -0.6,
                    "percent": true
                }
            ],
            "earningsReport": [],
            "eventSequence": [
                {
                    "eventId": "d3article1",
                    "delay": 3600
                },
                {
                    "eventId": "d3movement1",
                    "delay": 300
                },
                {
                    "eventId": "d3movement2",
                    "delay": 300
                },
                {
                    "eventId": "d3movement3",
                    "delay": 300
                }
            ]
        },
        {
            "number": 3,
            "articles": [
                {
                    "eventId": "d3article2",
                    "title": "Microloft Stock Fluctuates Amidst Optimism and Skepticism",
                    "content": "The stock of Microloft (MLFT) is experiencing fluctuations as investors react to both the high potential and inherent uncertainties of the newly announced partnership with the car manufacturer. While many are optimistic, some remain cautious about the hurdles that lie ahead.",
                    "stocks": [
                        "MLFT"
                    ],
                    "author": "Freddy Fortune",
                    "website": "Moolah Misfits"
                }
            ],
            "stockMovements": [
                {
                    "eventId": "d3movement4",
                    "stock": "MLFT",
                    "change": 1.3,
                    "percent": true
                },
                {
                    "eventId": "d3movement5",
                    "stock": "MLFT",
                    "change": 1.3,
                    "percent": true
                },
                {
                    "eventId": "d3movement6",
                    "stock": "MLFT",
                    "change": 1.4,
                    "percent": true
                }
            ],
            "earningsReport": [],
            "eventSequence": [
                {
                    "eventId": "d3article2",
                    "delay": 10500
                },
                {
                    "eventId": "d3movement4",
                    "delay": 60
                },
                {
                    "eventId": "d3movement5",
                    "delay": 120
                },
                {
                    "eventId": "d3movement6",
                    "delay": 180
                }
            ]
        }
    ],
    "categories": [
        "technology",
        "automotive"
    ],
    "timeFrame": 3
}