{
    "id": "kolamoka_faces_advertising_controversy",
    "title": "KolaMoka Faces Controversy Over Advertising Practices",
    "canRepeat": false,
    "description": "KolaMoka (KLMK) is facing controversy over misleading advertising practices, leading to a series of stock movements as the story unfolds.",
    "days": [
        {
            "number": 1,
            "articles": [
                {
                    "eventId": "d1article1",
                    "title": "KolaMoka Faces Controversy Over Misleading Advertising",
                    "content": "KolaMoka (KLMK) is under scrutiny following allegations of misleading advertising practices. Reports suggest that the company's marketing campaigns may have included false claims about product benefits, leading to consumer backlash and legal scrutiny.",
                    "stocks": [
                        "KLMK"
                    ],
                    "author": "Sensational Sue",
                    "website": "MarketMadness.com"
                }
            ],
            "stockMovements": [
                {
                    "eventId": "d1movement1",
                    "stock": "KLMK",
                    "change": -0.5,
                    "percent": true
                },
                {
                    "eventId": "d1movement2",
                    "stock": "KLMK",
                    "change": -0.5,
                    "percent": true
                },
                {
                    "eventId": "d1movement3",
                    "stock": "KLMK",
                    "change": -1.0,
                    "percent": true
                }
            ],
            "eventSequence": [
                {
                    "eventId": "d1article1",
                    "delay": 0
                },
                {
                    "eventId": "d1movement1",
                    "delay": 120
                },
                {
                    "eventId": "d1movement2",
                    "delay": 180
                },
                {
                    "eventId": "d1movement3",
                    "delay": 180
                },
                {
                    "eventId": "d1article2",
                    "delay": 10320
                }
            ]
        },
        {
            "number": 1,
            "articles": [
                {
                    "eventId": "d1article2",
                    "title": "KolaMoka Refutes Allegations, But Skepticism Remains",
                    "content": "In response to the recent controversy, KolaMoka (KLMK) has issued a statement refuting the allegations of misleading advertising. The company claims that its marketing practices adhere to industry standards, although skepticism persists among consumers and investors.",
                    "stocks": [
                        "KLMK"
                    ],
                    "author": "Timmy Tumble",
                    "website": "BullAndBearCircus.com"
                }
            ],
            "stockMovements": [
                {
                    "eventId": "d1movement4",
                    "stock": "KLMK",
                    "change": 0.5,
                    "percent": true
                },
                {
                    "eventId": "d1movement5",
                    "stock": "KLMK",
                    "change": 0.5,
                    "percent": true
                },
                {
                    "eventId": "d1movement6",
                    "stock": "KLMK",
                    "change": 0.5,
                    "percent": true
                }
            ],
            "eventSequence": [
                {
                    "eventId": "d1article2",
                    "delay": 0
                },
                {
                    "eventId": "d1movement4",
                    "delay": 120
                },
                {
                    "eventId": "d1movement5",
                    "delay": 120
                },
                {
                    "eventId": "d1movement6",
                    "delay": 120
                }
            ]
        },
        {
            "number": 2,
            "articles": [
                {
                    "eventId": "d2article1",
                    "title": "KolaMoka Faces Legal Challenges Over Advertising Practices",
                    "content": "New reports have emerged indicating that KolaMoka (KLMK) is facing legal challenges in relation to its advertising practices. The potential for litigation is causing increased concern among investors, leading to further scrutiny of the company's marketing strategies.",
                    "stocks": [
                        "KLMK"
                    ],
                    "author": "Carl Calamity",
                    "website": "MoolahMisfits.com"
                }
            ],
            "stockMovements": [
                {
                    "eventId": "d2movement1",
                    "stock": "KLMK",
                    "change": -0.5,
                    "percent": true
                },
                {
                    "eventId": "d2movement2",
                    "stock": "KLMK",
                    "change": -1.0,
                    "percent": true
                },
                {
                    "eventId": "d2movement3",
                    "stock": "KLMK",
                    "change": -1.0,
                    "percent": true
                }
            ],
            "eventSequence": [
                {
                    "eventId": "d2article1",
                    "delay": 0
                },
                {
                    "eventId": "d2movement1",
                    "delay": 120
                },
                {
                    "eventId": "d2movement2",
                    "delay": 180
                },
                {
                    "eventId": "d2movement3",
                    "delay": 180
                },
                {
                    "eventId": "d2article2",
                    "delay": 7920
                }
            ]
        },
        {
            "number": 2,
            "articles": [
                {
                    "eventId": "d2article2",
                    "title": "KolaMoka Announces Review of Advertising Strategies",
                    "content": "In an effort to address the ongoing controversy, KolaMoka (KLMK) has announced a comprehensive review of its advertising strategies. The company aims to ensure transparency and integrity in its marketing practices, which has led to a slight rise in its stock price as investors react positively to the news.",
                    "stocks": [
                        "KLMK"
                    ],
                    "author": "Alice Algorithm",
                    "website": "SiliconCircus.com"
                }
            ],
            "stockMovements": [
                {
                    "eventId": "d2movement4",
                    "stock": "KLMK",
                    "change": 0.5,
                    "percent": true
                },
                {
                    "eventId": "d2movement5",
                    "stock": "KLMK",
                    "change": 0.5,
                    "percent": true
                },
                {
                    "eventId": "d2movement6",
                    "stock": "KLMK",
                    "change": 1.0,
                    "percent": true
                }
            ],
            "eventSequence": [
                {
                    "eventId": "d2article2",
                    "delay": 0
                },
                {
                    "eventId": "d2movement4",
                    "delay": 120
                },
                {
                    "eventId": "d2movement5",
                    "delay": 120
                },
                {
                    "eventId": "d2movement6",
                    "delay": 120
                }
            ]
        },
        {
            "number": 3,
            "articles": [
                {
                    "eventId": "d3article1",
                    "title": "Analysts Remain Cautious About KolaMoka's Future",
                    "content": "Despite KolaMoka's (KLMK) efforts to review its advertising practices, analysts remain cautious. Concerns about potential setbacks and further legal challenges have surfaced, causing a dip in investor confidence.",
                    "stocks": [
                        "KLMK"
                    ],
                    "author": "Timmy Tumble",
                    "website": "BullAndBearCircus.com"
                }
            ],
            "stockMovements": [
                {
                    "eventId": "d3movement1",
                    "stock": "KLMK",
                    "change": -0.5,
                    "percent": true
                },
                {
                    "eventId": "d3movement2",
                    "stock": "KLMK",
                    "change": -0.5,
                    "percent": true
                },
                {
                    "eventId": "d3movement3",
                    "stock": "KLMK",
                    "change": -0.5,
                    "percent": true
                }
            ],
            "eventSequence": [
                {
                    "eventId": "d3article1",
                    "delay": 0
                },
                {
                    "eventId": "d3movement1",
                    "delay": 120
                },
                {
                    "eventId": "d3movement2",
                    "delay": 180
                },
                {
                    "eventId": "d3movement3",
                    "delay": 180
                },
                {
                    "eventId": "d3article2",
                    "delay": 9600
                }
            ]
        },
        {
            "number": 3,
            "articles": [
                {
                    "eventId": "d3article2",
                    "title": "Stock Fluctuates as Investors React to Mixed Signals",
                    "content": "The stock of KolaMoka (KLMK) has experienced fluctuations as investors react to mixed signals. While some see potential for recovery, others remain wary of the ongoing challenges facing the company. The stock has dipped slightly as uncertainty continues to loom.",
                    "stocks": [
                        "KLMK"
                    ],
                    "author": "Freddy Fortune",
                    "website": "MoolahMisfits.com"
                }
            ],
            "stockMovements": [
                {
                    "eventId": "d3movement4",
                    "stock": "KLMK",
                    "change": -0.25,
                    "percent": true
                },
                {
                    "eventId": "d3movement5",
                    "stock": "KLMK",
                    "change": -0.5,
                    "percent": true
                },
                {
                    "eventId": "d3movement6",
                    "stock": "KLMK",
                    "change": -0.25,
                    "percent": true
                }
            ],
            "eventSequence": [
                {
                    "eventId": "d3article2",
                    "delay": 0
                },
                {
                    "eventId": "d3movement4",
                    "delay": 120
                },
                {
                    "eventId": "d3movement5",
                    "delay": 120
                },
                {
                    "eventId": "d3movement6",
                    "delay": 120
                }
            ]
        }
    ],
    "categories": [
        "advertising_controversy",
        "legal_challenges"
    ],
    "timeFrame": 3
}