{
    "id": "kolamoka_acquires_popular_health_drink_brand",
    "title": "KolaMoka Acquires Popular Health Drink Brand",
    "canRepeat": false,
    "description": "KolaMoka (KLMK) announces the acquisition of a popular health drink brand, creating buzz among investors and analysts about the potential growth and market expansion. Resulting in a series of stock movements.",
    "days": [
        {
            "number": 1,
            "articles": [
                {
                    "eventId": "d1article1",
                    "title": "Rumors Circulating About KolaMoka's Potential Acquisition",
                    "content": "Rumors are spreading that KolaMoka (KLMK), the multinational beverage giant, is in talks to acquire a popular health drink brand. While specifics remain unconfirmed, industry insiders believe this move could significantly broaden KolaMoka's market share in the burgeoning health beverage sector. Speculation is causing a buzz, and investors are already showing increased interest. \n\n Given KolaMoka's established presence in the global market, this acquisition could provide a substantial boost to their portfolio, particularly in regions where health-conscious consumers are a growing demographic. Analysts are keenly watching for any official statements from the company.",
                    "stocks": [
                        "KLMK"
                    ],
                    "author": "Warren Buffoon",
                    "website": "CashClown"
                },
                {
                    "eventId": "d1article2",
                    "title": "KolaMoka Confirms Health Drink Brand Acquisition",
                    "content": "In a move that has confirmed earlier rumors, KolaMoka (KLMK) has officially announced the acquisition of a popular health drink brand. This strategic buy aims to tap into the expanding market of health-conscious consumers across the globe. The company's spokesperson detailed that this acquisition is not just about product diversification but also about leveraging the health drink\u2019s established customer base to push for greater market penetration. \n\n KolaMoka's CEO stated, \u201cWe see this acquisition as a significant step towards our goal of becoming the top choice for a wide range of beverage options. We believe this will open new avenues for growth and innovation.\u201d The announcement has already stirred excitement among investors, with the stock price experiencing a noticeable increase.",
                    "stocks": [
                        "KLMK"
                    ],
                    "author": "Sensational Sue",
                    "website": "MarketMadness"
                }
            ],
            "stockMovements": [
                {
                    "eventId": "d1movement1",
                    "stock": "KLMK",
                    "change": 0.7,
                    "percent": true,
                    "delay": 0
                },
                {
                    "eventId": "d1movement2",
                    "stock": "KLMK",
                    "change": 0.7,
                    "percent": true,
                    "delay": 300
                },
                {
                    "eventId": "d1movement3",
                    "stock": "KLMK",
                    "change": 0.6,
                    "percent": true,
                    "delay": 600
                },
                {
                    "eventId": "d1movement4",
                    "stock": "KLMK",
                    "change": 1,
                    "percent": true,
                    "delay": 7200
                },
                {
                    "eventId": "d1movement5",
                    "stock": "KLMK",
                    "change": 1,
                    "percent": true,
                    "delay": 8100
                },
                {
                    "eventId": "d1movement6",
                    "stock": "KLMK",
                    "change": 0.5,
                    "percent": true,
                    "delay": 9000
                }
            ],
            "earningsReport": [],
            "eventSequence": [
                {
                    "eventId": "d1article1",
                    "delay": 3600
                },
                {
                    "eventId": "d1movement1",
                    "delay": 300
                },
                {
                    "eventId": "d1movement2",
                    "delay": 300
                },
                {
                    "eventId": "d1movement3",
                    "delay": 300
                },
                {
                    "eventId": "d1article2",
                    "delay": 3600
                },
                {
                    "eventId": "d1movement4",
                    "delay": 300
                },
                {
                    "eventId": "d1movement5",
                    "delay": 300
                },
                {
                    "eventId": "d1movement6",
                    "delay": 300
                }
            ]
        },
        {
            "number": 2,
            "articles": [
                {
                    "eventId": "d2article1",
                    "title": "Analysts Praise KolaMoka's Bold Strategic Move",
                    "content": "Leading analysts have applauded KolaMoka's (KLMK) recent acquisition of a popular health drink brand, predicting significant growth and market expansion for the multinational beverage corporation. Experts argue that this acquisition is a strategic masterstroke, positioning KolaMoka favorably in the competitive market for health-oriented beverages. \n\n The health drink brand is already well-established and enjoys a loyal consumer base. Aligning this with KolaMoka\u2019s extensive distribution network could lead to unprecedented growth opportunities. Investors are reacting positively to these developments, with stock prices reflecting renewed confidence in the company's strategy.",
                    "stocks": [
                        "KLMK"
                    ],
                    "author": "Timmy Tumble",
                    "website": "Bull and Bear Circus"
                },
                {
                    "eventId": "d2article2",
                    "title": "Initial Collaboration Details Between KolaMoka and New Health Brand Excite Investors",
                    "content": "KolaMoka (KLMK) has released initial details regarding its collaboration with the newly acquired health drink brand, sparking further excitement among investors. The collaboration centers on blending KolaMoka\u2019s advanced distribution capabilities with the health drink brand\u2019s innovative product line. The combined expertise is expected to lead to the development of groundbreaking new products aiming to cater to the health-conscious consumer segment. \n\nExecutives from both companies have expressed their enthusiasm for the union, hinting at several upcoming product launches that are expected to revolutionize the market. The optimistic outlook and innovative plans have driven investor confidence to new highs, reflecting in a boost in stock prices.",
                    "stocks": [
                        "KLMK"
                    ],
                    "author": "Polly Profit",
                    "website": "Bull and Bear Circus"
                }
            ],
            "stockMovements": [
                {
                    "eventId": "d2movement1",
                    "stock": "KLMK",
                    "change": 1,
                    "percent": true,
                    "delay": 5
                },
                {
                    "eventId": "d2movement2",
                    "stock": "KLMK",
                    "change": 1,
                    "percent": true,
                    "delay": 200
                },
                {
                    "eventId": "d2movement3",
                    "stock": "KLMK",
                    "change": 1,
                    "percent": true,
                    "delay": 400
                },
                {
                    "eventId": "d2movement4",
                    "stock": "KLMK",
                    "change": 1,
                    "percent": true,
                    "delay": 14410
                },
                {
                    "eventId": "d2movement5",
                    "stock": "KLMK",
                    "change": 1,
                    "percent": true,
                    "delay": 14510
                },
                {
                    "eventId": "d2movement6",
                    "stock": "KLMK",
                    "change": 0.5,
                    "percent": true,
                    "delay": 14610
                }
            ],
            "earningsReport": [],
            "eventSequence": [
                {
                    "eventId": "d2article1",
                    "delay": 3600
                },
                {
                    "eventId": "d2movement1",
                    "delay": 300
                },
                {
                    "eventId": "d2movement2",
                    "delay": 300
                },
                {
                    "eventId": "d2movement3",
                    "delay": 300
                },
                {
                    "eventId": "d2article2",
                    "delay": 3600
                },
                {
                    "eventId": "d2movement4",
                    "delay": 300
                },
                {
                    "eventId": "d2movement5",
                    "delay": 300
                },
                {
                    "eventId": "d2movement6",
                    "delay": 300
                }
            ]
        }
    ],
    "categories": [
        "acquisitions",
        "beverages"
    ],
    "timeFrame": 2
}