{
    "id": "kolamoka_faces_backlash",
    "title": "KolaMoka Faces Backlash Over High Sugar Content",
    "canRepeat": false,
    "description": "KolaMoka faces consumer backlash over high sugar content in its beverages, causing fluctuations in the stock price as the company defends itself.",
    "days": [
        {
            "number": 1,
            "articles": [
                {
                    "eventId": "d1article1",
                    "title": "Consumers Revolt Against KolaMoka\u2019s Sugar Levels",
                    "content": "Reports have surfaced that consumers are increasingly dissatisfied with the high sugar content in KolaMoka\u2019s beverages. With health consciousness on the rise, the news has triggered significant backlash and upset among long-time buyers. KolaMoka has been a household name for decades, but recent studies showcasing the excessive sugar levels in their iconic drinks have consumers reconsidering their options.\n\nIt's undeniable that the cultural shift towards healthier lifestyle choices is impacting the beverage industry. As more people become aware of the potential hazards of consuming high-sugar products, this could spell trouble for KolaMoka's market position. The public outrage has already begun to take a toll, and the firm\u2019s stock price has seen an immediate reaction in the market.",
                    "stocks": [
                        "KLMK"
                    ],
                    "author": "Betty Bungle",
                    "website": "Cash Clown"
                }
            ],
            "stockMovements": [
                {
                    "eventId": "d1movement1",
                    "stock": "KLMK",
                    "change": -1.0,
                    "percent": true
                },
                {
                    "eventId": "d1movement2",
                    "stock": "KLMK",
                    "change": -0.8,
                    "percent": true
                },
                {
                    "eventId": "d1movement3",
                    "stock": "KLMK",
                    "change": -1.2,
                    "percent": true
                }
            ],
            "earningsReport": [],
            "eventSequence": [
                {
                    "eventId": "d1article1",
                    "delay": 0
                },
                {
                    "eventId": "d1movement1",
                    "delay": 60
                },
                {
                    "eventId": "d1movement2",
                    "delay": 120
                },
                {
                    "eventId": "d1movement3",
                    "delay": 180
                }
            ]
        },
        {
            "number": 1,
            "articles": [
                {
                    "eventId": "d2article1",
                    "title": "KolaMoka Defends its Beverages Amid Criticisms",
                    "content": "In response to the mounting backlash, KolaMoka has come forward to defend its product formulations. Company executives highlighted their commitment to offering a balance of flavors while extending their product range to cater to different consumer preferences. In a recently held press conference, KolaMoka\u2019s CEO addressed the concerns directly, ensuring that they are dedicated to maintaining transparency and meeting the evolving demands of their customer base.\n\nDespite the initial drop, this assertive stance has instilled some confidence back in investors. KolaMoka\u2019s dedication to customer satisfaction and adaptability in its product lines has slightly steadied the ship in an otherwise turbulent situation.",
                    "stocks": [
                        "KLMK"
                    ],
                    "author": "Timmy Tumble",
                    "website": "Bull and Bear Circus"
                }
            ],
            "stockMovements": [
                {
                    "eventId": "d2movement1",
                    "stock": "KLMK",
                    "change": 0.5,
                    "percent": true
                },
                {
                    "eventId": "d2movement2",
                    "stock": "KLMK",
                    "change": 0.4,
                    "percent": true
                },
                {
                    "eventId": "d2movement3",
                    "stock": "KLMK",
                    "change": 0.6,
                    "percent": true
                }
            ],
            "earningsReport": [],
            "eventSequence": [
                {
                    "eventId": "d2article1",
                    "delay": 6840
                },
                {
                    "eventId": "d2movement1",
                    "delay": 60
                },
                {
                    "eventId": "d2movement2",
                    "delay": 120
                },
                {
                    "eventId": "d2movement3",
                    "delay": 180
                }
            ]
        },
        {
            "number": 1,
            "articles": [
                {
                    "eventId": "d3article1",
                    "title": "Consumer Dissatisfaction Grows towards KolaMoka",
                    "content": "Despite KolaMoka\u2019s attempts to pacify its consumers, dissatisfaction continues to grow. Many have taken to social media platforms to express their concerns and urge others to seek healthier beverage alternatives. The hashtag #SayNoToKolaMoka has trended worldwide, reflecting the depth of the unease among the public. Health experts have also chimed in, emphasizing the negative effects of high sugar consumption and calling for more responsible product offerings.\n\nAs the noise around this issue grows, investors are finding it hard to remain optimistic. The real-time sentiment is a key indicator that KolaMoka needs to address these grievances more effectively if they wish to regain their market stronghold. Immediate consumer reaction has contributed to a further dip in the stock.",
                    "stocks": [
                        "KLMK"
                    ],
                    "author": "Sally Shortsell",
                    "website": "Bull and Bear Circus"
                }
            ],
            "stockMovements": [
                {
                    "eventId": "d3movement1",
                    "stock": "KLMK",
                    "change": -0.8,
                    "percent": true
                },
                {
                    "eventId": "d3movement2",
                    "stock": "KLMK",
                    "change": -0.9,
                    "percent": true
                },
                {
                    "eventId": "d3movement3",
                    "stock": "KLMK",
                    "change": -0.8,
                    "percent": true
                }
            ],
            "earningsReport": [],
            "eventSequence": [
                {
                    "eventId": "d3article1",
                    "delay": 14040
                },
                {
                    "eventId": "d3movement1",
                    "delay": 60
                },
                {
                    "eventId": "d3movement2",
                    "delay": 120
                },
                {
                    "eventId": "d3movement3",
                    "delay": 180
                }
            ]
        },
        {
            "number": 1,
            "articles": [
                {
                    "eventId": "d4article1",
                    "title": "Analysts Predict Limited Long-Term Impact for KolaMoka",
                    "content": "Despite the immediate uproar, market analysts suggest the turbulent waves surrounding KolaMoka may eventually subside. Preliminary forecasts indicate that while short-term stock volatility is inevitable, the company\u2019s robust market presence and loyal customer base could help it recover. Firms like KolaMoka, with extensive brand equity, often have the resilience to bounce back from temporary market setbacks.\n\nSome analysts forecast that if KolaMoka can introduce more health-conscious product lines, the firm could potentially pivot and turn this crisis into an opportunity. This sentiment has led to a slight upward movement in the stock as cautious optimism among investors begins to creep in.",
                    "stocks": [
                        "KLMK"
                    ],
                    "author": "Polly Profit",
                    "website": "Bull and Bear Circus"
                }
            ],
            "stockMovements": [
                {
                    "eventId": "d4movement1",
                    "stock": "KLMK",
                    "change": 0.3,
                    "percent": true
                },
                {
                    "eventId": "d4movement2",
                    "stock": "KLMK",
                    "change": 0.4,
                    "percent": true
                },
                {
                    "eventId": "d4movement3",
                    "stock": "KLMK",
                    "change": 0.3,
                    "percent": true
                }
            ],
            "earningsReport": [],
            "eventSequence": [
                {
                    "eventId": "d4article1",
                    "delay": 21240
                },
                {
                    "eventId": "d4movement1",
                    "delay": 60
                },
                {
                    "eventId": "d4movement2",
                    "delay": 120
                },
                {
                    "eventId": "d4movement3",
                    "delay": 180
                }
            ]
        }
    ],
    "categories": [
        "consumer_backlash",
        "beverages"
    ],
    "timeFrame": 1
}