{
    "id": "kolamoka_launches_global_sustainability_initiative",
    "title": "KolaMoka Launches Global Sustainability Initiative",
    "canRepeat": false,
    "description": "KolaMoka has launched a new global sustainability initiative aimed at reducing plastic waste. The market reacts to the announcements and subsequent reports.",
    "days": [
        {
            "number": 1,
            "articles": [
                {
                    "eventId": "d1article1",
                    "title": "Rumors Surface About KolaMoka's New Sustainability Initiative",
                    "content": "Rumors have emerged that KolaMoka (KLMK) is set to launch a global sustainability initiative aimed at drastically reducing plastic waste. According to sources familiar with the matter, this new initiative is likely to involve revolutionary methods for packaging and recycling. The market is abuzz with anticipation.",
                    "stocks": [
                        "KLMK"
                    ],
                    "author": "Trendy Tina",
                    "website": "Trend Tribune"
                },
                {
                    "eventId": "d1article2",
                    "title": "KolaMoka Confirms Global Sustainability Initiative",
                    "content": "KolaMoka (KLMK) has officially confirmed that it is launching a comprehensive global sustainability initiative. The company outlined its ambitious plans to significantly reduce plastic waste and adopt more eco-friendly packaging methods. Executives highlight that this move is part of KolaMoka's broader strategy to lead in corporate environmental responsibility.",
                    "stocks": [
                        "KLMK"
                    ],
                    "author": "Sensational Sue",
                    "website": "Market Madness"
                }
            ],
            "stockMovements": [
                {
                    "eventId": "d1movement1",
                    "stock": "KLMK",
                    "change": 0.8,
                    "percent": true,
                    "delay": 300
                },
                {
                    "eventId": "d1movement2",
                    "stock": "KLMK",
                    "change": 0.8,
                    "percent": true,
                    "delay": 300
                },
                {
                    "eventId": "d1movement3",
                    "stock": "KLMK",
                    "change": 0.9,
                    "percent": true,
                    "delay": 300
                },
                {
                    "eventId": "d1movement4",
                    "stock": "KLMK",
                    "change": 1.0,
                    "percent": true,
                    "delay": 300
                },
                {
                    "eventId": "d1movement5",
                    "stock": "KLMK",
                    "change": 1.0,
                    "percent": true,
                    "delay": 300
                },
                {
                    "eventId": "d1movement6",
                    "stock": "KLMK",
                    "change": 1.0,
                    "percent": true,
                    "delay": 300
                }
            ],
            "earningsReport": [],
            "eventSequence": [
                {
                    "eventId": "d1article1",
                    "delay": 0
                },
                {
                    "eventId": "d1movement1",
                    "delay": 60
                },
                {
                    "eventId": "d1movement2",
                    "delay": 300
                },
                {
                    "eventId": "d1movement3",
                    "delay": 300
                },
                {
                    "eventId": "d1article2",
                    "delay": 9480
                },
                {
                    "eventId": "d1movement4",
                    "delay": 300
                },
                {
                    "eventId": "d1movement5",
                    "delay": 300
                },
                {
                    "eventId": "d1movement6",
                    "delay": 300
                }
            ]
        },
        {
            "number": 2,
            "articles": [
                {
                    "eventId": "d2article1",
                    "title": "Positive Initial Reactions to KolaMoka's Sustainability Initiative",
                    "content": "Early feedback on KolaMoka's (KLMK) global sustainability initiative has been overwhelmingly positive. Stakeholders and environmental groups have lauded the company's commitment to reducing plastic waste. This sentiment is reflected in the stock market, with KolaMoka\u2019s stocks seeing a steady rise.",
                    "stocks": [
                        "KLMK"
                    ],
                    "author": "Polly Profit",
                    "website": "Bull and Bear Circus"
                },
                {
                    "eventId": "d2article2",
                    "title": "Challenges in Implementing KolaMoka\u2019s Sustainability Initiative",
                    "content": "Despite the positive reception, reports have surfaced indicating KolaMoka (KLMK) is facing significant challenges in implementing its global sustainability initiative. Insiders have revealed concerns about the scalability and logistical hurdles that the company needs to overcome. These reports have caused concern among investors, causing a dip in stock prices.",
                    "stocks": [
                        "KLMK"
                    ],
                    "author": "Gary Glitch",
                    "website": "Silicon Circus"
                }
            ],
            "stockMovements": [
                {
                    "eventId": "d2movement1",
                    "stock": "KLMK",
                    "change": 0.6,
                    "percent": true,
                    "delay": 300
                },
                {
                    "eventId": "d2movement2",
                    "stock": "KLMK",
                    "change": 0.6,
                    "percent": true,
                    "delay": 300
                },
                {
                    "eventId": "d2movement3",
                    "stock": "KLMK",
                    "change": 0.8,
                    "percent": true,
                    "delay": 300
                },
                {
                    "eventId": "d2movement4",
                    "stock": "KLMK",
                    "change": -0.8,
                    "percent": true,
                    "delay": 300
                },
                {
                    "eventId": "d2movement5",
                    "stock": "KLMK",
                    "change": -0.8,
                    "percent": true,
                    "delay": 300
                },
                {
                    "eventId": "d2movement6",
                    "stock": "KLMK",
                    "change": -0.9,
                    "percent": true,
                    "delay": 300
                }
            ],
            "earningsReport": [],
            "eventSequence": [
                {
                    "eventId": "d2article1",
                    "delay": 0
                },
                {
                    "eventId": "d2movement1",
                    "delay": 300
                },
                {
                    "eventId": "d2movement2",
                    "delay": 300
                },
                {
                    "eventId": "d2movement3",
                    "delay": 300
                },
                {
                    "eventId": "d2article2",
                    "delay": 13500
                },
                {
                    "eventId": "d2movement4",
                    "delay": 300
                },
                {
                    "eventId": "d2movement5",
                    "delay": 300
                },
                {
                    "eventId": "d2movement6",
                    "delay": 300
                }
            ]
        },
        {
            "number": 3,
            "articles": [
                {
                    "eventId": "d3article1",
                    "title": "KolaMoka\u2019s Response to Sustainability Initiative Challenges",
                    "content": "In response to the reports of challenges in implementing its sustainability initiative, KolaMoka (KLMK) has issued a statement addressing the issues. The company assured stakeholders that it is putting in place measures to overcome the hurdles and remains committed to its goals. However, some skepticism still persists among analysts and investors.",
                    "stocks": [
                        "KLMK"
                    ],
                    "author": "Gina Gadget",
                    "website": "Tech Tattler"
                },
                {
                    "eventId": "d3article2",
                    "title": "Analysts Lower Growth Projections for KolaMoka Amid Sustainability Initiative Struggles",
                    "content": "Despite KolaMoka (KLMK) addressing the implementation challenges of its sustainability initiative, analysts have lowered the company's growth projections. Concerns about the feasibility and long-term impact of the initiative on KolaMoka's financial performance have led to a sharp drop in stock prices. Several analysts now recommend a more cautious approach towards KolaMoka's stocks.",
                    "stocks": [
                        "KLMK"
                    ],
                    "author": "Greta Gamble",
                    "website": "Bull and Bear Circus"
                }
            ],
            "stockMovements": [
                {
                    "eventId": "d3movement1",
                    "stock": "KLMK",
                    "change": -1.0,
                    "percent": true,
                    "delay": 300
                },
                {
                    "eventId": "d3movement2",
                    "stock": "KLMK",
                    "change": -1.0,
                    "percent": true,
                    "delay": 300
                },
                {
                    "eventId": "d3movement3",
                    "stock": "KLMK",
                    "change": -1.0,
                    "percent": true,
                    "delay": 300
                },
                {
                    "eventId": "d3movement4",
                    "stock": "KLMK",
                    "change": -1.3,
                    "percent": true,
                    "delay": 300
                },
                {
                    "eventId": "d3movement5",
                    "stock": "KLMK",
                    "change": -1.3,
                    "percent": true,
                    "delay": 300
                },
                {
                    "eventId": "d3movement6",
                    "stock": "KLMK",
                    "change": -1.4,
                    "percent": true,
                    "delay": 300
                }
            ],
            "earningsReport": [],
            "eventSequence": [
                {
                    "eventId": "d3article1",
                    "delay": 0
                },
                {
                    "eventId": "d3movement1",
                    "delay": 300
                },
                {
                    "eventId": "d3movement2",
                    "delay": 300
                },
                {
                    "eventId": "d3movement3",
                    "delay": 300
                },
                {
                    "eventId": "d3article2",
                    "delay": 10200
                },
                {
                    "eventId": "d3movement4",
                    "delay": 300
                },
                {
                    "eventId": "d3movement5",
                    "delay": 300
                },
                {
                    "eventId": "d3movement6",
                    "delay": 300
                }
            ]
        }
    ],
    "categories": [
        "sustainability",
        "company_news"
    ],
    "timeFrame": 3
}