{
    "id": "jamesjames_acquires_medical_device_startup",
    "title": "James&James Acquires Cutting-Edge Medical Device Startup",
    "canRepeat": false,
    "description": "James&James has acquired a cutting-edge medical device startup, marking a significant move in the healthcare industry and boosting investor confidence.",
    "days": [
        {
            "number": 1,
            "articles": [
                {
                    "eventId": "d1article1",
                    "title": "Rumors of James&James Acquiring Medical Device Startup",
                    "content": "In a surprising turn of events, rumors have started circulating about James&James (JMJM) acquiring a cutting-edge medical device startup. This move could potentially revolutionize the healthcare industry, bringing innovative solutions to the market. Analysts are already speculating on the immense possibilities and growth this acquisition might bring.",
                    "stocks": [
                        "JMJM"
                    ],
                    "author": "Polly Profit",
                    "website": "Bull and Bear Circus"
                },
                {
                    "eventId": "d1article2",
                    "title": "James&James Confirms Acquisition of Medical Device Startup",
                    "content": "James&James (JMJM) has officially confirmed the acquisition of a cutting-edge medical device startup. The company highlighted the potential for groundbreaking healthcare solutions that this new acquisition will bring. Investors are thrilled with this announcement, seeing it as a strategic move for future growth and innovation in the medical field.",
                    "stocks": [
                        "JMJM"
                    ],
                    "author": "Crazy Carla",
                    "website": "Industry Insanity"
                }
            ],
            "stockMovements": [
                {
                    "eventId": "d1movement1_1",
                    "stock": "JMJM",
                    "change": 0.7,
                    "percent": true,
                    "delay": 120
                },
                {
                    "eventId": "d1movement1_2",
                    "stock": "JMJM",
                    "change": 0.7,
                    "percent": true,
                    "delay": 180
                },
                {
                    "eventId": "d1movement1_3",
                    "stock": "JMJM",
                    "change": 0.6,
                    "percent": true,
                    "delay": 120
                },
                {
                    "eventId": "d1movement2_1",
                    "stock": "JMJM",
                    "change": 0.8,
                    "percent": true,
                    "delay": 120
                },
                {
                    "eventId": "d1movement2_2",
                    "stock": "JMJM",
                    "change": 0.9,
                    "percent": true,
                    "delay": 180
                },
                {
                    "eventId": "d1movement2_3",
                    "stock": "JMJM",
                    "change": 0.8,
                    "percent": true,
                    "delay": 120
                }
            ],
            "earningsReport": [],
            "eventSequence": [
                {
                    "eventId": "d1article1",
                    "delay": 0
                },
                {
                    "eventId": "d1movement1_1",
                    "delay": 0
                },
                {
                    "eventId": "d1movement1_2",
                    "delay": 0
                },
                {
                    "eventId": "d1movement1_3",
                    "delay": 0
                },
                {
                    "eventId": "d1article2",
                    "delay": 6780
                },
                {
                    "eventId": "d1movement2_1",
                    "delay": 0
                },
                {
                    "eventId": "d1movement2_2",
                    "delay": 0
                },
                {
                    "eventId": "d1movement2_3",
                    "delay": 0
                }
            ]
        },
        {
            "number": 2,
            "articles": [
                {
                    "eventId": "d2article1",
                    "title": "Analysts Praise James&James Strategic Move",
                    "content": "Analysts are showering praises on James&James (JMJM) for their recent acquisition of a cutting-edge medical device startup. They believe this move will lead to significant growth and position the company as a leader in the healthcare industry. Investors are optimistic, and the stock price is reflecting this positive sentiment.",
                    "stocks": [
                        "JMJM"
                    ],
                    "author": "Warren Buffoon",
                    "website": "Cash Clown"
                },
                {
                    "eventId": "d2article2",
                    "title": "Early Collaboration Details Excite Investors",
                    "content": "James&James (JMJM) has released early details of their collaboration with the recently acquired medical device startup. The innovative solutions in the pipeline are exciting investors and boosting confidence. This partnership is expected to yield groundbreaking healthcare technologies in the near future.",
                    "stocks": [
                        "JMJM"
                    ],
                    "author": "Wacky Walter",
                    "website": "Industry Insanity"
                }
            ],
            "stockMovements": [
                {
                    "eventId": "d2movement1_1",
                    "stock": "JMJM",
                    "change": 1.0,
                    "percent": true,
                    "delay": 120
                },
                {
                    "eventId": "d2movement1_2",
                    "stock": "JMJM",
                    "change": 1.0,
                    "percent": true,
                    "delay": 180
                },
                {
                    "eventId": "d2movement1_3",
                    "stock": "JMJM",
                    "change": 1.0,
                    "percent": true,
                    "delay": 120
                },
                {
                    "eventId": "d2movement2_1",
                    "stock": "JMJM",
                    "change": 0.8,
                    "percent": true,
                    "delay": 120
                },
                {
                    "eventId": "d2movement2_2",
                    "stock": "JMJM",
                    "change": 0.9,
                    "percent": true,
                    "delay": 180
                },
                {
                    "eventId": "d2movement2_3",
                    "stock": "JMJM",
                    "change": 0.8,
                    "percent": true,
                    "delay": 120
                }
            ],
            "earningsReport": [],
            "eventSequence": [
                {
                    "eventId": "d2article1",
                    "delay": 3600
                },
                {
                    "eventId": "d2movement1_1",
                    "delay": 300
                },
                {
                    "eventId": "d2movement1_2",
                    "delay": 300
                },
                {
                    "eventId": "d2movement1_3",
                    "delay": 300
                },
                {
                    "eventId": "d2article2",
                    "delay": 3600
                },
                {
                    "eventId": "d2movement2_1",
                    "delay": 300
                },
                {
                    "eventId": "d2movement2_2",
                    "delay": 300
                },
                {
                    "eventId": "d2movement2_3",
                    "delay": 300
                }
            ]
        }
    ],
    "categories": [
        "acquisitions",
        "healthcare"
    ],
    "timeFrame": 2
}