{
    "id": "james_and_james_announces_breakthrough_pain_relief_medication",
    "title": "James&James Announces Breakthrough Pain Relief Medication",
    "canRepeat": false,
    "description": "James&James releases a groundbreaking pain relief medication, sending positive tremors through the stock market.",
    "days": [
        {
            "number": 1,
            "articles": [
                {
                    "eventId": "d1article1",
                    "title": "Rumors Swirl of Breakthrough by James&James",
                    "content": "Sources are buzzing with rumors that James&James (JMJM) is about to announce a groundbreaking development in pain relief medication. If true, this could be a game-changer in the pharmaceutical industry. Investors are already reacting to the whispers, with the stock price beginning to climb.",
                    "stocks": [
                        "JMJM"
                    ],
                    "author": "Trendy Tina",
                    "website": "Trend Tribune"
                },
                {
                    "eventId": "d1article2",
                    "title": "James&James Confirms Breakthrough in Pain Relief Medication",
                    "content": "It's official \u2013 James&James (JMJM) has confirmed the development of a new pain relief medication that has shown remarkable effectiveness in clinical trials. This medication could potentially offer significant relief to millions of patients suffering from chronic pain. The company held a press conference showcasing detailed data from the trials, which has garnered significant attention from both investors and the medical community.",
                    "stocks": [
                        "JMJM"
                    ],
                    "author": "Loony Larry",
                    "website": "Industry Insanity"
                },
                {
                    "eventId": "d1article3",
                    "title": "Medical Community Applauds James&James Breakthrough",
                    "content": "The medical community is abuzz with early reactions to James&James' (JMJM) new pain relief medication. Experts are praising the clinical trials' results and the potential impact this medication could have on patients' lives. Investors are optimistic, and the stock price is responding positively. The enthusiastic response from healthcare professionals suggests a bright future for this new treatment.",
                    "stocks": [
                        "JMJM"
                    ],
                    "author": "Sensational Sue",
                    "website": "Market Madness"
                }
            ],
            "stockMovements": [
                {
                    "eventId": "d1movement1_1",
                    "stock": "JMJM",
                    "change": 1.0,
                    "percent": true,
                    "delay": 200
                },
                {
                    "eventId": "d1movement1_2",
                    "stock": "JMJM",
                    "change": 1.0,
                    "percent": true,
                    "delay": 300
                },
                {
                    "eventId": "d1movement1_3",
                    "stock": "JMJM",
                    "change": 1.0,
                    "percent": true,
                    "delay": 400
                },
                {
                    "eventId": "d1movement2_1",
                    "stock": "JMJM",
                    "change": 1.5,
                    "percent": true,
                    "delay": 300
                },
                {
                    "eventId": "d1movement2_2",
                    "stock": "JMJM",
                    "change": 1.5,
                    "percent": true,
                    "delay": 400
                },
                {
                    "eventId": "d1movement2_3",
                    "stock": "JMJM",
                    "change": 1.0,
                    "percent": true,
                    "delay": 500
                },
                {
                    "eventId": "d1movement3_1",
                    "stock": "JMJM",
                    "change": 1.0,
                    "percent": true,
                    "delay": 200
                },
                {
                    "eventId": "d1movement3_2",
                    "stock": "JMJM",
                    "change": 1.0,
                    "percent": true,
                    "delay": 300
                },
                {
                    "eventId": "d1movement3_3",
                    "stock": "JMJM",
                    "change": 1.0,
                    "percent": true,
                    "delay": 400
                }
            ],
            "earningsReport": [],
            "eventSequence": [
                {
                    "eventId": "d1article1",
                    "delay": 3600
                },
                {
                    "eventId": "d1movement1_1",
                    "delay": 300
                },
                {
                    "eventId": "d1movement1_2",
                    "delay": 300
                },
                {
                    "eventId": "d1movement1_3",
                    "delay": 300
                },
                {
                    "eventId": "d1article2",
                    "delay": 3600
                },
                {
                    "eventId": "d1movement2_1",
                    "delay": 300
                },
                {
                    "eventId": "d1movement2_2",
                    "delay": 300
                },
                {
                    "eventId": "d1movement2_3",
                    "delay": 300
                },
                {
                    "eventId": "d1article3",
                    "delay": 3600
                },
                {
                    "eventId": "d1movement3_1",
                    "delay": 300
                },
                {
                    "eventId": "d1movement3_2",
                    "delay": 300
                },
                {
                    "eventId": "d1movement3_3",
                    "delay": 300
                }
            ]
        }
    ],
    "categories": [
        "pharmaceuticals_news",
        "stock_market"
    ],
    "timeFrame": 1
}