{
    "id": "tsny_thisney_plus_experiences_major_outage",
    "title": "Thisney+ Experiences Major Outage",
    "canRepeat": false,
    "description": "Thisney+ experiences a major outage, affecting millions of subscribers and causing significant stock drop.",
    "days": [
        {
            "number": 1,
            "articles": [
                {
                    "eventId": "d1article1",
                    "title": "Thisney+ suffers massive outage",
                    "content": "The beloved streaming service, Thisney+, faced a severe outage today affecting millions of its subscribers globally. From trending shows to classic movies, users are left in the lurch and raising concerns across social media. Gary Glitch from Silicon Circus reports, \"Is this progress or just chaos? The newest update crashed my system again!\" Users around the globe are experiencing frustration, and Thisney's stock is feeling the heat.",
                    "stocks": [
                        "TSNY"
                    ],
                    "author": "Gary Glitch",
                    "website": "SiiliconCircus.com"
                },
                {
                    "eventId": "d1article2",
                    "title": "Thisney Acknowledges Streaming Issue, Works on a Fix",
                    "content": "In a swift response to the current outage, Thisney has acknowledged the widespread problem affecting millions. \"Our team is tirelessly working to resolve the issue and restore service as soon as possible,\" a spokesperson stated. Despite the assurance, stock price continues to decline. Loony Larry from Industry Insanity commented on the situation, \"A tech company announces a new product: a smart fridge that tweets your grocery list! And now this!\"",
                    "stocks": [
                        "TSNY"
                    ],
                    "author": "Loony Larry",
                    "website": "IndustryInsanity.com"
                },
                {
                    "eventId": "d1article3",
                    "title": "Analysts Warn of Potential User Trust Loss Due to Thisney+ Outage",
                    "content": "As the Thisney+ outage persists, financial analysts are beginning to voice concerns about potential long-term impacts. The possibility of eroded user trust can lead to a significant dent in subscriber numbers, translating to grim future earnings. Exaggerated Ellie from Market Madness notes, \"This tiny startup is set to become the next Apple \u2013 mark my words! But maybe, not Thisney!\" A grim outlook is expected to further deteriorate investor confidence.",
                    "stocks": [
                        "TSNY"
                    ],
                    "author": "Exaggerated Ellie",
                    "website": "MarketMadness.com"
                }
            ],
            "stockMovements": [
                {
                    "eventId": "d1movement1",
                    "stock": "TSNY",
                    "change": -1.0,
                    "percent": true,
                    "delay": 60
                },
                {
                    "eventId": "d1movement2",
                    "stock": "TSNY",
                    "change": -1.0,
                    "percent": true,
                    "delay": 120
                },
                {
                    "eventId": "d1movement3",
                    "stock": "TSNY",
                    "change": -1.0,
                    "percent": true,
                    "delay": 180
                },
                {
                    "eventId": "d1movement4",
                    "stock": "TSNY",
                    "change": -0.5,
                    "percent": true,
                    "delay": 60
                },
                {
                    "eventId": "d1movement5",
                    "stock": "TSNY",
                    "change": -0.5,
                    "percent": true,
                    "delay": 120
                },
                {
                    "eventId": "d1movement6",
                    "stock": "TSNY",
                    "change": -0.5,
                    "percent": true,
                    "delay": 180
                },
                {
                    "eventId": "d1movement7",
                    "stock": "TSNY",
                    "change": -1.0,
                    "percent": true,
                    "delay": 60
                },
                {
                    "eventId": "d1movement8",
                    "stock": "TSNY",
                    "change": -1.0,
                    "percent": true,
                    "delay": 120
                },
                {
                    "eventId": "d1movement9",
                    "stock": "TSNY",
                    "change": -1.0,
                    "percent": true,
                    "delay": 180
                },
                {
                    "eventId": "d1movement10",
                    "stock": "TSNY",
                    "change": -0.5,
                    "percent": true,
                    "delay": 240
                }
            ],
            "earningsReport": [],
            "eventSequence": [
                {
                    "eventId": "d1article1",
                    "delay": 0
                },
                {
                    "eventId": "d1movement1",
                    "delay": 0
                },
                {
                    "eventId": "d1movement2",
                    "delay": 60
                },
                {
                    "eventId": "d1movement3",
                    "delay": 120
                },
                {
                    "eventId": "d1article2",
                    "delay": 6840
                },
                {
                    "eventId": "d1movement4",
                    "delay": 0
                },
                {
                    "eventId": "d1movement5",
                    "delay": 60
                },
                {
                    "eventId": "d1movement6",
                    "delay": 120
                },
                {
                    "eventId": "d1article3",
                    "delay": 12420
                },
                {
                    "eventId": "d1movement7",
                    "delay": 0
                },
                {
                    "eventId": "d1movement8",
                    "delay": 60
                },
                {
                    "eventId": "d1movement9",
                    "delay": 120
                },
                {
                    "eventId": "d1movement10",
                    "delay": 180
                }
            ]
        }
    ],
    "categories": [
        "entertainment",
        "streaming"
    ],
    "timeFrame": 1
}