{
    "id": "thisney_expands_theme_parks_in_asia",
    "title": "Thisney Expands Theme Parks in Asia",
    "canRepeat": false,
    "description": "Thisney to expand its theme parks in Asia, adding new attractions and experiences.",
    "days": [
        {
            "number": 1,
            "articles": [
                {
                    "eventId": "d1article1",
                    "title": "Rumors Surface on Thisney's Asian Theme Park Expansion",
                    "content": "Rumors are swirling that Thisney (TSNY) is planning a significant expansion of its theme parks in Asia. Sources close to the company suggest that new attractions and experiences are on the horizon, aimed at capturing the burgeoning market of thrill-seekers in the region. Investors are cautiously optimistic, awaiting an official confirmation from the entertainment giant.",
                    "stocks": [
                        "TSNY"
                    ],
                    "author": "Greta Gamble",
                    "website": "Bull and Bear Circus"
                },
                {
                    "eventId": "d1article2",
                    "title": "Thisney Confirms Expansion of Asian Theme Parks",
                    "content": "After much speculation, Thisney (TSNY) has confirmed the expansion of its theme parks in Asia. The company announced the introduction of several new rides and attractions, promising an unparalleled experience for visitors. The expansion is a strategic move to strengthen Thisney\u2019s foothold in the Asian market. With this announcement, investor sentiments have turned bullish, and the stock has already seen an uptick.",
                    "stocks": [
                        "TSNY"
                    ],
                    "author": "Diana Data",
                    "website": "Silicon Circus"
                }
            ],
            "stockMovements": [
                {
                    "eventId": "d1movement1",
                    "stock": "TSNY",
                    "change": 0.5,
                    "percent": true
                },
                {
                    "eventId": "d1movement2",
                    "stock": "TSNY",
                    "change": 0.5,
                    "percent": true,
                    "delay": 120
                },
                {
                    "eventId": "d1movement3",
                    "stock": "TSNY",
                    "change": 0.5,
                    "percent": true,
                    "delay": 180
                },
                {
                    "eventId": "d1movement4",
                    "stock": "TSNY",
                    "change": 0.5,
                    "percent": true,
                    "delay": 240
                },
                {
                    "eventId": "d1movement5",
                    "stock": "TSNY",
                    "change": 0.5,
                    "percent": true
                },
                {
                    "eventId": "d1movement6",
                    "stock": "TSNY",
                    "change": 0.5,
                    "percent": true,
                    "delay": 60
                },
                {
                    "eventId": "d1movement7",
                    "stock": "TSNY",
                    "change": 0.5,
                    "percent": true,
                    "delay": 90
                },
                {
                    "eventId": "d1movement8",
                    "stock": "TSNY",
                    "change": 0.5,
                    "percent": true,
                    "delay": 180
                },
                {
                    "eventId": "d1movement9",
                    "stock": "TSNY",
                    "change": 0.5,
                    "percent": true,
                    "delay": 270
                }
            ],
            "earningsReport": [],
            "eventSequence": [
                {
                    "eventId": "d1article1",
                    "delay": 0
                },
                {
                    "eventId": "d1movement1",
                    "delay": 60
                },
                {
                    "eventId": "d1movement2",
                    "delay": 60
                },
                {
                    "eventId": "d1movement3",
                    "delay": 60
                },
                {
                    "eventId": "d1movement4",
                    "delay": 60
                },
                {
                    "eventId": "d1article2",
                    "delay": 6660
                },
                {
                    "eventId": "d1movement5",
                    "delay": 60
                },
                {
                    "eventId": "d1movement6",
                    "delay": 60
                },
                {
                    "eventId": "d1movement7",
                    "delay": 60
                },
                {
                    "eventId": "d1movement8",
                    "delay": 60
                }
            ]
        },
        {
            "number": 2,
            "articles": [
                {
                    "eventId": "d2article1",
                    "title": "Analysts Praise Thisney\u2019s Strategic Expansion in Asia",
                    "content": "Market analysts have lauded Thisney\u2019s (TSNY) recent announcement to expand its theme parks in Asia. They predict a significant growth in the company\u2019s market share and revenue streams as a result of this strategic move. The expansion is expected to draw large crowds and increase Thisney's influence in the Asian entertainment market. Investors are advised to keep a close eye on Thisney\u2019s stock as it shows signs of strong upward momentum.",
                    "stocks": [
                        "TSNY"
                    ],
                    "author": "Trendy Tina",
                    "website": "Trend Tribune"
                },
                {
                    "eventId": "d2article2",
                    "title": "Early Visitor Feedback on Thisney\u2019s New Attractions is Overwhelmingly Positive",
                    "content": "Thisney (TSNY) has not only caught the market's attention but has also won over the hearts of its visitors. Early feedback from those who have experienced the new attractions in Thisney's Asian theme parks has been overwhelmingly positive. The new rides and shows are being praised for their innovation and entertainment value. This visitor approval is boosting investor confidence further, solidifying Thisney\u2019s stock as a must-watch in the coming days.",
                    "stocks": [
                        "TSNY"
                    ],
                    "author": "Passionate Paula",
                    "website": "Console Carnival"
                }
            ],
            "stockMovements": [
                {
                    "eventId": "d2movement1",
                    "stock": "TSNY",
                    "change": 0.5,
                    "percent": true,
                    "delay": 60
                },
                {
                    "eventId": "d2movement2",
                    "stock": "TSNY",
                    "change": 0.5,
                    "percent": true,
                    "delay": 90
                },
                {
                    "eventId": "d2movement3",
                    "stock": "TSNY",
                    "change": 0.5,
                    "percent": true,
                    "delay": 120
                },
                {
                    "eventId": "d2movement4",
                    "stock": "TSNY",
                    "change": 0.5,
                    "percent": true,
                    "delay": 180
                },
                {
                    "eventId": "d2movement5",
                    "stock": "TSNY",
                    "change": 0.5,
                    "percent": true,
                    "delay": 240
                },
                {
                    "eventId": "d2movement6",
                    "stock": "TSNY",
                    "change": 0.5,
                    "percent": true,
                    "delay": 90
                },
                {
                    "eventId": "d2movement7",
                    "stock": "TSNY",
                    "change": 0.5,
                    "percent": true,
                    "delay": 120
                },
                {
                    "eventId": "d2movement8",
                    "stock": "TSNY",
                    "change": 0.5,
                    "percent": true,
                    "delay": 180
                },
                {
                    "eventId": "d2movement9",
                    "stock": "TSNY",
                    "change": 0.5,
                    "percent": true,
                    "delay": 240
                }
            ],
            "earningsReport": [],
            "eventSequence": [
                {
                    "eventId": "d2article1",
                    "delay": 0
                },
                {
                    "eventId": "d2movement1",
                    "delay": 60
                },
                {
                    "eventId": "d2movement2",
                    "delay": 60
                },
                {
                    "eventId": "d2movement3",
                    "delay": 60
                },
                {
                    "eventId": "d2movement4",
                    "delay": 60
                },
                {
                    "eventId": "d2movement5",
                    "delay": 60
                },
                {
                    "eventId": "d2article2",
                    "delay": 13500
                },
                {
                    "eventId": "d2movement6",
                    "delay": 60
                },
                {
                    "eventId": "d2movement7",
                    "delay": 60
                },
                {
                    "eventId": "d2movement8",
                    "delay": 60
                },
                {
                    "eventId": "d2movement9",
                    "delay": 60
                }
            ]
        }
    ],
    "categories": [
        "theme_park_expansion",
        "entertainment"
    ],
    "timeFrame": 2
}