{
    "id": "thisney_faces_backlash_over_theme_park_pricing",
    "title": "Thisney Faces Backlash Over Theme Park Pricing",
    "canRepeat": false,
    "description": "Thisney faces consumer backlash after increasing its theme park pricing, causing the stock price to take a hit.",
    "days": [
        {
            "number": 1,
            "articles": [
                {
                    "eventId": "d1article1",
                    "title": "Consumers Revolt Against Thisney's Theme Park Pricing",
                    "content": "Reports have surfaced of widespread consumer backlash over Thisney (TSNY) increasing the prices of its theme parks. Many feel the hikes are unreasonable and accuse the company of being out of touch with its loyal customer base. The backlash has already begun to affect the company's stock price.",
                    "stocks": [
                        "TSNY"
                    ],
                    "author": "Sally Shortsell",
                    "website": "Bull and Bear Circus"
                }
            ],
            "stockMovements": [
                {
                    "eventId": "d1movement1",
                    "stock": "TSNY",
                    "change": -0.8,
                    "percent": true,
                    "delay": 300
                },
                {
                    "eventId": "d1movement2",
                    "stock": "TSNY",
                    "change": -0.9,
                    "percent": true,
                    "delay": 720
                },
                {
                    "eventId": "d1movement3",
                    "stock": "TSNY",
                    "change": -0.8,
                    "percent": true,
                    "delay": 960
                }
            ],
            "earningsReport": [],
            "eventSequence": [
                {
                    "eventId": "d1article1",
                    "delay": 0
                },
                {
                    "eventId": "d1movement1",
                    "delay": 300
                },
                {
                    "eventId": "d1movement2",
                    "delay": 1020
                },
                {
                    "eventId": "d1movement3",
                    "delay": 1980
                }
            ]
        },
        {
            "number": 1,
            "articles": [
                {
                    "eventId": "d1article2",
                    "title": "Thisney Attempts to Justify Pricing Strategy",
                    "content": "Following the backlash, Thisney (TSNY) released a statement defending their decision to increase theme park prices. The company cited rising operational costs and a need to improve park experiences as justifications for the increase. Despite their explanation, skepticism remains high among consumers and investors.",
                    "stocks": [
                        "TSNY"
                    ],
                    "author": "Misty Bankroll",
                    "website": "Cash Clown"
                }
            ],
            "stockMovements": [
                {
                    "eventId": "d1movement4",
                    "stock": "TSNY",
                    "change": -0.5,
                    "percent": true,
                    "delay": 300
                },
                {
                    "eventId": "d1movement5",
                    "stock": "TSNY",
                    "change": -0.5,
                    "percent": true,
                    "delay": 600
                },
                {
                    "eventId": "d1movement6",
                    "stock": "TSNY",
                    "change": -0.5,
                    "percent": true,
                    "delay": 900
                }
            ],
            "earningsReport": [],
            "eventSequence": [
                {
                    "eventId": "d1article2",
                    "delay": 3600
                },
                {
                    "eventId": "d1movement4",
                    "delay": 300
                },
                {
                    "eventId": "d1movement5",
                    "delay": 300
                },
                {
                    "eventId": "d1movement6",
                    "delay": 300
                }
            ]
        },
        {
            "number": 2,
            "articles": [
                {
                    "eventId": "d2article1",
                    "title": "Major Outlets Criticize Thisney's Handling of Pricing Controversy",
                    "content": "Leading news outlets have criticized Thisney's (TSNY) response to the backlash over its theme park pricing. Many have highlighted the company's failure to adequately address consumer concerns, stating that their justification fell flat. This added pressure has caused further declines in the stock price, leaving investors anxious.",
                    "stocks": [
                        "TSNY"
                    ],
                    "author": "Dramatic Dana",
                    "website": "Console Carnival"
                }
            ],
            "stockMovements": [
                {
                    "eventId": "d2movement1",
                    "stock": "TSNY",
                    "change": -1.0,
                    "percent": true,
                    "delay": 300
                },
                {
                    "eventId": "d2movement2",
                    "stock": "TSNY",
                    "change": -1.0,
                    "percent": true,
                    "delay": 600
                },
                {
                    "eventId": "d2movement3",
                    "stock": "TSNY",
                    "change": -1.0,
                    "percent": true,
                    "delay": 1200
                }
            ],
            "earningsReport": [],
            "eventSequence": [
                {
                    "eventId": "d2article1",
                    "delay": 3600
                },
                {
                    "eventId": "d2movement1",
                    "delay": 300
                },
                {
                    "eventId": "d2movement2",
                    "delay": 300
                },
                {
                    "eventId": "d2movement3",
                    "delay": 300
                }
            ]
        },
        {
            "number": 2,
            "articles": [
                {
                    "eventId": "d2article2",
                    "title": "Thisney Promises to Review Pricing Strategy Amid Continued Criticism",
                    "content": "In light of ongoing criticism, Thisney (TSNY) has promised to review its pricing strategy for its theme parks. The company acknowledged the negative feedback and stated that it is working on a more balanced approach that aligns with consumer expectations. However, the damage to the company's reputation and stock price is evident.",
                    "stocks": [
                        "TSNY"
                    ],
                    "author": "Polly Profit",
                    "website": "Bull and Bear Circus"
                }
            ],
            "stockMovements": [
                {
                    "eventId": "d2movement4",
                    "stock": "TSNY",
                    "change": -0.9,
                    "percent": true,
                    "delay": 300
                },
                {
                    "eventId": "d2movement5",
                    "stock": "TSNY",
                    "change": -0.8,
                    "percent": true,
                    "delay": 900
                },
                {
                    "eventId": "d2movement6",
                    "stock": "TSNY",
                    "change": -0.8,
                    "percent": true,
                    "delay": 1800
                }
            ],
            "earningsReport": [],
            "eventSequence": [
                {
                    "eventId": "d2article2",
                    "delay": 3600
                },
                {
                    "eventId": "d2movement4",
                    "delay": 300
                },
                {
                    "eventId": "d2movement5",
                    "delay": 300
                },
                {
                    "eventId": "d2movement6",
                    "delay": 300
                }
            ]
        }
    ],
    "categories": [
        "pricing_controversy",
        "entertainment"
    ],
    "timeFrame": 2
}