{
    "id": "molkmogen_emission_issue_recall",
    "title": "Molkmogen Faces Recall Due to Emission Issues",
    "canRepeat": false,
    "description": "Molkmogen faces a major setback as it announces the recall of thousands of vehicles due to emission issues, causing a significant drop in stock prices.",
    "days": [
        {
            "number": 1,
            "articles": [
                {
                    "eventId": "d1article1",
                    "title": "Molkmogen Recalls Thousands of Vehicles Over Emission Issues",
                    "content": "In a stunning development, Molkmogen (MLKG) has announced the recall of thousands of vehicles due to ongoing emission issues. The recall affects some of the company's most popular models, including the iconic Beetle and Golf. This move has understandably caused a wave of concern among investors, who are now questioning the robustness of Molkmogen's emission compliance procedures. \n\n The company has been under scrutiny for some time regarding its emission standards, and this recall will likely tarnish its reputation further. While the company is working diligently to rectify the issues, the market reaction has been swift and unforgiving. \n\n Molkmogen's stock has already seen a significant drop in response to the announcement, underlining the massive impact this recall is expected to have on the company's financial performance. Investors are eagerly awaiting further updates as the situation unfolds.",
                    "stocks": [
                        "MLKG"
                    ],
                    "author": "Polly Profit",
                    "website": "Bull and Bear Circus"
                }
            ],
            "stockMovements": [
                {
                    "eventId": "d1movement1",
                    "stock": "MLKG",
                    "change": -1.0,
                    "percent": true,
                    "delay": 120
                },
                {
                    "eventId": "d1movement2",
                    "stock": "MLKG",
                    "change": -1.0,
                    "percent": true,
                    "delay": 120
                },
                {
                    "eventId": "d1movement3",
                    "stock": "MLKG",
                    "change": -1.0,
                    "percent": true,
                    "delay": 120
                }
            ],
            "earningsReport": [],
            "eventSequence": [
                {
                    "eventId": "d1article1",
                    "delay": 0
                },
                {
                    "eventId": "d1movement1",
                    "delay": 60
                },
                {
                    "eventId": "d1movement2",
                    "delay": 120
                },
                {
                    "eventId": "d1movement3",
                    "delay": 240
                }
            ]
        },
        {
            "number": 1,
            "articles": [
                {
                    "eventId": "d1article2",
                    "title": "Molkmogen Acknowledges Recall and Working on a Fix",
                    "content": "Molkmogen (MLKG) has issued a public statement acknowledging the recall of thousands of vehicles due to emission issues. The company assured customers and investors that they are rigorously working on a solution to fix the underlying problems causing the excessive emissions.\n\nIn the statement, Molkmogen highlighted their commitment to transparency and environmental sustainability, indicating that a dedicated task force has been established to address the recall efficiently. The company plans to undertake a thorough investigation and implement updated emission control systems to ensure similar issues do not arise in the future.\n\nWhile the company's proactive approach is admirable, the stock market has reacted unfavorably to the news. Investors remain concerned about the financial implications of the recall and the potential damage to Molkmogen's brand reputation. Analysts are speculating about the long-term impact this recall will have on Molkmogen's market position.",
                    "stocks": [
                        "MLKG"
                    ],
                    "author": "Sally Shortsell",
                    "website": "Bull and Bear Circus"
                }
            ],
            "stockMovements": [
                {
                    "eventId": "d1movement4",
                    "stock": "MLKG",
                    "change": -0.5,
                    "percent": true,
                    "delay": 180
                },
                {
                    "eventId": "d1movement5",
                    "stock": "MLKG",
                    "change": -0.5,
                    "percent": true,
                    "delay": 180
                },
                {
                    "eventId": "d1movement6",
                    "stock": "MLKG",
                    "change": -0.5,
                    "percent": true,
                    "delay": 180
                }
            ],
            "earningsReport": [],
            "eventSequence": [
                {
                    "eventId": "d1article2",
                    "delay": 6840
                },
                {
                    "eventId": "d1movement4",
                    "delay": 60
                },
                {
                    "eventId": "d1movement5",
                    "delay": 360
                },
                {
                    "eventId": "d1movement6",
                    "delay": 540
                }
            ]
        },
        {
            "number": 1,
            "articles": [
                {
                    "eventId": "d1article3",
                    "title": "Analysts Predict Severe Financial Impact from Molkmogen Recall",
                    "content": "Following the recent announcement of Molkmogen's recall due to emission issues, industry analysts are beginning to weigh in on the potential financial repercussions for the German automaker. The consensus among experts is that the recall could have a substantial negative impact on the company\u2019s financial outlook. \n\nAccording to a report by Timmy Tumble from the Bull and Bear Circus, the recall is expected to cost Molkmogen hundreds of millions of dollars in direct repair expenses and potential legal liabilities. Furthermore, the company could face a significant decline in consumer trust, which might affect future sales and brand loyalty.\n\nAnother notable concern is the potential for regulatory penalties and increased scrutiny from environmental agencies in various markets. The combination of these factors has led to a further drop in Molkmogen's stock price, which plummeted as investors reacted to the grim predictions.\n\nIn conclusion, the fallout from the emission-related recall is likely to be a prolonged and challenging period for Molkmogen, as the company navigates the complex process of addressing the operational and financial ramifications of this crisis.",
                    "stocks": [
                        "MLKG"
                    ],
                    "author": "Timmy Tumble",
                    "website": "Bull and Bear Circus"
                }
            ],
            "stockMovements": [
                {
                    "eventId": "d1movement7",
                    "stock": "MLKG",
                    "change": -0.8,
                    "percent": true,
                    "delay": 200
                },
                {
                    "eventId": "d1movement8",
                    "stock": "MLKG",
                    "change": -0.8,
                    "percent": true,
                    "delay": 200
                },
                {
                    "eventId": "d1movement9",
                    "stock": "MLKG",
                    "change": -0.8,
                    "percent": true,
                    "delay": 200
                },
                {
                    "eventId": "d1movement10",
                    "stock": "MLKG",
                    "change": -0.8,
                    "percent": true,
                    "delay": 200
                }
            ],
            "earningsReport": [],
            "eventSequence": [
                {
                    "eventId": "d1article3",
                    "delay": 13260
                },
                {
                    "eventId": "d1movement7",
                    "delay": 60
                },
                {
                    "eventId": "d1movement8",
                    "delay": 260
                },
                {
                    "eventId": "d1movement9",
                    "delay": 460
                },
                {
                    "eventId": "d1movement10",
                    "delay": 660
                }
            ]
        }
    ],
    "categories": [
        "recalls",
        "automotive"
    ],
    "timeFrame": 1
}