{
    "id": "molkmogen_faces_backlash",
    "title": "Molkmogen Faces Backlash Over Luxury Car Pricing",
    "canRepeat": false,
    "description": "Molkmogen faces backlash over high pricing for luxury cars, causing stock dips and eventual stabilization.",
    "days": [
        {
            "number": 1,
            "articles": [
                {
                    "eventId": "d1article1",
                    "title": "Molkmogen Faces Consumer Backlash Over Pricing",
                    "content": "Molkmogen (MLKG) is facing widespread consumer backlash due to the high pricing of its luxury vehicles, especially the Portsche models. Many consumers feel that the prices are exorbitant, and this sentiment has begun to affect Molkmogen's stock negatively. The stock dropped significantly as investors reacted to the news.",
                    "stocks": [
                        "MLKG"
                    ],
                    "author": "Peter Processor",
                    "website": "Tech Tattler"
                }
            ],
            "stockMovements": [
                {
                    "eventId": "d1movement1",
                    "stock": "MLKG",
                    "change": -1.0,
                    "percent": true,
                    "delay": 100
                },
                {
                    "eventId": "d1movement2",
                    "stock": "MLKG",
                    "change": -1.0,
                    "percent": true,
                    "delay": 100
                },
                {
                    "eventId": "d1movement3",
                    "stock": "MLKG",
                    "change": -1.0,
                    "percent": true,
                    "delay": 100
                }
            ],
            "earningsReport": [],
            "eventSequence": [
                {
                    "eventId": "d1article1",
                    "delay": 0
                },
                {
                    "eventId": "d1movement1",
                    "delay": 0
                },
                {
                    "eventId": "d1movement2",
                    "delay": 100
                },
                {
                    "eventId": "d1movement3",
                    "delay": 200
                }
            ]
        },
        {
            "number": 1,
            "articles": [
                {
                    "eventId": "d1article2",
                    "title": "Molkmogen Defends Its Pricing Strategy Amid Backlash",
                    "content": "In response to the backlash, Molkmogen (MLKG) has come forward to defend its pricing strategy, emphasizing the superior quality and advanced technology of its luxury cars. Despite the criticism, the company insists that their pricing reflects the value offered by their vehicles. This statement has helped to stabilize the stock slightly.",
                    "stocks": [
                        "MLKG"
                    ],
                    "author": "Sally Shortsell",
                    "website": "Bull and Bear Circus"
                }
            ],
            "stockMovements": [
                {
                    "eventId": "d1movement4",
                    "stock": "MLKG",
                    "change": 0.5,
                    "percent": true,
                    "delay": 100
                },
                {
                    "eventId": "d1movement5",
                    "stock": "MLKG",
                    "change": 0.5,
                    "percent": true,
                    "delay": 100
                },
                {
                    "eventId": "d1movement6",
                    "stock": "MLKG",
                    "change": 0.5,
                    "percent": true,
                    "delay": 100
                }
            ],
            "earningsReport": [],
            "eventSequence": [
                {
                    "eventId": "d1article2",
                    "delay": 3600
                },
                {
                    "eventId": "d1movement4",
                    "delay": 300
                },
                {
                    "eventId": "d1movement5",
                    "delay": 300
                },
                {
                    "eventId": "d1movement6",
                    "delay": 300
                }
            ]
        },
        {
            "number": 1,
            "articles": [
                {
                    "eventId": "d1article3",
                    "title": "Further Consumer Dissatisfaction Hits Molkmogen",
                    "content": "Despite Molkmogen's (MLKG) efforts to justify their pricing, further dissatisfaction has emerged among consumers, leading to another dip in the stock. Many argue that the company's response was insufficient and have continued to voice their displeasure. The stock has taken another hit as a result of the sustained negative sentiment.",
                    "stocks": [
                        "MLKG"
                    ],
                    "author": "Toby Techie",
                    "website": "Byte Banter"
                }
            ],
            "stockMovements": [
                {
                    "eventId": "d1movement7",
                    "stock": "MLKG",
                    "change": -0.5,
                    "percent": true,
                    "delay": 100
                },
                {
                    "eventId": "d1movement8",
                    "stock": "MLKG",
                    "change": -0.5,
                    "percent": true,
                    "delay": 100
                },
                {
                    "eventId": "d1movement9",
                    "stock": "MLKG",
                    "change": -1.0,
                    "percent": true,
                    "delay": 150
                },
                {
                    "eventId": "d1movement10",
                    "stock": "MLKG",
                    "change": -0.5,
                    "percent": true,
                    "delay": 100
                }
            ],
            "earningsReport": [],
            "eventSequence": [
                {
                    "eventId": "d1article3",
                    "delay": 3600
                },
                {
                    "eventId": "d1movement7",
                    "delay": 300
                },
                {
                    "eventId": "d1movement8",
                    "delay": 300
                },
                {
                    "eventId": "d1movement9",
                    "delay": 300
                },
                {
                    "eventId": "d1movement10",
                    "delay": 300
                }
            ]
        },
        {
            "number": 1,
            "articles": [
                {
                    "eventId": "d1article4",
                    "title": "Analysts Predict Limited Long-Term Impact for Molkmogen",
                    "content": "Market analysts have stepped in to provide their perspective on the recent backlash faced by Molkmogen (MLKG). According to their assessments, while the short-term impact on the stock may be noticeable, they predict that there will be limited long-term consequences. This positive outlook has helped to stabilize the stock once more.",
                    "stocks": [
                        "MLKG"
                    ],
                    "author": "Warren Buffoon",
                    "website": "Cash Clown"
                }
            ],
            "stockMovements": [
                {
                    "eventId": "d1movement11",
                    "stock": "MLKG",
                    "change": 0.3,
                    "percent": true,
                    "delay": 100
                },
                {
                    "eventId": "d1movement12",
                    "stock": "MLKG",
                    "change": 0.3,
                    "percent": true,
                    "delay": 100
                },
                {
                    "eventId": "d1movement13",
                    "stock": "MLKG",
                    "change": 0.4,
                    "percent": true,
                    "delay": 100
                }
            ],
            "earningsReport": [],
            "eventSequence": [
                {
                    "eventId": "d1article4",
                    "delay": 3600
                },
                {
                    "eventId": "d1movement11",
                    "delay": 300
                },
                {
                    "eventId": "d1movement12",
                    "delay": 300
                },
                {
                    "eventId": "d1movement13",
                    "delay": 300
                }
            ]
        }
    ],
    "categories": [
        "company_news"
    ],
    "timeFrame": 1
}