{
    "id": "molkmogen_unveils_electric_beetle",
    "title": "Molkmogen Unveils New Electric Beetle",
    "canRepeat": false,
    "description": "Molkmogen unveils a new electric version of its iconic Beetle, exciting investors and analysts.",
    "days": [
        {
            "number": 1,
            "articles": [
                {
                    "eventId": "d1article1",
                    "title": "Rumors Swirl About Electric Beetle",
                    "content": "The rumor mill is abuzz with news that Molkmogen (MLKG) is set to unveil an electric version of its iconic Beetle. Sources close to the company hint that this new model will boast impressive range and features, potentially revolutionizing the electric vehicle market.",
                    "stocks": [
                        "MLKG"
                    ],
                    "author": "Polly Profit",
                    "website": "Bull and Bear Circus"
                },
                {
                    "eventId": "d1article2",
                    "title": "Molkmogen Confirms Electric Beetle Unveiling",
                    "content": "Molkmogen (MLKG) has officially confirmed that it will be launching a new electric version of its iconic Beetle. The car features a range of cutting-edge technologies, including a range of over 300 miles on a single charge. The new Beetle is expected to attract both long-time fans of the brand as well as new customers eager for a stylish and sustainable vehicular option.",
                    "stocks": [
                        "MLKG"
                    ],
                    "author": "Gary Glitch",
                    "website": "Silicon Circus"
                },
                {
                    "eventId": "d1article3",
                    "title": "Early Reviews for Electric Beetle Overwhelmingly Positive",
                    "content": "Early reviews are pouring in for the new electric Beetle from Molkmogen (MLKG), and they are overwhelmingly positive. Reviewers are praising the vehicle's performance, range, and design, marking it as a significant leap forward in the electric vehicle market. Industry analysts are excited, predicting a strong market reaction.",
                    "stocks": [
                        "MLKG"
                    ],
                    "author": "Diana Data",
                    "website": "Silicon Circus"
                }
            ],
            "stockMovements": [
                {
                    "eventId": "d1movement1",
                    "stock": "MLKG",
                    "change": 1.0,
                    "percent": true,
                    "delay": 100
                },
                {
                    "eventId": "d1movement2",
                    "stock": "MLKG",
                    "change": 1.0,
                    "percent": true,
                    "delay": 100
                },
                {
                    "eventId": "d1movement3",
                    "stock": "MLKG",
                    "change": 1.0,
                    "percent": true,
                    "delay": 200
                },
                {
                    "eventId": "d1movement4",
                    "stock": "MLKG",
                    "change": 1.0,
                    "percent": true,
                    "delay": 200
                },
                {
                    "eventId": "d1movement5",
                    "stock": "MLKG",
                    "change": 1.0,
                    "percent": true,
                    "delay": 300
                },
                {
                    "eventId": "d1movement6",
                    "stock": "MLKG",
                    "change": 1.8,
                    "percent": true,
                    "delay": 400
                },
                {
                    "eventId": "d1movement7",
                    "stock": "MLKG",
                    "change": 1.0,
                    "percent": true,
                    "delay": 200
                },
                {
                    "eventId": "d1movement8",
                    "stock": "MLKG",
                    "change": 2.0,
                    "percent": true,
                    "delay": 300
                },
                {
                    "eventId": "d1movement9",
                    "stock": "MLKG",
                    "change": 1.0,
                    "percent": true,
                    "delay": 100
                }
            ],
            "earningsReport": [],
            "eventSequence": [
                {
                    "eventId": "d1article1",
                    "delay": 0
                },
                {
                    "eventId": "d1movement1",
                    "delay": 200
                },
                {
                    "eventId": "d1movement2",
                    "delay": 100
                },
                {
                    "eventId": "d1movement3",
                    "delay": 100
                },
                {
                    "eventId": "d1article2",
                    "delay": 6697
                },
                {
                    "eventId": "d1movement4",
                    "delay": 100
                },
                {
                    "eventId": "d1movement5",
                    "delay": 200
                },
                {
                    "eventId": "d1movement6",
                    "delay": 100
                },
                {
                    "eventId": "d1movement7",
                    "delay": 200
                },
                {
                    "eventId": "d1article3",
                    "delay": 10798
                },
                {
                    "eventId": "d1movement8",
                    "delay": 100
                },
                {
                    "eventId": "d1movement9",
                    "delay": 100
                }
            ]
        }
    ],
    "categories": [
        "product_release",
        "automotive"
    ],
    "timeFrame": 1
}