{
    "id": "frst_firestorm_backlash",
    "title": "Firestorm Faces Backlash Over Hong Kong Controversy",
    "canRepeat": false,
    "description": "Firestorm Entertainment faces a huge backlash over banning a player who supported Hong Kong protests, affecting its stock.",
    "days": [
        {
            "number": 1,
            "articles": [
                {
                    "eventId": "d1article1",
                    "title": "Firestorm Bans Player Supporting Hong Kong Protests, Faces Backlash",
                    "content": "In a shocking move, Firestorm Entertainment has banned a player for voicing support for the Hong Kong protests, sparking global backlash. Critics argue that this decision was driven by the company's desire to maintain its market position in China, resulting in widespread criticism from fans and activists alike.\n\nSocial media platforms were flooded with users expressing their disappointment and calling for a boycott of Firestorm's games. Even prominent figures in the gaming community condemned the action, putting additional pressure on the company to reconsider its stance.",
                    "stocks": [
                        "FRST"
                    ],
                    "author": "Sally Shortsell",
                    "website": "Bull and Bear Circus"
                }
            ],
            "stockMovements": [
                {
                    "eventId": "d1movement1",
                    "stock": "FRST",
                    "change": -1.0,
                    "percent": true,
                    "delay": 500
                },
                {
                    "eventId": "d1movement2",
                    "stock": "FRST",
                    "change": -1.0,
                    "percent": true,
                    "delay": 700
                },
                {
                    "eventId": "d1movement3",
                    "stock": "FRST",
                    "change": -0.5,
                    "percent": true,
                    "delay": 800
                }
            ],
            "eventSequence": [
                {
                    "eventId": "d1article1",
                    "delay": 0
                },
                {
                    "eventId": "d1movement1",
                    "delay": 500
                },
                {
                    "eventId": "d1movement2",
                    "delay": 700
                },
                {
                    "eventId": "d1movement3",
                    "delay": 800
                },
                {
                    "eventId": "d1article2",
                    "delay": 6800
                }
            ]
        },
        {
            "number": 2,
            "articles": [
                {
                    "eventId": "d2article1",
                    "title": "Firestorm Faces Scrutiny After Defending Controversial Ban",
                    "content": "Firestorm Entertainment has come forward to defend its controversial decision to ban the player who voiced support for the Hong Kong protests. In their statement, the company emphasized that their guidelines prohibit any form of politicized speech within their platforms.\n\nDespite their attempt to provide justification, skepticism continues to grow among the global gaming community. Observers point out that the company's response has done little to quell the unrest, with many viewing it as an insufficient explanation.",
                    "stocks": [
                        "FRST"
                    ],
                    "author": "Dramatic Dana",
                    "website": "Console Carnival"
                }
            ],
            "stockMovements": [
                {
                    "eventId": "d2movement1",
                    "stock": "FRST",
                    "change": -1.0,
                    "percent": true,
                    "delay": 300
                },
                {
                    "eventId": "d2movement2",
                    "stock": "FRST",
                    "change": -0.5,
                    "percent": true,
                    "delay": 500
                },
                {
                    "eventId": "d2movement3",
                    "stock": "FRST",
                    "change": -0.5,
                    "percent": true,
                    "delay": 700
                }
            ],
            "eventSequence": [
                {
                    "eventId": "d2article1",
                    "delay": 3600
                },
                {
                    "eventId": "d2movement1",
                    "delay": 300
                },
                {
                    "eventId": "d2movement2",
                    "delay": 300
                },
                {
                    "eventId": "d2movement3",
                    "delay": 300
                },
                {
                    "eventId": "d3article1",
                    "delay": 3600
                }
            ]
        },
        {
            "number": 3,
            "articles": [
                {
                    "eventId": "d3article1",
                    "title": "Major News Outlets Condemn Firestorm's Controversial Stance",
                    "content": "Major news outlets have sharply criticized Firestorm Entertainment's stance on the Hong Kong protests, further exacerbating the damage to the company's reputation. The backlash has extended beyond the gaming community, drawing the attention of political commentators and human rights organizations.\n\nAnalysts suggest that this controversy could have significant long-term impacts on Firestorm's market performance. The company's stock has continued to fall as investors react to the growing public outcry.",
                    "stocks": [
                        "FRST"
                    ],
                    "author": "Polly Profit",
                    "website": "Bull and Bear Circus"
                }
            ],
            "stockMovements": [
                {
                    "eventId": "d3movement1",
                    "stock": "FRST",
                    "change": -1.0,
                    "percent": true,
                    "delay": 400
                },
                {
                    "eventId": "d3movement2",
                    "stock": "FRST",
                    "change": -1.0,
                    "percent": true,
                    "delay": 600
                },
                {
                    "eventId": "d3movement3",
                    "stock": "FRST",
                    "change": -1.0,
                    "percent": true,
                    "delay": 800
                }
            ],
            "eventSequence": [
                {
                    "eventId": "d3article1",
                    "delay": 3600
                },
                {
                    "eventId": "d3movement1",
                    "delay": 300
                },
                {
                    "eventId": "d3movement2",
                    "delay": 300
                },
                {
                    "eventId": "d3movement3",
                    "delay": 300
                },
                {
                    "eventId": "d3article2",
                    "delay": 3600
                }
            ]
        },
        {
            "number": 4,
            "articles": [
                {
                    "eventId": "d3article2",
                    "title": "Firestorm Vows to Review Policies Amidst Backlash, Damage Persists",
                    "content": "Bowing to mounting pressure, Firestorm Entertainment has promised to review its policies regarding player speech and political expression. The company's statement mentioned a commitment to upholding its community standards while ensuring fair treatment for all players.\n\nHowever, the apology and promise of policy review may be too little, too late. The damage to Firestorm's public image is considerable, and the company's stock price reflects the lack of investor confidence.",
                    "stocks": [
                        "FRST"
                    ],
                    "author": "Gary Glitch",
                    "website": "Silicon Circus"
                }
            ],
            "stockMovements": [
                {
                    "eventId": "d4movement1",
                    "stock": "FRST",
                    "change": -1.0,
                    "percent": true,
                    "delay": 100
                },
                {
                    "eventId": "d4movement2",
                    "stock": "FRST",
                    "change": -0.5,
                    "percent": true,
                    "delay": 300
                },
                {
                    "eventId": "d4movement3",
                    "stock": "FRST",
                    "change": -1.0,
                    "percent": true,
                    "delay": 700
                },
                {
                    "eventId": "d4movement4",
                    "stock": "FRST",
                    "change": -0.5,
                    "percent": true,
                    "delay": 800
                }
            ],
            "eventSequence": [
                {
                    "eventId": "d3article2",
                    "delay": 14400
                },
                {
                    "eventId": "d4movement1",
                    "delay": 100
                },
                {
                    "eventId": "d4movement2",
                    "delay": 300
                },
                {
                    "eventId": "d4movement3",
                    "delay": 700
                },
                {
                    "eventId": "d4movement4",
                    "delay": 800
                }
            ]
        }
    ],
    "categories": [
        "controversy",
        "gaming"
    ],
    "timeFrame": 2
}