{
    "id": "tiger_acquires_ev_startup",
    "title": "Tiger Acquires Electric Vehicle Startup",
    "canRepeat": false,
    "description": "Rumors and subsequent confirmation of Tiger acquiring an electric vehicle startup send the stock price soaring.",
    "days": [
        {
            "number": 1,
            "articles": [
                {
                    "eventId": "d1article1",
                    "title": "Rumors of Tiger Acquiring Electric Vehicle Startup",
                    "content": "Industry whispers have been circulating about Tiger (TIGR) potentially acquiring an innovative electric vehicle startup. If the rumors are true, this strategic move could position Tiger at the forefront of the luxury electric vehicle market, combining its reputation for performance with cutting-edge EV technology.",
                    "stocks": [
                        "TIGR"
                    ],
                    "author": "Greta Gamble",
                    "website": "Bull and Bear Circus"
                },
                {
                    "eventId": "d1article2",
                    "title": "Tiger Confirms Acquisition of Electric Vehicle Startup",
                    "content": "Tiger (TIGR) has confirmed the acquisition of a promising electric vehicle startup, a move seen as a significant step towards integrating advanced sustainable technology into their high-performance cars. The company highlighted the potential for innovative EV technology that could redefine luxury electric vehicles and provide a competitive edge in the growing market.",
                    "stocks": [
                        "TIGR"
                    ],
                    "author": "Polly Profit",
                    "website": "Bull and Bear Circus"
                }
            ],
            "stockMovements": [
                {
                    "eventId": "d1movement1",
                    "stock": "TIGR",
                    "change": 0.67,
                    "percent": true,
                    "delay": 0
                },
                {
                    "eventId": "d1movement2",
                    "stock": "TIGR",
                    "change": 0.66,
                    "percent": true,
                    "delay": 60
                },
                {
                    "eventId": "d1movement3",
                    "stock": "TIGR",
                    "change": 0.67,
                    "percent": true,
                    "delay": 60
                },
                {
                    "eventId": "d1movement4",
                    "stock": "TIGR",
                    "change": 0.83,
                    "percent": true,
                    "delay": 0
                },
                {
                    "eventId": "d1movement5",
                    "stock": "TIGR",
                    "change": 0.83,
                    "percent": true,
                    "delay": 80
                },
                {
                    "eventId": "d1movement6",
                    "stock": "TIGR",
                    "change": 0.84,
                    "percent": true,
                    "delay": 80
                }
            ],
            "earningsReport": [],
            "eventSequence": [
                {
                    "eventId": "d1article1",
                    "delay": 0
                },
                {
                    "eventId": "d1movement1",
                    "delay": 0
                },
                {
                    "eventId": "d1movement2",
                    "delay": 60
                },
                {
                    "eventId": "d1movement3",
                    "delay": 60
                },
                {
                    "eventId": "d1article2",
                    "delay": 7000
                },
                {
                    "eventId": "d1movement4",
                    "delay": 0
                },
                {
                    "eventId": "d1movement5",
                    "delay": 80
                },
                {
                    "eventId": "d1movement6",
                    "delay": 80
                }
            ]
        },
        {
            "number": 2,
            "articles": [
                {
                    "eventId": "d2article1",
                    "title": "Analysts Praise Tiger's Strategic Move",
                    "content": "Analysts have lauded Tiger's (TIGR) recent move to acquire an electric vehicle startup, describing it as a masterstroke that could lead to significant market growth. The merger is expected to bring synergies between Tiger's luxury brand and the startup's cutting-edge EV technology, potentially driving substantial profits and increased market share in the burgeoning electric vehicle sector.",
                    "stocks": [
                        "TIGR"
                    ],
                    "author": "Trendy Tina",
                    "website": "Trend Tribune"
                },
                {
                    "eventId": "d2article2",
                    "title": "Tiger Reveals Early Collaboration Details",
                    "content": "Tiger (TIGR) has shared early details of its collaboration with the newly acquired electric vehicle startup, exciting investors and industry experts alike. The combined expertise is expected to accelerate the development of innovative EV models, featuring advanced technologies that promise to set new benchmarks in the luxury automotive market. The news has boosted investor confidence, with expectations of strong future growth.",
                    "stocks": [
                        "TIGR"
                    ],
                    "author": "Polly Profit",
                    "website": "Bull and Bear Circus"
                }
            ],
            "stockMovements": [
                {
                    "eventId": "d2movement1",
                    "stock": "TIGR",
                    "change": 1.0,
                    "percent": true,
                    "delay": 0
                },
                {
                    "eventId": "d2movement2",
                    "stock": "TIGR",
                    "change": 1.0,
                    "percent": true,
                    "delay": 120
                },
                {
                    "eventId": "d2movement3",
                    "stock": "TIGR",
                    "change": 1.0,
                    "percent": true,
                    "delay": 150
                },
                {
                    "eventId": "d2movement4",
                    "stock": "TIGR",
                    "change": 0.83,
                    "percent": true,
                    "delay": 0
                },
                {
                    "eventId": "d2movement5",
                    "stock": "TIGR",
                    "change": 0.83,
                    "percent": true,
                    "delay": 150
                },
                {
                    "eventId": "d2movement6",
                    "stock": "TIGR",
                    "change": 0.84,
                    "percent": true,
                    "delay": 180
                }
            ],
            "earningsReport": [],
            "eventSequence": [
                {
                    "eventId": "d2article1",
                    "delay": 0
                },
                {
                    "eventId": "d2movement1",
                    "delay": 0
                },
                {
                    "eventId": "d2movement2",
                    "delay": 120
                },
                {
                    "eventId": "d2movement3",
                    "delay": 150
                },
                {
                    "eventId": "d2article2",
                    "delay": 13950
                },
                {
                    "eventId": "d2movement4",
                    "delay": 0
                },
                {
                    "eventId": "d2movement5",
                    "delay": 150
                },
                {
                    "eventId": "d2movement6",
                    "delay": 180
                }
            ]
        }
    ],
    "categories": [
        "acquisitions",
        "automotive"
    ],
    "timeFrame": 2
}