{
    "id": "tiger_expands_ev_lineup",
    "title": "Tiger Expands Electric Vehicle Lineup",
    "canRepeat": false,
    "description": "Tiger announces the expansion of its electric vehicle lineup by introducing new models.",
    "days": [
        {
            "number": 1,
            "articles": [
                {
                    "eventId": "d1article1",
                    "title": "Rumors Circulate About Tiger's EV Expansion",
                    "content": "Sources have whispered that Tiger (TIGR) is about to make a major move in the electric vehicle market. Speculation is rife that the luxury car maker is poised to introduce a new lineup of EV models. Investors are buzzing with anticipation as the company's stock starts to climb.",
                    "stocks": [
                        "TIGR"
                    ],
                    "author": "Polly Profit",
                    "website": "Bull and Bear Circus"
                },
                {
                    "eventId": "d1article2",
                    "title": "Tiger Confirms New Electric Vehicle Models",
                    "content": "Tiger (TIGR) has officially confirmed the rumors: the company is set to expand its electric vehicle lineup with several sleek new models. At a press conference, Tiger's CEO showcased the new EV models, emphasizing the company's commitment to innovative and sustainable technology. This bold move reaffirms Tiger's position as a leader in the luxury automotive market.",
                    "stocks": [
                        "TIGR"
                    ],
                    "author": "Timmy Tumble",
                    "website": "Bull and Bear Circus"
                }
            ],
            "stockMovements": [
                {
                    "eventId": "d1movement1",
                    "stock": "TIGR",
                    "change": 0.5,
                    "percent": true,
                    "delay": 20
                },
                {
                    "eventId": "d1movement2",
                    "stock": "TIGR",
                    "change": 0.5,
                    "percent": true,
                    "delay": 40
                },
                {
                    "eventId": "d1movement3",
                    "stock": "TIGR",
                    "change": 0.5,
                    "percent": true,
                    "delay": 60
                },
                {
                    "eventId": "d1movement4",
                    "stock": "TIGR",
                    "change": 0.66,
                    "percent": true,
                    "delay": 80
                },
                {
                    "eventId": "d1movement5",
                    "stock": "TIGR",
                    "change": 0.66,
                    "percent": true,
                    "delay": 100
                },
                {
                    "eventId": "d1movement6",
                    "stock": "TIGR",
                    "change": 0.68,
                    "percent": true,
                    "delay": 120
                }
            ],
            "earningsReport": [],
            "eventSequence": [
                {
                    "eventId": "d1article1",
                    "delay": 0
                },
                {
                    "eventId": "d1movement1",
                    "delay": 20
                },
                {
                    "eventId": "d1movement2",
                    "delay": 60
                },
                {
                    "eventId": "d1movement3",
                    "delay": 100
                },
                {
                    "eventId": "d1article2",
                    "delay": 7250
                },
                {
                    "eventId": "d1movement4",
                    "delay": 60
                },
                {
                    "eventId": "d1movement5",
                    "delay": 100
                },
                {
                    "eventId": "d1movement6",
                    "delay": 120
                }
            ]
        },
        {
            "number": 2,
            "articles": [
                {
                    "eventId": "d2article1",
                    "title": "Analysts Praise Tiger's EV Strategy",
                    "content": "Analysts are buoyant about Tiger's strategy to expand its electric vehicle lineup. The move is seen as a significant step towards capturing a larger share of the lucrative EV market. Experts predict that the new models will attract environmentally conscious consumers and boost the company's market growth substantially.",
                    "stocks": [
                        "TIGR"
                    ],
                    "author": "David Lee",
                    "website": "Tech Tattler"
                },
                {
                    "eventId": "d2article2",
                    "title": "Positive Early User Feedback on Tiger's New EV Models",
                    "content": "Early feedback from users who have test-driven Tiger's new electric vehicle models has been overwhelmingly positive. Enthusiasts praise the cars' innovative features, cutting-edge technology, and luxurious design. This positive reception is likely to boost Tiger's sales and solidify its standing in the competitive EV market.",
                    "stocks": [
                        "TIGR"
                    ],
                    "author": "Polly Profit",
                    "website": "Bull and Bear Circus"
                }
            ],
            "stockMovements": [
                {
                    "eventId": "d2movement1",
                    "stock": "TIGR",
                    "change": 0.625,
                    "percent": true,
                    "delay": 30
                },
                {
                    "eventId": "d2movement2",
                    "stock": "TIGR",
                    "change": 0.625,
                    "percent": true,
                    "delay": 60
                },
                {
                    "eventId": "d2movement3",
                    "stock": "TIGR",
                    "change": 0.625,
                    "percent": true,
                    "delay": 90
                },
                {
                    "eventId": "d2movement4",
                    "stock": "TIGR",
                    "change": 0.625,
                    "percent": true,
                    "delay": 120
                },
                {
                    "eventId": "d2movement5",
                    "stock": "TIGR",
                    "change": 1,
                    "percent": true,
                    "delay": 150
                },
                {
                    "eventId": "d2movement6",
                    "stock": "TIGR",
                    "change": 1,
                    "percent": true,
                    "delay": 180
                }
            ],
            "earningsReport": [],
            "eventSequence": [
                {
                    "eventId": "d2article1",
                    "delay": 0
                },
                {
                    "eventId": "d2movement1",
                    "delay": 30
                },
                {
                    "eventId": "d2movement2",
                    "delay": 60
                },
                {
                    "eventId": "d2movement3",
                    "delay": 90
                },
                {
                    "eventId": "d2movement4",
                    "delay": 120
                },
                {
                    "eventId": "d2article2",
                    "delay": 14500
                },
                {
                    "eventId": "d2movement5",
                    "delay": 180
                },
                {
                    "eventId": "d2movement6",
                    "delay": 150
                }
            ]
        }
    ],
    "categories": [
        "expansion",
        "automotive",
        "electric_vehicles"
    ],
    "timeFrame": 2
}