{
    "id": "tiger_unveils_new_f_type_model",
    "title": "Tiger Unveils New F-Type Model",
    "canRepeat": false,
    "description": "Tiger unveils a new F-Type model with enhanced performance, leading to a surge in stock price.",
    "days": [
        {
            "number": 1,
            "articles": [
                {
                    "eventId": "d1article1",
                    "title": "Rumors: Tiger Unveiling New F-Type Model",
                    "content": "Excitement is building in the automotive world as rumors circulate that Tiger (TIGR) is set to unveil a new F-Type model. Sources close to the company suggest that the new model will feature significant performance enhancements, capturing the attention of car enthusiasts and investors alike.",
                    "stocks": [
                        "TIGR"
                    ],
                    "author": "Trendy Tina",
                    "website": "Trend Tribune"
                },
                {
                    "eventId": "d1article2",
                    "title": "Tiger Confirms New F-Type Model",
                    "content": "Tiger (TIGR) has confirmed the release of its newest F-Type model, showcasing enhancements in speed and performance. The official announcement was accompanied by a sleek video featuring the new model in action, highlighting its impressive capabilities.",
                    "stocks": [
                        "TIGR"
                    ],
                    "author": "Trendy Tina",
                    "website": "Trend Tribune"
                },
                {
                    "eventId": "d1article3",
                    "title": "Overwhelmingly Positive Early Reviews for New Tiger F-Type",
                    "content": "Early reviews for the new Tiger (TIGR) F-Type model are overwhelmingly positive. Automotive critics have praised the car's innovative design, enhanced performance, and luxurious features. The stock price has responded positively to the wave of favorable reviews.",
                    "stocks": [
                        "TIGR"
                    ],
                    "author": "Trendy Tina",
                    "website": "Trend Tribune"
                }
            ],
            "stockMovements": [
                {
                    "eventId": "d1movement1",
                    "stock": "TIGR",
                    "change": 1.0,
                    "percent": true
                },
                {
                    "eventId": "d1movement2",
                    "stock": "TIGR",
                    "change": 1.0,
                    "percent": true
                },
                {
                    "eventId": "d1movement3",
                    "stock": "TIGR",
                    "change": 1.0,
                    "percent": true
                },
                {
                    "eventId": "d2movement1",
                    "stock": "TIGR",
                    "change": 1.0,
                    "percent": true
                },
                {
                    "eventId": "d2movement2",
                    "stock": "TIGR",
                    "change": 1.0,
                    "percent": true
                },
                {
                    "eventId": "d2movement3",
                    "stock": "TIGR",
                    "change": 1.0,
                    "percent": true
                },
                {
                    "eventId": "d2movement4",
                    "stock": "TIGR",
                    "change": 1.0,
                    "percent": true
                },
                {
                    "eventId": "d3movement1",
                    "stock": "TIGR",
                    "change": 1.0,
                    "percent": true
                },
                {
                    "eventId": "d3movement2",
                    "stock": "TIGR",
                    "change": 1.0,
                    "percent": true
                },
                {
                    "eventId": "d3movement3",
                    "stock": "TIGR",
                    "change": 1.0,
                    "percent": true
                }
            ],
            "earningsReport": [],
            "eventSequence": [
                {
                    "eventId": "d1article1",
                    "delay": 0
                },
                {
                    "eventId": "d1movement1",
                    "delay": 100
                },
                {
                    "eventId": "d1movement2",
                    "delay": 120
                },
                {
                    "eventId": "d1movement3",
                    "delay": 140
                },
                {
                    "eventId": "d1article2",
                    "delay": 6800
                },
                {
                    "eventId": "d2movement1",
                    "delay": 120
                },
                {
                    "eventId": "d2movement2",
                    "delay": 150
                },
                {
                    "eventId": "d2movement3",
                    "delay": 180
                },
                {
                    "eventId": "d2movement4",
                    "delay": 240
                },
                {
                    "eventId": "d1article3",
                    "delay": 6000
                },
                {
                    "eventId": "d3movement1",
                    "delay": 180
                },
                {
                    "eventId": "d3movement2",
                    "delay": 210
                },
                {
                    "eventId": "d3movement3",
                    "delay": 240
                }
            ]
        }
    ],
    "categories": [
        "automotive",
        "stock_increase"
    ],
    "timeFrame": 1
}