{
    "id": "volve_steamworks_faces_major_outage",
    "title": "SteamWorks Faces Major Outage",
    "canRepeat": false,
    "description": "Reports indicate a major outage affecting the SteamWorks platform, with Volve acknowledging the issue and analysts predicting a loss of user trust.",
    "days": [
        {
            "number": 1,
            "articles": [
                {
                    "eventId": "d1article1",
                    "title": "SteamWorks Platform Faces Major Outage",
                    "content": "The gaming world has been shaken today as the popular SteamWorks platform experienced a major outage. Many users reported that they were unable to access their game libraries and online services. The news has sent shockwaves through the gaming community, and Volve's (VOLV) stock has seen an immediate decline.",
                    "stocks": [
                        "VOLV"
                    ],
                    "author": "Timmy Tumble",
                    "website": "Bull and Bear Circus"
                },
                {
                    "eventId": "d1article2",
                    "title": "Volve Acknowledges SteamWorks Outage Issue",
                    "content": "In a recent statement, Volve Corporation (VOLV) acknowledged the widespread outages affecting its SteamWorks platform. The company assured its users that they are working tirelessly to rectify the issue and restore services as soon as possible. However, the acknowledgment wasn't enough to prevent further stock decline as investor confidence wavered.",
                    "stocks": [
                        "VOLV"
                    ],
                    "author": "Holly Hacker",
                    "website": "Byte Banter"
                },
                {
                    "eventId": "d1article3",
                    "title": "Analysts Predict Potential Trust Loss for Volve as Outage Continues",
                    "content": "Tech analysts have expressed concerns over the long-term impact of the SteamWorks outage on Volve Corporation (VOLV). With users facing extended downtimes, there's a growing fear of a potential loss of trust in the platform. This sentiment has contributed to further stock decline as market confidence plummets.",
                    "stocks": [
                        "VOLV"
                    ],
                    "author": "Dramatic Dana",
                    "website": "Console Carnival"
                }
            ],
            "stockMovements": [
                {
                    "eventId": "d1movement1",
                    "stock": "VOLV",
                    "change": -1.0,
                    "percent": true,
                    "delay": 30
                },
                {
                    "eventId": "d1movement2",
                    "stock": "VOLV",
                    "change": -1.0,
                    "percent": true,
                    "delay": 30
                },
                {
                    "eventId": "d1movement3",
                    "stock": "VOLV",
                    "change": -1.0,
                    "percent": true,
                    "delay": 30
                },
                {
                    "eventId": "d1movement4",
                    "stock": "VOLV",
                    "change": -0.5,
                    "percent": true,
                    "delay": 40
                },
                {
                    "eventId": "d1movement5",
                    "stock": "VOLV",
                    "change": -0.5,
                    "percent": true,
                    "delay": 40
                },
                {
                    "eventId": "d1movement6",
                    "stock": "VOLV",
                    "change": -0.5,
                    "percent": true,
                    "delay": 40
                },
                {
                    "eventId": "d1movement7",
                    "stock": "VOLV",
                    "change": -1.0,
                    "percent": true,
                    "delay": 50
                },
                {
                    "eventId": "d1movement8",
                    "stock": "VOLV",
                    "change": -1.0,
                    "percent": true,
                    "delay": 50
                },
                {
                    "eventId": "d1movement9",
                    "stock": "VOLV",
                    "change": -1.0,
                    "percent": true,
                    "delay": 50
                },
                {
                    "eventId": "d1movement10",
                    "stock": "VOLV",
                    "change": -0.5,
                    "percent": true,
                    "delay": 50
                }
            ],
            "earningsReport": [],
            "eventSequence": [
                {
                    "eventId": "d1article1",
                    "delay": 0
                },
                {
                    "eventId": "d1movement1",
                    "delay": 0
                },
                {
                    "eventId": "d1movement2",
                    "delay": 30
                },
                {
                    "eventId": "d1movement3",
                    "delay": 60
                },
                {
                    "eventId": "d1article2",
                    "delay": 7110
                },
                {
                    "eventId": "d1movement4",
                    "delay": 0
                },
                {
                    "eventId": "d1movement5",
                    "delay": 40
                },
                {
                    "eventId": "d1movement6",
                    "delay": 80
                },
                {
                    "eventId": "d1article3",
                    "delay": 7080
                },
                {
                    "eventId": "d1movement7",
                    "delay": 0
                },
                {
                    "eventId": "d1movement8",
                    "delay": 50
                },
                {
                    "eventId": "d1movement9",
                    "delay": 100
                },
                {
                    "eventId": "d1movement10",
                    "delay": 150
                }
            ]
        }
    ],
    "categories": [
        "tech_issues",
        "gaming"
    ],
    "timeFrame": 1
}