{
    "id": "volve_unveils_new_game_in_half_moon_franchise",
    "title": "Volve Unveils New Game in the Half-Moon Franchise",
    "canRepeat": false,
    "description": "Volve Corporation announces a new game in the Half-Moon franchise, confirming long-running rumors and exciting fans worldwide.",
    "days": [
        {
            "number": 1,
            "articles": [
                {
                    "eventId": "d1article1",
                    "title": "Rumor: New Game in the Half-Moon Franchise",
                    "content": "Rumors are swirling that Volve (VOLV) is preparing to announce a new game in the highly popular Half-Moon franchise. Fans have long speculated about the next installment, and these new rumors are fueling excitement in the gaming community.",
                    "stocks": [
                        "VOLV"
                    ],
                    "author": "Dramatic Dana",
                    "website": "Console Carnival"
                },
                {
                    "eventId": "d1article2",
                    "title": "Volve Confirms New Half-Moon Game",
                    "content": "In an exciting revelation, Volve (VOLV) has officially confirmed the development of a new game in the Half-Moon franchise. During the announcement, the company showcased stunning gameplay footage that has fans eagerly anticipating more details. The confirmation of this long-awaited game has sent shockwaves through the gaming community, with many already dubbing it 'Half-Life 3 confirmed!'",
                    "stocks": [
                        "VOLV"
                    ],
                    "author": "Epic Eric",
                    "website": "Console Carnival"
                },
                {
                    "eventId": "d1article3",
                    "title": "Fans React to Volve's Half-Moon Announcement",
                    "content": "The fan reaction to Volve's (VOLV) announcement of a new Half-Moon game has been overwhelmingly positive. Social media is buzzing with excitement as gamers share their enthusiasm for the upcoming release. Early impressions highlight the impressive graphics and engaging gameplay showcased in the reveal. This positive sentiment is giving an additional boost to Volve's stock.",
                    "stocks": [
                        "VOLV"
                    ],
                    "author": "Thrilling Theo",
                    "website": "Console Carnival"
                }
            ],
            "stockMovements": [
                {
                    "eventId": "d1movement1",
                    "stock": "VOLV",
                    "change": 1.0,
                    "percent": true
                },
                {
                    "eventId": "d1movement2",
                    "stock": "VOLV",
                    "change": 1.0,
                    "percent": true
                },
                {
                    "eventId": "d1movement3",
                    "stock": "VOLV",
                    "change": 1.0,
                    "percent": true
                },
                {
                    "eventId": "d1movement4",
                    "stock": "VOLV",
                    "change": 1.33,
                    "percent": true
                },
                {
                    "eventId": "d1movement5",
                    "stock": "VOLV",
                    "change": 1.34,
                    "percent": true
                },
                {
                    "eventId": "d1movement6",
                    "stock": "VOLV",
                    "change": 1.33,
                    "percent": true
                },
                {
                    "eventId": "d1movement7",
                    "stock": "VOLV",
                    "change": 1.0,
                    "percent": true
                },
                {
                    "eventId": "d1movement8",
                    "stock": "VOLV",
                    "change": 1.0,
                    "percent": true
                },
                {
                    "eventId": "d1movement9",
                    "stock": "VOLV",
                    "change": 1.0,
                    "percent": true
                }
            ],
            "earningsReport": [],
            "eventSequence": [
                {
                    "eventId": "d1article1",
                    "delay": 3600
                },
                {
                    "eventId": "d1movement1",
                    "delay": 300
                },
                {
                    "eventId": "d1movement2",
                    "delay": 300
                },
                {
                    "eventId": "d1movement3",
                    "delay": 300
                },
                {
                    "eventId": "d1article2",
                    "delay": 3600
                },
                {
                    "eventId": "d1movement4",
                    "delay": 300
                },
                {
                    "eventId": "d1movement5",
                    "delay": 300
                },
                {
                    "eventId": "d1movement6",
                    "delay": 300
                },
                {
                    "eventId": "d1article3",
                    "delay": 3600
                },
                {
                    "eventId": "d1movement7",
                    "delay": 300
                },
                {
                    "eventId": "d1movement8",
                    "delay": 300
                },
                {
                    "eventId": "d1movement9",
                    "delay": 300
                }
            ]
        }
    ],
    "categories": [
        "product_announcements",
        "video_games"
    ],
    "timeFrame": 1
}