{
    "id": "rockwell_introduces_new_expansion_for_grand_auto_thief_online",
    "title": "RockWell Introduces New Expansion for Grand Auto Thief Online",
    "canRepeat": false,
    "description": "RockWell announces and confirms a new expansion for its Grand Auto Thief Online game, showcasing new content and demos. While initial skepticism caused a slight dip in stocks, the reassurance from successful demos led to recovery.",
    "days": [
        {
            "number": 1,
            "articles": [
                {
                    "eventId": "d1article1",
                    "title": "Rumors of Grand Auto Thief Online Expansion",
                    "content": "Speculation is swirling around RockWell Games (RKWL) as rumors of a new expansion for their popular Grand Auto Thief Online circulate. Unnamed sources suggest that the company is preparing to roll out significant updates to the game, which has a loyal fan base and is known for its immersive open-world experience.",
                    "stocks": [
                        "RKWL"
                    ],
                    "author": "Retro Randy",
                    "website": "PixelPundit.com"
                },
                {
                    "eventId": "d1article2",
                    "title": "RockWell Confirms Grand Auto Thief Online Expansion",
                    "content": "RockWell Games (RKWL) has officially announced the upcoming expansion for Grand Auto Thief Online. The new update promises a wealth of new content, including missions, vehicles, and customization options. The company's CEO lauded the expansion as a 'huge step forward' for the franchise, invigorating excitement among fans and investors alike.",
                    "stocks": [
                        "RKWL"
                    ],
                    "author": "Epic Eric",
                    "website": "ConsoleCarnival.com"
                },
                {
                    "eventId": "d1article3",
                    "title": "Skepticism Surrounds Grand Auto Thief Expansion",
                    "content": "Despite the excitement surrounding RockWell Games (RKWL) announcement of a new expansion for Grand Auto Thief Online, some industry analysts and players have voiced skepticism about the expansion's potential impact. Critics argue that the new content may not be enough to sustain long-term engagement, leading to a short-term dip in the company\u2019s stock price.",
                    "stocks": [
                        "RKWL"
                    ],
                    "author": "Dramatic Dana",
                    "website": "ConsoleCarnival.com"
                },
                {
                    "eventId": "d1article4",
                    "title": "RockWell Reassures with Successful Expansion Demos",
                    "content": "RockWell Games (RKWL) moved swiftly to allay concerns about the value of the upcoming Grand Auto Thief Online expansion by showcasing successful demos. Early user feedback has been overwhelmingly positive, highlighting the new missions and customization options. The strong public response has reassured investors and sparked a recovery in the stock.",
                    "stocks": [
                        "RKWL"
                    ],
                    "author": "Thrilling Theo",
                    "website": "ConsoleCarnival.com"
                }
            ],
            "stockMovements": [
                {
                    "eventId": "d1movement1",
                    "stock": "RKWL",
                    "change": 0.8,
                    "percent": true
                },
                {
                    "eventId": "d1movement2",
                    "stock": "RKWL",
                    "change": 0.8,
                    "percent": true
                },
                {
                    "eventId": "d1movement3",
                    "stock": "RKWL",
                    "change": 0.9,
                    "percent": true
                },
                {
                    "eventId": "d1movement4",
                    "stock": "RKWL",
                    "change": 1.2,
                    "percent": true
                },
                {
                    "eventId": "d1movement5",
                    "stock": "RKWL",
                    "change": 1.1,
                    "percent": true
                },
                {
                    "eventId": "d1movement6",
                    "stock": "RKWL",
                    "change": 1.2,
                    "percent": true
                },
                {
                    "eventId": "d1movement7",
                    "stock": "RKWL",
                    "change": -0.7,
                    "percent": true
                },
                {
                    "eventId": "d1movement8",
                    "stock": "RKWL",
                    "change": -0.6,
                    "percent": true
                },
                {
                    "eventId": "d1movement9",
                    "stock": "RKWL",
                    "change": -0.7,
                    "percent": true
                },
                {
                    "eventId": "d1movement10",
                    "stock": "RKWL",
                    "change": 0.7,
                    "percent": true
                },
                {
                    "eventId": "d1movement11",
                    "stock": "RKWL",
                    "change": 0.6,
                    "percent": true
                },
                {
                    "eventId": "d1movement12",
                    "stock": "RKWL",
                    "change": 0.7,
                    "percent": true
                }
            ],
            "earningsReport": [],
            "eventSequence": [
                {
                    "eventId": "d1article1",
                    "delay": 3600
                },
                {
                    "eventId": "d1movement1",
                    "delay": 300
                },
                {
                    "eventId": "d1movement2",
                    "delay": 300
                },
                {
                    "eventId": "d1movement3",
                    "delay": 300
                },
                {
                    "eventId": "d1article2",
                    "delay": 3600
                },
                {
                    "eventId": "d1movement4",
                    "delay": 300
                },
                {
                    "eventId": "d1movement5",
                    "delay": 300
                },
                {
                    "eventId": "d1movement6",
                    "delay": 300
                },
                {
                    "eventId": "d1article3",
                    "delay": 3600
                },
                {
                    "eventId": "d1movement7",
                    "delay": 300
                },
                {
                    "eventId": "d1movement8",
                    "delay": 300
                },
                {
                    "eventId": "d1movement9",
                    "delay": 300
                },
                {
                    "eventId": "d1article4",
                    "delay": 3600
                },
                {
                    "eventId": "d1movement10",
                    "delay": 300
                },
                {
                    "eventId": "d1movement11",
                    "delay": 300
                },
                {
                    "eventId": "d1movement12",
                    "delay": 300
                }
            ]
        }
    ],
    "categories": [
        "gaming",
        "stocks"
    ],
    "timeFrame": 1
}