{
    "id": "rockwell_acquires_indie_game_developer",
    "title": "RockWell Acquires Indie Game Developer",
    "canRepeat": false,
    "description": "RockWell Games (RKWL) experiences significant stock gains after acquiring a popular indie game developer.",
    "days": [
        {
            "number": 1,
            "articles": [
                {
                    "eventId": "d1article1",
                    "title": "RockWell Rumored to Acquire Indie Developer",
                    "content": "Rumors have emerged that RockWell Games (RKWL) is in the process of acquiring a popular indie game developer. Industry insiders suggest that this move could bolster RockWell's already impressive portfolio, paving the way for a new wave of innovative titles. Although details are scarce, the speculation alone has already started to generate buzz among the gaming community.",
                    "stocks": [
                        "RKWL"
                    ],
                    "author": "Dramatic Dana",
                    "website": "Console Carnival"
                },
                {
                    "eventId": "d1article2",
                    "title": "RockWell Confirms Acquisition of Indie Developer",
                    "content": "RockWell Games (RKWL) has officially confirmed the acquisition of a popular indie game developer, putting to rest the rumors that had been circulating earlier in the day. In a statement, RockWell highlighted the potential for new and exciting games resulting from this acquisition. Fans and investors alike are eagerly anticipating what this collaboration could mean for the future of RockWell\u2019s gaming portfolio.",
                    "stocks": [
                        "RKWL"
                    ],
                    "author": "Epic Eric",
                    "website": "Console Carnival"
                }
            ],
            "stockMovements": [
                {
                    "eventId": "d1movement1",
                    "stock": "RKWL",
                    "change": 0.67,
                    "percent": true,
                    "delay": 120
                },
                {
                    "eventId": "d1movement2",
                    "stock": "RKWL",
                    "change": 0.67,
                    "percent": true,
                    "delay": 180
                },
                {
                    "eventId": "d1movement3",
                    "stock": "RKWL",
                    "change": 0.66,
                    "percent": true,
                    "delay": 240
                },
                {
                    "eventId": "d2movement1",
                    "stock": "RKWL",
                    "change": 0.83,
                    "percent": true,
                    "delay": 120
                },
                {
                    "eventId": "d2movement2",
                    "stock": "RKWL",
                    "change": 0.83,
                    "percent": true,
                    "delay": 180
                },
                {
                    "eventId": "d2movement3",
                    "stock": "RKWL",
                    "change": 0.84,
                    "percent": true,
                    "delay": 240
                }
            ],
            "earningsReport": [],
            "eventSequence": [
                {
                    "eventId": "d1article1",
                    "delay": 0
                },
                {
                    "eventId": "d1movement1",
                    "delay": 0
                },
                {
                    "eventId": "d1movement2",
                    "delay": 120
                },
                {
                    "eventId": "d1movement3",
                    "delay": 180
                },
                {
                    "eventId": "d1article2",
                    "delay": 6680
                },
                {
                    "eventId": "d2movement1",
                    "delay": 0
                },
                {
                    "eventId": "d2movement2",
                    "delay": 120
                },
                {
                    "eventId": "d2movement3",
                    "delay": 180
                }
            ]
        },
        {
            "number": 2,
            "articles": [
                {
                    "eventId": "d2article1",
                    "title": "Analysts Praise RockWell's Strategic Acquisition",
                    "content": "Market analysts are praising RockWell Games (RKWL) for its strategic acquisition of the popular indie developer. They predict that this move will not only diversify RockWell's gaming portfolio but also drive significant growth in the coming years. The acquisition is seen as a smart investment, leveraging the indie developer\u2019s innovative approach to game design and RockWell's established market presence. Investors are optimistic, and the stock is reflecting this positivity.",
                    "stocks": [
                        "RKWL"
                    ],
                    "author": "Sensational Sue",
                    "website": "Market Madness"
                },
                {
                    "eventId": "d2article2",
                    "title": "Early Collaboration Details Excite Fans",
                    "content": "Just a day after the announcement of the acquisition, RockWell Games (RKWL) and the indie developer have already started hinting at future collaborative projects. Early details suggest that fans of both companies can expect a variety of innovative and exciting games. The collaboration is generating significant excitement in the gaming community and boosting investor confidence even further. This partnership is expected to bring a fresh wave of creativity and success to RockWell.",
                    "stocks": [
                        "RKWL"
                    ],
                    "author": "Passionate Paula",
                    "website": "Console Carnival"
                }
            ],
            "stockMovements": [
                {
                    "eventId": "d3movement1",
                    "stock": "RKWL",
                    "change": 1.0,
                    "percent": true,
                    "delay": 120
                },
                {
                    "eventId": "d3movement2",
                    "stock": "RKWL",
                    "change": 1.0,
                    "percent": true,
                    "delay": 180
                },
                {
                    "eventId": "d3movement3",
                    "stock": "RKWL",
                    "change": 1.0,
                    "percent": true,
                    "delay": 240
                },
                {
                    "eventId": "d4movement1",
                    "stock": "RKWL",
                    "change": 0.83,
                    "percent": true,
                    "delay": 120
                },
                {
                    "eventId": "d4movement2",
                    "stock": "RKWL",
                    "change": 0.83,
                    "percent": true,
                    "delay": 180
                },
                {
                    "eventId": "d4movement3",
                    "stock": "RKWL",
                    "change": 0.84,
                    "percent": true,
                    "delay": 240
                }
            ],
            "earningsReport": [],
            "eventSequence": [
                {
                    "eventId": "d2article1",
                    "delay": 3600
                },
                {
                    "eventId": "d3movement1",
                    "delay": 300
                },
                {
                    "eventId": "d3movement2",
                    "delay": 300
                },
                {
                    "eventId": "d3movement3",
                    "delay": 300
                },
                {
                    "eventId": "d2article2",
                    "delay": 3600
                },
                {
                    "eventId": "d4movement1",
                    "delay": 300
                },
                {
                    "eventId": "d4movement2",
                    "delay": 300
                },
                {
                    "eventId": "d4movement3",
                    "delay": 300
                }
            ]
        }
    ],
    "categories": [
        "acquisitions",
        "gaming"
    ],
    "timeFrame": 2
}