{
    "id": "rockwell_faces_backlash_over_game_pricing",
    "title": "RockWell Faces Backlash Over Game Pricing",
    "canRepeat": false,
    "description": "RockWell faces consumer backlash over high pricing for its new game. The company defends its strategy but further dissatisfaction emerges. Analysts predict limited long-term impact, initially dipping and then slightly stabilizing RockWell's stock.",
    "days": [
        {
            "number": 1,
            "articles": [
                {
                    "eventId": "d1article1",
                    "title": "Consumers Backlash Against RockWell's New Game Pricing",
                    "content": "Consumers are expressing their dissatisfaction with RockWell Games' pricing strategy for its latest game. Many fans have taken to social media to voice their grievances about the high costs, stating that it makes the game less accessible to a wider audience. Stock prices for RockWell (RKWL) have started to plummet in response to the negative feedback.",
                    "stocks": [
                        "RKWL"
                    ],
                    "author": "Silly Sam",
                    "website": "Gamer Giggles"
                },
                {
                    "eventId": "d1article2",
                    "title": "RockWell Defends Premium Pricing Strategy Amidst Backlash",
                    "content": "Following the uproar over the high prices of its new game, RockWell Games has issued a statement defending their pricing strategy. The company argues that the higher prices reflect the advanced features, graphics, and extensive development time invested in the game. While some investors remain skeptical, the stock showed minor signs of recovery.",
                    "stocks": [
                        "RKWL"
                    ],
                    "author": "Dramatic Dana",
                    "website": "Console Carnival"
                }
            ],
            "stockMovements": [
                {
                    "eventId": "d1movement1",
                    "stock": "RKWL",
                    "change": -1.0,
                    "percent": true,
                    "delay": 200
                },
                {
                    "eventId": "d1movement2",
                    "stock": "RKWL",
                    "change": -1.0,
                    "percent": true,
                    "delay": 200
                },
                {
                    "eventId": "d1movement3",
                    "stock": "RKWL",
                    "change": -1.0,
                    "percent": true,
                    "delay": 300
                },
                {
                    "eventId": "d1movement4",
                    "stock": "RKWL",
                    "change": 0.5,
                    "percent": true,
                    "delay": 2300
                },
                {
                    "eventId": "d1movement5",
                    "stock": "RKWL",
                    "change": 0.5,
                    "percent": true,
                    "delay": 2300
                },
                {
                    "eventId": "d1movement6",
                    "stock": "RKWL",
                    "change": 0.5,
                    "percent": true,
                    "delay": 3100
                }
            ],
            "earningsReport": [],
            "eventSequence": [
                {
                    "eventId": "d1article1",
                    "delay": 0
                },
                {
                    "eventId": "d1movement1",
                    "delay": 0
                },
                {
                    "eventId": "d1movement2",
                    "delay": 200
                },
                {
                    "eventId": "d1movement3",
                    "delay": 200
                },
                {
                    "eventId": "d1article2",
                    "delay": 7100
                },
                {
                    "eventId": "d1movement4",
                    "delay": 0
                },
                {
                    "eventId": "d1movement5",
                    "delay": 2300
                },
                {
                    "eventId": "d1movement6",
                    "delay": 2300
                }
            ]
        },
        {
            "number": 2,
            "articles": [
                {
                    "eventId": "d2article1",
                    "title": "Further Dissatisfaction from Gamers Hits RockWell",
                    "content": "Despite RockWell's attempts to justify the high prices for their new game, dissatisfaction among gamers has continued to grow. Many users are still unhappy and are boycotting the game. As a result, RockWell (RKWL) is seeing another dip in stock as investor confidence dwindles.",
                    "stocks": [
                        "RKWL"
                    ],
                    "author": "Greta Gamble",
                    "website": "Bull and Bear Circus"
                },
                {
                    "eventId": "d2article2",
                    "title": "Analysts Predict Limited Long-Term Impact on RockWell",
                    "content": "Financial analysts are weighing in on the situation, predicting that the backlash over game pricing is unlikely to have a long-term impact on RockWell's (RKWL) performance. The company\u2019s strong portfolio and loyal fan base are expected to cushion the blow and help recover any lost ground.",
                    "stocks": [
                        "RKWL"
                    ],
                    "author": "Freddy Fortune",
                    "website": "Moolah Misfits"
                }
            ],
            "stockMovements": [
                {
                    "eventId": "d2movement1",
                    "stock": "RKWL",
                    "change": -0.8,
                    "percent": true,
                    "delay": 400
                },
                {
                    "eventId": "d2movement2",
                    "stock": "RKWL",
                    "change": -0.8,
                    "percent": true,
                    "delay": 400
                },
                {
                    "eventId": "d2movement3",
                    "stock": "RKWL",
                    "change": -0.9,
                    "percent": true,
                    "delay": 300
                },
                {
                    "eventId": "d2movement4",
                    "stock": "RKWL",
                    "change": 0.3,
                    "percent": true,
                    "delay": 4800
                },
                {
                    "eventId": "d2movement5",
                    "stock": "RKWL",
                    "change": 0.3,
                    "percent": true,
                    "delay": 4800
                },
                {
                    "eventId": "d2movement6",
                    "stock": "RKWL",
                    "change": 0.4,
                    "percent": true,
                    "delay": 4800
                }
            ],
            "earningsReport": [],
            "eventSequence": [
                {
                    "eventId": "d2article1",
                    "delay": 3600
                },
                {
                    "eventId": "d2movement1",
                    "delay": 300
                },
                {
                    "eventId": "d2movement2",
                    "delay": 300
                },
                {
                    "eventId": "d2movement3",
                    "delay": 300
                },
                {
                    "eventId": "d2article2",
                    "delay": 3600
                },
                {
                    "eventId": "d2movement4",
                    "delay": 300
                },
                {
                    "eventId": "d2movement5",
                    "delay": 300
                },
                {
                    "eventId": "d2movement6",
                    "delay": 300
                }
            ]
        }
    ],
    "categories": [
        "consumer_reactions",
        "gaming"
    ],
    "timeFrame": 2
}