{
    "date": "2021-01-04",
    "numStoryEvents": 5,
    "marketDirection": 0.005,
    "stockMovements": [
      {
        "stockSymbol": "NVDO",
        "pricePercentageChange": 1.5,
        "eventTime": "2021-01-04T10:01:00"
      },
      {
        "stockSymbol": "NVDO",
        "pricePercentageChange": 2.0,
        "eventTime": "2021-01-04T10:25:00"
      },
      {
        "stockSymbol": "NVDO",
        "pricePercentageChange": 2.5,
        "eventTime": "2021-01-04T10:55:00"
      },
      {
        "stockSymbol": "NVDO",
        "pricePercentageChange": 3.0,
        "eventTime": "2021-01-04T11:30:00"
      },
      {
        "stockSymbol": "NVDO",
        "pricePercentageChange": 3.5,
        "eventTime": "2021-01-04T12:10:00"
      },
      {
        "stockSymbol": "NVDO",
        "pricePercentageChange": 4.0,
        "eventTime": "2021-01-04T12:55:00"
      },
      {
        "stockSymbol": "KSCO",
        "pricePercentageChange": -1.0,
        "eventTime": "2021-01-04T11:16:00"
      },
      {
        "stockSymbol": "KSCO",
        "pricePercentageChange": -1.5,
        "eventTime": "2021-01-04T11:40:00"
      },
      {
        "stockSymbol": "KSCO",
        "pricePercentageChange": -2.0,
        "eventTime": "2021-01-04T12:10:00"
      },
      {
        "stockSymbol": "KSCO",
        "pricePercentageChange": -2.5,
        "eventTime": "2021-01-04T12:45:00"
      },
      {
        "stockSymbol": "KSCO",
        "pricePercentageChange": -3.0,
        "eventTime": "2021-01-04T13:25:00"
      },
      {
        "stockSymbol": "KSCO",
        "pricePercentageChange": -3.5,
        "eventTime": "2021-01-04T14:10:00"
      },
      {
        "stockSymbol": "PONY",
        "pricePercentageChange": 0.5,
        "eventTime": "2021-01-04T12:31:00"
      },
      {
        "stockSymbol": "PONY",
        "pricePercentageChange": 0.8,
        "eventTime": "2021-01-04T12:55:00"
      },
      {
        "stockSymbol": "PONY",
        "pricePercentageChange": 1.1,
        "eventTime": "2021-01-04T13:25:00"
      },
      {
        "stockSymbol": "PONY",
        "pricePercentageChange": 1.4,
        "eventTime": "2021-01-04T14:00:00"
      },
      {
        "stockSymbol": "PONY",
        "pricePercentageChange": 1.7,
        "eventTime": "2021-01-04T14:40:00"
      },
      {
        "stockSymbol": "TSNY",
        "pricePercentageChange": 1.0,
        "eventTime": "2021-01-04T14:01:00"
      },
      {
        "stockSymbol": "TSNY",
        "pricePercentageChange": 1.3,
        "eventTime": "2021-01-04T14:25:00"
      },
      {
        "stockSymbol": "TSNY",
        "pricePercentageChange": 1.6,
        "eventTime": "2021-01-04T14:55:00"
      },
      {
        "stockSymbol": "TSNY",
        "pricePercentageChange": 1.9,
        "eventTime": "2021-01-04T15:30:00"
      },
      {
        "stockSymbol": "ELAR",
        "pricePercentageChange": 1.2,
        "eventTime": "2021-01-04T15:31:00"
      },
      {
        "stockSymbol": "ELAR",
        "pricePercentageChange": 1.5,
        "eventTime": "2021-01-04T15:50:00"
      }
    ],
    "articles": [
      {
        "title": "Invidio Unveils Breakthrough in Graphics Processing Technology",
        "body": "Invidio (NVDO) has unveiled a breakthrough in graphics processing technology that can render realistic images of cats playing chess. The news has led to a sharp increase in the company's stock price.",
        "displayedBody": "Invidio (NVDO) has unveiled a breakthrough in graphics processing technology that can render realistic images of cats playing chess...",
        "author": "Emily Davis",
        "website": "TechInsider.com",
        "relatedStockSymbols": [
          "NVDO"
        ],
        "appearanceTime": "2021-01-04T10:00:00Z"
      },
      {
        "title": "Invidio's New GPU Technology Impresses Industry Experts",
        "body": "Industry experts have praised Invidio's (NVDO) latest breakthrough in graphics processing technology, which enables the rendering of highly realistic images. The company's stock continues to soar following the announcement.",
        "displayedBody": "Industry experts have praised Invidio's (NVDO) latest breakthrough in graphics processing technology, which enables the rendering of highly realistic images...",
        "author": "Michael Brown",
        "website": "TechReview.com",
        "relatedStockSymbols": [
          "NVDO"
        ],
        "appearanceTime": "2021-01-04T12:30:00Z"
      },
      {
        "title": "Data Breach at Kisco Systems Compromises Office Coffee Recipe",
        "body": "Reports have emerged about a data breach at Kisco Systems (KSCO), revealing that the company's secret recipe for office coffee has been compromised. The news has caused the company's stock to plummet.",
        "displayedBody": "Reports have emerged about a data breach at Kisco Systems (KSCO), revealing that the company's secret recipe for office coffee has been compromised...",
        "author": "Sarah Thompson",
        "website": "CyberSecurityNews.com",
        "relatedStockSymbols": [
          "KSCO"
        ],
        "appearanceTime": "2021-01-04T11:15:00Z"
      },
      {
        "title": "Kisco Systems Faces Backlash Over Data Breach",
        "body": "Kisco Systems (KSCO) is facing significant backlash from customers and investors following the recent data breach that compromised its secret office coffee recipe. The company's stock price continues to decline as a result of the incident.",
        "displayedBody": "Kisco Systems (KSCO) is facing significant backlash from customers and investors following the recent data breach that compromised its secret office coffee recipe...",
        "author": "David Wilson",
        "website": "BusinessInsider.com",
        "relatedStockSymbols": [
          "KSCO"
        ],
        "appearanceTime": "2021-01-04T13:00:00Z"
      },
      {
        "title": "Pony Entertainment Unveils Gaming Console with Built-in Toaster",
        "body": "Pony Entertainment (PONY) has announced a new gaming console that comes with a built-in toaster, attracting a mix of confusion and excitement from investors. The company's stock price has experienced a moderate increase following the announcement.",
        "displayedBody": "Pony Entertainment (PONY) has announced a new gaming console that comes with a built-in toaster, attracting a mix of confusion and excitement from investors...",
        "author": "Jessica Thompson",
        "website": "GamingIndustryNews.com",
        "relatedStockSymbols": [
          "PONY"
        ],
        "appearanceTime": "2021-01-04T12:30:00Z"
      },
      {
        "title": "Thisney Expands Streaming Service with Paint Drying Channel",
        "body": "Thisney (TSNY) has announced a major expansion of its streaming service, including a new channel dedicated to 24/7 coverage of paint drying. The news has received a surprisingly positive reaction from investors, leading to an increase in the company's stock price.",
        "displayedBody": "Thisney (TSNY) has announced a major expansion of its streaming service, including a new channel dedicated to 24/7 coverage of paint drying...",
        "author": "Robert Johnson",
        "website": "EntertainmentWeekly.com",
        "relatedStockSymbols": [
          "TSNY"
        ],
        "appearanceTime": "2021-01-04T14:00:00Z"
      },
      {
        "title": "ElectroArts Reveals Plans for Gaming-Themed Kitchen Appliances",
        "body": "ElectroArts (ELAR) has unveiled plans to create a line of gaming-themed kitchen appliances, including a refrigerator that plays the company's popular video game soundtracks. The announcement has led to a surge in the company's stock price.",
        "displayedBody": "ElectroArts (ELAR) has unveiled plans to create a line of gaming-themed kitchen appliances, including a refrigerator that plays the company's popular video game soundtracks...",
        "author": "Olivia Anderson",
        "website": "GamingNews.com",
        "relatedStockSymbols": [
          "ELAR"
        ],
        "appearanceTime": "2021-01-04T15:30:00Z"
      }
    ],
    "earningsReports": []
  }