{
    "date": "2021-01-01",
    "numStoryEvents": 5,
    "marketDirection": 0.03,
    "stockMovements": [
      {
        "stockSymbol": "ZAPL",
        "pricePercentageChange": 0.8,
        "eventTime": "2021-01-01T09:46:00"
      },
      {
        "stockSymbol": "ZAPL",
        "pricePercentageChange": 1.2,
        "eventTime": "2021-01-01T09:55:00"
      },
      {
        "stockSymbol": "ZAPL",
        "pricePercentageChange": 1.5,
        "eventTime": "2021-01-01T10:10:00"
      },
      {
        "stockSymbol": "ZAPL",
        "pricePercentageChange": 1.8,
        "eventTime": "2021-01-01T10:30:00"
      },
      {
        "stockSymbol": "ZAPL",
        "pricePercentageChange": 2.2,
        "eventTime": "2021-01-01T10:55:00"
      },
      {
        "stockSymbol": "ZAPL",
        "pricePercentageChange": 2.5,
        "eventTime": "2021-01-01T11:15:00"
      },
      {
        "stockSymbol": "ZAPL",
        "pricePercentageChange": 2.8,
        "eventTime": "2021-01-01T11:45:00"
      },
      {
        "stockSymbol": "FCPG",
        "pricePercentageChange": -0.5,
        "eventTime": "2021-01-01T10:31:00"
      },
      {
        "stockSymbol": "FCPG",
        "pricePercentageChange": -0.8,
        "eventTime": "2021-01-01T10:45:00"
      },
      {
        "stockSymbol": "FCPG",
        "pricePercentageChange": -1.2,
        "eventTime": "2021-01-01T11:05:00"
      },
      {
        "stockSymbol": "FCPG",
        "pricePercentageChange": -1.5,
        "eventTime": "2021-01-01T11:30:00"
      },
      {
        "stockSymbol": "FCPG",
        "pricePercentageChange": -1.8,
        "eventTime": "2021-01-01T11:55:00"
      },
      {
        "stockSymbol": "FCPG",
        "pricePercentageChange": -2.0,
        "eventTime": "2021-01-01T12:20:00"
      },
      {
        "stockSymbol": "FCPG",
        "pricePercentageChange": -2.3,
        "eventTime": "2021-01-01T12:45:00"
      },
      {
        "stockSymbol": "KLMK",
        "pricePercentageChange": 0.6,
        "eventTime": "2021-01-01T11:16:00"
      },
      {
        "stockSymbol": "KLMK",
        "pricePercentageChange": 0.9,
        "eventTime": "2021-01-01T11:35:00"
      },
      {
        "stockSymbol": "KLMK",
        "pricePercentageChange": 1.2,
        "eventTime": "2021-01-01T12:00:00"
      },
      {
        "stockSymbol": "KLMK",
        "pricePercentageChange": 1.5,
        "eventTime": "2021-01-01T12:30:00"
      },
      {
        "stockSymbol": "FNTD",
        "pricePercentageChange": 1.0,
        "eventTime": "2021-01-01T14:01:00"
      },
      {
        "stockSymbol": "FNTD",
        "pricePercentageChange": 1.3,
        "eventTime": "2021-01-01T14:20:00"
      },
      {
        "stockSymbol": "FNTD",
        "pricePercentageChange": 1.6,
        "eventTime": "2021-01-01T14:45:00"
      },
      {
        "stockSymbol": "FNTD",
        "pricePercentageChange": 1.9,
        "eventTime": "2021-01-01T15:10:00"
      },
      {
        "stockSymbol": "FNTD",
        "pricePercentageChange": 2.2,
        "eventTime": "2021-01-01T15:35:00"
      }
    ],
    "articles": [
      {
        "title": "Zapple Unveils Smartphone with Built-in Pizza Oven",
        "body": "Zapple Inc. (ZAPL) has announced the launch of its latest smartphone model, which features a revolutionary built-in pizza oven. Analysts predict strong sales and a positive impact on the company's stock price.",
        "displayedBody": "Zapple Inc. (ZAPL) has announced the launch of its latest smartphone model, which features a revolutionary built-in pizza oven...",
        "author": "John Smith",
        "website": "TechNews.com",
        "relatedStockSymbols": [
          "ZAPL"
        ],
        "appearanceTime": "2021-01-01T09:45:00Z"
      },
      {
        "title": "Zapple's New Smartphone Receives Rave Reviews",
        "body": "Early reviews of Zapple's (ZAPL) latest smartphone with a built-in pizza oven have been overwhelmingly positive. Critics praise the device's innovative features and sleek design.",
        "displayedBody": "Early reviews of Zapple's (ZAPL) latest smartphone with a built-in pizza oven have been overwhelmingly positive...",
        "author": "Sarah Thompson",
        "website": "TechReview.com",
        "relatedStockSymbols": [
          "ZAPL"
        ],
        "appearanceTime": "2021-01-01T11:30:00Z"
      },
      {
        "title": "Facepage CEO Caught Liking Own Posts",
        "body": "In a minor scandal, the CEO of Facepage (FCPG) was caught liking his own posts on the social media platform. Investors reacted negatively to the news, causing a small dip in the company's stock price.",
        "displayedBody": "In a minor scandal, the CEO of Facepage (FCPG) was caught liking his own posts on the social media platform...",
        "author": "Emily Johnson",
        "website": "SocialMediaInsider.com",
        "relatedStockSymbols": [
          "FCPG"
        ],
        "appearanceTime": "2021-01-01T10:30:00Z"
      },
      {
        "title": "Facepage CEO Apologizes for Liking Own Posts",
        "body": "Following the recent scandal, Facepage's (FCPG) CEO has issued a public apology for liking his own posts on the platform. The company's stock price continues to be affected by the incident.",
        "displayedBody": "Following the recent scandal, Facepage's (FCPG) CEO has issued a public apology for liking his own posts on the platform...",
        "author": "Michael Brown",
        "website": "TechInsider.com",
        "relatedStockSymbols": [
          "FCPG"
        ],
        "appearanceTime": "2021-01-01T12:15:00Z"
      },
      {
        "title": "Kola Moka Introduces 'Keyboard Cleaner' Flavor",
        "body": "Kola Moka (KLMK) has introduced a new limited-edition flavor called 'Keyboard Cleaner,' which has become an instant hit among tech enthusiasts. The company's stock price has risen following the announcement.",
        "displayedBody": "Kola Moka (KLMK) has introduced a new limited-edition flavor called 'Keyboard Cleaner,' which has become an instant hit among tech enthusiasts...",
        "author": "David Wilson",
        "website": "BeverageDaily.com",
        "relatedStockSymbols": [
          "KLMK"
        ],
        "appearanceTime": "2021-01-01T11:15:00Z"
      },
      {
        "title": "Fintendo Collaborates with Fast-Food Chain on Themed Games",
        "body": "Fintendo (FNTD) has announced a surprise collaboration with a popular fast-food chain to create themed games. The news has led to a boost in the company's stock price as investors anticipate the success of the partnership.",
        "displayedBody": "Fintendo (FNTD) has announced a surprise collaboration with a popular fast-food chain to create themed games...",
        "author": "Jessica Thompson",
        "website": "GamingIndustryNews.com",
        "relatedStockSymbols": [
          "FNTD"
        ],
        "appearanceTime": "2021-01-01T14:00:00Z"
      }
    ],
    "earningsReports": [
      {
        "stockSymbol": "BTZN",
        "reportPath": "game_files/story/earnings/hyt_q1_positive",
        "eventTime": "2021-01-01T09:34:00",
        "quarter": 1,
        "year": 2021,
        "eps": 2.34,
        "revenue": 50000000.00,
        "costOfGoods": 20000000.00,
        "grossProfit": 30000000.00,
        "operatingExpenses": 10000000.00,
        "operatingIncome": 20000000.00,
        "netIncome": 15000000.00,
        "beatExpectations": true,
        "beatExpectationsBy": 0.1
      }
    ]
  }