{
    "id": "firestorm_spacecraft_II_expansion",
    "title": "Firestorm Announces SpaceCraft II Expansion",
    "canRepeat": false,
    "description": "Rumors of Firestorm Entertainment announcing a new expansion for SpaceCraft II spread, followed by confirmation and overwhelmingly positive early fan reactions, boosting the stock price.",
    "days": [
        {
            "number": 1,
            "articles": [
                {
                    "eventId": "d1article1",
                    "title": "Firestorm Rumored to Announce SpaceCraft II Expansion",
                    "content": "Excitement is building within the gaming community as rumors swirl about Firestorm Entertainment potentially announcing a new expansion for their hit game, SpaceCraft II. The whispers started making rounds in various online gaming forums, with fans speculating about the possible new content and features that could be introduced.",
                    "stocks": [
                        "FRST"
                    ],
                    "author": "Epic Eric",
                    "website": "Console Carnival"
                }
            ],
            "stockMovements": [
                {
                    "eventId": "d1movement1",
                    "stock": "FRST",
                    "change": 1.0,
                    "percent": true,
                    "delay": 30
                },
                {
                    "eventId": "d1movement2",
                    "stock": "FRST",
                    "change": 1.0,
                    "percent": true,
                    "delay": 60
                },
                {
                    "eventId": "d1movement3",
                    "stock": "FRST",
                    "change": 1.0,
                    "percent": true,
                    "delay": 120
                }
            ],
            "earningsReport": [],
            "eventSequence": [
                {
                    "eventId": "d1article1",
                    "delay": 0
                },
                {
                    "eventId": "d1movement1",
                    "delay": 180
                },
                {
                    "eventId": "d1movement2",
                    "delay": 0
                },
                {
                    "eventId": "d1movement3",
                    "delay": 0
                }
            ]
        },
        {
            "number": 1,
            "articles": [
                {
                    "eventId": "d1article2",
                    "title": "Firestorm Confirms SpaceCraft II Expansion",
                    "content": "The rumors have been confirmed! Firestorm Entertainment has officially announced a new expansion for SpaceCraft II. The announcement was made via a live stream where the developers showcased an array of new content and features. This includes new territories to explore, additional character classes, and numerous quality-of-life improvements that players have been eagerly anticipating.",
                    "stocks": [
                        "FRST"
                    ],
                    "author": "Thrilling Theo",
                    "website": "Console Carnival"
                }
            ],
            "stockMovements": [
                {
                    "eventId": "d1movement4",
                    "stock": "FRST",
                    "change": 1.0,
                    "percent": true,
                    "delay": 30
                },
                {
                    "eventId": "d1movement5",
                    "stock": "FRST",
                    "change": 1.0,
                    "percent": true,
                    "delay": 60
                },
                {
                    "eventId": "d1movement6",
                    "stock": "FRST",
                    "change": 1.0,
                    "percent": true,
                    "delay": 120
                },
                {
                    "eventId": "d1movement7",
                    "stock": "FRST",
                    "change": 1.0,
                    "percent": true,
                    "delay": 180
                }
            ],
            "earningsReport": [],
            "eventSequence": [
                {
                    "eventId": "d1article2",
                    "delay": 7020
                },
                {
                    "eventId": "d1movement4",
                    "delay": 0
                },
                {
                    "eventId": "d1movement5",
                    "delay": 0
                },
                {
                    "eventId": "d1movement6",
                    "delay": 0
                },
                {
                    "eventId": "d1movement7",
                    "delay": 0
                }
            ]
        },
        {
            "number": 1,
            "articles": [
                {
                    "eventId": "d1article3",
                    "title": "Fan Reactions to SpaceCraft II Expansion Overwhelmingly Positive",
                    "content": "The initial reactions from fans to Firestorm Entertainment's announcement of the SpaceCraft II expansion have been overwhelmingly positive. Social media platforms are ablaze with excitement as players express their enthusiasm for the new content and features. The anticipation for the expansion's release has never been higher.",
                    "stocks": [
                        "FRST"
                    ],
                    "author": "Passionate Paula",
                    "website": "Console Carnival"
                }
            ],
            "stockMovements": [
                {
                    "eventId": "d1movement8",
                    "stock": "FRST",
                    "change": 1.0,
                    "percent": true,
                    "delay": 30
                },
                {
                    "eventId": "d1movement9",
                    "stock": "FRST",
                    "change": 1.0,
                    "percent": true,
                    "delay": 60
                },
                {
                    "eventId": "d1movement10",
                    "stock": "FRST",
                    "change": 1.0,
                    "percent": true,
                    "delay": 120
                }
            ],
            "earningsReport": [],
            "eventSequence": [
                {
                    "eventId": "d1article3",
                    "delay": 13800
                },
                {
                    "eventId": "d1movement8",
                    "delay": 0
                },
                {
                    "eventId": "d1movement9",
                    "delay": 0
                },
                {
                    "eventId": "d1movement10",
                    "delay": 0
                }
            ]
        }
    ],
    "categories": [
        "gaming",
        "expansion"
    ],
    "timeFrame": 1
}