{
    "id": "firestorm_faces_backlash_over_ads",
    "title": "Firestorm Faces Backlash Over Ads in OverWatch",
    "canRepeat": false,
    "description": "Firestorm adds unskippable ads to OverWatch games causing uproar and stock price instability.",
    "days": [
        {
            "number": 1,
            "articles": [
                {
                    "eventId": "d1article1",
                    "title": "Unskippable Ads in OverWatch Causes Uproar",
                    "content": "Reports have surfaced that Firestorm Entertainment (FRST) has added unskippable advertisements to its popular game, OverWatch. Fans and avid gamers are expressing their outrage on various social media platforms, arguing that this move detracts from the immersive experience the game is known for.",
                    "stocks": [
                        "FRST"
                    ],
                    "author": "Dramatic Dana",
                    "website": "Console Carnival"
                }
            ],
            "stockMovements": [
                {
                    "eventId": "d1movement1",
                    "stock": "FRST",
                    "change": -1.0,
                    "percent": true
                },
                {
                    "eventId": "d1movement2",
                    "stock": "FRST",
                    "change": -1.0,
                    "percent": true
                },
                {
                    "eventId": "d1movement3",
                    "stock": "FRST",
                    "change": -1.0,
                    "percent": true
                }
            ],
            "eventSequence": [
                {
                    "eventId": "d1article1",
                    "delay": 0
                },
                {
                    "eventId": "d1movement1",
                    "delay": 600
                },
                {
                    "eventId": "d1movement2",
                    "delay": 600
                },
                {
                    "eventId": "d1movement3",
                    "delay": 600
                }
            ]
        },
        {
            "number": 1,
            "articles": [
                {
                    "eventId": "d1article2",
                    "title": "Firestorm Defends Ads in OverWatch",
                    "content": "In response to the backlash, Firestorm Entertainment has issued a statement defending their decision to add unskippable ads to OverWatch. The company claims that this move is aimed at providing an 'enhanced player experience' by integrating relevant advertisements seamlessly into gameplay. Despite their defense, many players remain unconvinced and continue to voice their discontent.",
                    "stocks": [
                        "FRST"
                    ],
                    "author": "Sally Shortsell",
                    "website": "Bull and Bear Circus"
                }
            ],
            "stockMovements": [
                {
                    "eventId": "d1movement4",
                    "stock": "FRST",
                    "change": 0.5,
                    "percent": true
                },
                {
                    "eventId": "d1movement5",
                    "stock": "FRST",
                    "change": 0.5,
                    "percent": true
                },
                {
                    "eventId": "d1movement6",
                    "stock": "FRST",
                    "change": 0.5,
                    "percent": true
                }
            ],
            "eventSequence": [
                {
                    "eventId": "d1article2",
                    "delay": 5400
                },
                {
                    "eventId": "d1movement4",
                    "delay": 600
                },
                {
                    "eventId": "d1movement5",
                    "delay": 600
                },
                {
                    "eventId": "d1movement6",
                    "delay": 600
                }
            ]
        },
        {
            "number": 1,
            "articles": [
                {
                    "eventId": "d1article3",
                    "title": "Further Backlash Over OverWatch Ads",
                    "content": "Despite the company's defense, the backlash against Firestorm Entertainment continues to grow. Gaming forums and social media channels are flooded with negative reactions from players who feel betrayed by the inclusion of unskippable ads. The controversy is drawing attention from mainstream media, leading to a further dip in Firestorm Entertainment's stock prices.",
                    "stocks": [
                        "FRST"
                    ],
                    "author": "Laughing Lily",
                    "website": "Gamer Giggles"
                }
            ],
            "stockMovements": [
                {
                    "eventId": "d1movement7",
                    "stock": "FRST",
                    "change": -1.0,
                    "percent": true
                },
                {
                    "eventId": "d1movement8",
                    "stock": "FRST",
                    "change": -1.0,
                    "percent": true
                },
                {
                    "eventId": "d1movement9",
                    "stock": "FRST",
                    "change": -0.5,
                    "percent": true
                }
            ],
            "eventSequence": [
                {
                    "eventId": "d1article3",
                    "delay": 12600
                },
                {
                    "eventId": "d1movement7",
                    "delay": 600
                },
                {
                    "eventId": "d1movement8",
                    "delay": 600
                },
                {
                    "eventId": "d1movement9",
                    "delay": 600
                }
            ]
        },
        {
            "number": 1,
            "articles": [
                {
                    "eventId": "d1article4",
                    "title": "Analysts Predict Limited Long-term Impact",
                    "content": "While Firestorm Entertainment's stock has recently taken a hit due to the backlash over unskippable ads in OverWatch, analysts believe the long-term impact will be limited. Market experts predict that the company will likely stabilize as the controversy dies down and efforts to appease the player base take effect. Firestorm's strong portfolio of popular games and loyal fan base should help it weather this storm.",
                    "stocks": [
                        "FRST"
                    ],
                    "author": "Ivy Investor",
                    "website": "Moolah Misfits"
                }
            ],
            "stockMovements": [
                {
                    "eventId": "d1movement10",
                    "stock": "FRST",
                    "change": 0.33,
                    "percent": true
                },
                {
                    "eventId": "d1movement11",
                    "stock": "FRST",
                    "change": 0.34,
                    "percent": true
                },
                {
                    "eventId": "d1movement12",
                    "stock": "FRST",
                    "change": 0.33,
                    "percent": true
                }
            ],
            "eventSequence": [
                {
                    "eventId": "d1article4",
                    "delay": 19800
                },
                {
                    "eventId": "d1movement10",
                    "delay": 600
                },
                {
                    "eventId": "d1movement11",
                    "delay": 600
                },
                {
                    "eventId": "d1movement12",
                    "delay": 600
                }
            ]
        }
    ],
    "categories": [
        "gaming",
        "advertising",
        "controversy"
    ],
    "timeFrame": 1
}