{
    "id": "realm_of_warcrafters_server_crash",
    "title": "Realm of Warcrafters Server Crash on Launch Day",
    "canRepeat": false,
    "description": "Reports of Realm of Warcrafters servers crashing on the launch day of a new update, leading to significant stock drops for Firestorm Entertainment.",
    "days": [
        {
            "number": 1,
            "articles": [
                {
                    "eventId": "d1article1",
                    "title": "Realm of Warcrafters Servers Crash on Launch Day",
                    "content": "Firestorm Entertainment's (FRST) popular game, Realm of Warcrafters, experienced severe server crashes on the launch day of its highly-anticipated update. Players were quick to express their frustrations on social media, causing the company's stock to take a nosedive.",
                    "stocks": [
                        "FRST"
                    ],
                    "author": "Epic Eric",
                    "website": "Console Carnival"
                },
                {
                    "eventId": "d1article2",
                    "title": "Firestorm Acknowledges Server Issues and Is Working on a Fix",
                    "content": "Firestorm Entertainment (FRST) has responded to the widespread server issues plaguing Realm of Warcrafters. The company assured players and investors that their team is diligently working on a resolution and will provide updates as soon as possible. Despite this reassurance, investor confidence took a hit, causing a further decline in stock prices.",
                    "stocks": [
                        "FRST"
                    ],
                    "author": "Greta Gamble",
                    "website": "Bull and Bear Circus"
                },
                {
                    "eventId": "d1article3",
                    "title": "Analysts Predict Potential Loss of User Trust in Firestorm Entertainment",
                    "content": "Analysts are predicting a potential loss of user trust in Firestorm Entertainment (FRST) following the server issues during the Realm of Warcrafters update launch. The persistent technical problems and the company's slow response have caused concern among the gaming community. This sentiment has led to further decline in the company's stock value as worries about long-term user retention grow.",
                    "stocks": [
                        "FRST"
                    ],
                    "author": "Freddy Fortune",
                    "website": "Moolah Misfits"
                }
            ],
            "stockMovements": [
                {
                    "eventId": "d1movement1",
                    "stock": "FRST",
                    "change": -1.0,
                    "percent": true,
                    "delay": 60
                },
                {
                    "eventId": "d1movement2",
                    "stock": "FRST",
                    "change": -1.0,
                    "percent": true,
                    "delay": 120
                },
                {
                    "eventId": "d1movement3",
                    "stock": "FRST",
                    "change": -1.0,
                    "percent": true,
                    "delay": 180
                },
                {
                    "eventId": "d1movement4",
                    "stock": "FRST",
                    "change": -0.5,
                    "percent": true,
                    "delay": 60
                },
                {
                    "eventId": "d1movement5",
                    "stock": "FRST",
                    "change": -0.5,
                    "percent": true,
                    "delay": 120
                },
                {
                    "eventId": "d1movement6",
                    "stock": "FRST",
                    "change": -0.5,
                    "percent": true,
                    "delay": 180
                },
                {
                    "eventId": "d1movement7",
                    "stock": "FRST",
                    "change": -1.0,
                    "percent": true,
                    "delay": 60
                },
                {
                    "eventId": "d1movement8",
                    "stock": "FRST",
                    "change": -1.0,
                    "percent": true,
                    "delay": 120
                },
                {
                    "eventId": "d1movement9",
                    "stock": "FRST",
                    "change": -0.75,
                    "percent": true,
                    "delay": 180
                },
                {
                    "eventId": "d1movement10",
                    "stock": "FRST",
                    "change": -0.75,
                    "percent": true,
                    "delay": 120
                }
            ],
            "earningsReport": [],
            "eventSequence": [
                {
                    "eventId": "d1article1",
                    "delay": 3600
                },
                {
                    "eventId": "d1movement1",
                    "delay": 300
                },
                {
                    "eventId": "d1movement2",
                    "delay": 300
                },
                {
                    "eventId": "d1movement3",
                    "delay": 300
                },
                {
                    "eventId": "d1article2",
                    "delay": 3600
                },
                {
                    "eventId": "d1movement4",
                    "delay": 300
                },
                {
                    "eventId": "d1movement5",
                    "delay": 300
                },
                {
                    "eventId": "d1movement6",
                    "delay": 300
                },
                {
                    "eventId": "d1article3",
                    "delay": 3600
                },
                {
                    "eventId": "d1movement7",
                    "delay": 300
                },
                {
                    "eventId": "d1movement8",
                    "delay": 300
                },
                {
                    "eventId": "d1movement9",
                    "delay": 300
                },
                {
                    "eventId": "d1movement10",
                    "delay": 300
                }
            ]
        }
    ],
    "categories": [
        "server_issues",
        "gaming"
    ],
    "timeFrame": 1
}