{
    "id": "firestorm_new_realm_of_warcrafters_expansion",
    "title": "Firestorm Announces New Realm of Warcrafters Expansion",
    "canRepeat": false,
    "description": "Firestorm is launching a much-anticipated expansion for their popular game, Realm of Warcrafters. Initial hype and success were marred by technical issues, but the company responded promptly. Here\u2019s a day-by-day account.",
    "days": [
        {
            "number": 1,
            "articles": [
                {
                    "eventId": "d1article1",
                    "title": "Rumors of New Firestorm Expansion Surface",
                    "content": "Rumors are swirling in the gaming community: Firestorm (FRST) might be launching a new expansion for its hit MMORPG, Realm of Warcrafters. Fans are speculating about new features, characters, and storyline twists. The stock initially rose on account of the excitement these rumors generated. \n\nHistorically, Firestorm's expansions have been well-received, driving up in-game engagement and ultimately translating to higher revenues. This speculation has triggered a noticeable uptick in the company's stock. The gaming community is hungry for more details, but Firestorm remains tight-lipped for the moment.",
                    "stocks": [
                        "FRST"
                    ],
                    "author": "Epic Eric",
                    "website": "Console Carnival"
                }
            ],
            "stockMovements": [
                {
                    "eventId": "d1movement1",
                    "stock": "FRST",
                    "change": 0.83,
                    "percent": true,
                    "delay": 10
                },
                {
                    "eventId": "d1movement2",
                    "stock": "FRST",
                    "change": 0.83,
                    "percent": true,
                    "delay": 20
                },
                {
                    "eventId": "d1movement3",
                    "stock": "FRST",
                    "change": 0.84,
                    "percent": true,
                    "delay": 30
                },
                {
                    "eventId": "d1movement4",
                    "stock": "FRST",
                    "change": 1,
                    "percent": true,
                    "delay": 10800
                },
                {
                    "eventId": "d1movement5",
                    "stock": "FRST",
                    "change": 1,
                    "percent": true,
                    "delay": 10810
                },
                {
                    "eventId": "d1movement6",
                    "stock": "FRST",
                    "change": 1,
                    "percent": true,
                    "delay": 10820
                }
            ],
            "earningsReport": [],
            "eventSequence": [
                {
                    "eventId": "d1article1",
                    "delay": 3600
                },
                {
                    "eventId": "d1movement1",
                    "delay": 300
                },
                {
                    "eventId": "d1movement2",
                    "delay": 300
                },
                {
                    "eventId": "d1movement3",
                    "delay": 300
                },
                {
                    "eventId": "d1movement4",
                    "delay": 300
                },
                {
                    "eventId": "d1movement5",
                    "delay": 300
                },
                {
                    "eventId": "d1movement6",
                    "delay": 300
                }
            ]
        },
        {
            "number": 2,
            "articles": [
                {
                    "eventId": "d2article1",
                    "title": "Positive Early Reviews Propel Firestorm Stock",
                    "content": "Firestorm (FRST) revealed the new Realm of Warcrafters expansion at midnight, including new lands and characters. Early reviews have been overwhelmingly positive. \n\n Critics are praising the fresh content and improvements over the previous expansion, and many fans now consider this to be the best expansion to date. Stocks hit a new high over the initial euphoria surrounding the release.",
                    "stocks": [
                        "FRST"
                    ],
                    "author": "Dramatic Dana",
                    "website": "Console Carnival"
                },
                {
                    "eventId": "d2article2",
                    "title": "Reports of Bugs and Glitches in New Expansion Surface",
                    "content": "In the aftermath of the initial burst of positive reviews, reports of bugs and glitches within the new Realm of Warcrafters expansion have started to surface. These reports have caused considerable concern among players and investors alike. \n\n Firestorm (FRST) fans have taken to social media to voice their dissatisfaction, citing issues ranging from minor graphic glitches to game-breaking bugs. The company has promised swift fixes, but the initial wave of positivity has been tempered by these technical hiccups, leading to a downturn in the stock.",
                    "stocks": [
                        "FRST"
                    ],
                    "author": "Epic Eric",
                    "website": "Console Carnival"
                }
            ],
            "stockMovements": [
                {
                    "eventId": "d2movement1",
                    "stock": "FRST",
                    "change": 0.66,
                    "percent": true,
                    "delay": 10
                },
                {
                    "eventId": "d2movement2",
                    "stock": "FRST",
                    "change": 0.66,
                    "percent": true,
                    "delay": 20
                },
                {
                    "eventId": "d2movement3",
                    "stock": "FRST",
                    "change": 0.68,
                    "percent": true,
                    "delay": 30
                },
                {
                    "eventId": "d2movement4",
                    "stock": "FRST",
                    "change": -0.83,
                    "percent": true,
                    "delay": 14400
                },
                {
                    "eventId": "d2movement5",
                    "stock": "FRST",
                    "change": -0.83,
                    "percent": true,
                    "delay": 14410
                },
                {
                    "eventId": "d2movement6",
                    "stock": "FRST",
                    "change": -0.84,
                    "percent": true,
                    "delay": 14420
                }
            ],
            "earningsReport": [],
            "eventSequence": [
                {
                    "eventId": "d2article1",
                    "delay": 3600
                },
                {
                    "eventId": "d2movement1",
                    "delay": 300
                },
                {
                    "eventId": "d2movement2",
                    "delay": 300
                },
                {
                    "eventId": "d2movement3",
                    "delay": 300
                },
                {
                    "eventId": "d2article2",
                    "delay": 3600
                },
                {
                    "eventId": "d2movement4",
                    "delay": 300
                },
                {
                    "eventId": "d2movement5",
                    "delay": 300
                },
                {
                    "eventId": "d2movement6",
                    "delay": 300
                }
            ]
        },
        {
            "number": 3,
            "articles": [
                {
                    "eventId": "d3article1",
                    "title": "Firestorm Addresses Technical Issues, But Dissatisfaction Lingers",
                    "content": "Firestorm has issued a statement addressing the bugs and glitches that plagued the launch of its new Realm of Warcrafters expansion. While the company promised that all issues would be swiftly resolved, users remain dissatisfied. \n\nOn forums and social media platforms, fans continue to express frustration over the initial launch experience, leading to diminished enthusiasm for the game. The stock has consequently dipped.",
                    "stocks": [
                        "FRST"
                    ],
                    "author": "Epic Eric",
                    "website": "Console Carnival"
                },
                {
                    "eventId": "d3article2",
                    "title": "Analysts Lower Growth Projections for Firestorm",
                    "content": "Following the rocky launch of the new Realm of Warcrafters expansion, analysts have lowered their growth projections for Firestorm (FRST). Concerns over the company's handling of technical issues and user dissatisfaction have led to a significant drop in the stock. \n\nSeveral prominent analysts have revised their ratings, expressing doubts about Firestorm's ability to recover quickly from this setback. The long-term impact remains uncertain, but the immediate effect on the stock is unquestionably negative.",
                    "stocks": [
                        "FRST"
                    ],
                    "author": "Dana Data",
                    "website": "Silicon Circus"
                }
            ],
            "stockMovements": [
                {
                    "eventId": "d3movement1",
                    "stock": "FRST",
                    "change": -1,
                    "percent": true,
                    "delay": 10
                },
                {
                    "eventId": "d3movement2",
                    "stock": "FRST",
                    "change": -1,
                    "percent": true,
                    "delay": 20
                },
                {
                    "eventId": "d3movement3",
                    "stock": "FRST",
                    "change": -1,
                    "percent": true,
                    "delay": 30
                },
                {
                    "eventId": "d3movement4",
                    "stock": "FRST",
                    "change": -1.33,
                    "percent": true,
                    "delay": 10800
                },
                {
                    "eventId": "d3movement5",
                    "stock": "FRST",
                    "change": -1.33,
                    "percent": true,
                    "delay": 10810
                },
                {
                    "eventId": "d3movement6",
                    "stock": "FRST",
                    "change": -1.34,
                    "percent": true,
                    "delay": 10820
                }
            ],
            "earningsReport": [],
            "eventSequence": [
                {
                    "eventId": "d3article1",
                    "delay": 3600
                },
                {
                    "eventId": "d3movement1",
                    "delay": 300
                },
                {
                    "eventId": "d3movement2",
                    "delay": 300
                },
                {
                    "eventId": "d3movement3",
                    "delay": 300
                },
                {
                    "eventId": "d3article2",
                    "delay": 3600
                },
                {
                    "eventId": "d3movement4",
                    "delay": 300
                },
                {
                    "eventId": "d3movement5",
                    "delay": 300
                },
                {
                    "eventId": "d3movement6",
                    "delay": 300
                }
            ]
        }
    ],
    "categories": [
        "product_launch",
        "gaming"
    ],
    "timeFrame": 3
}