{
    "id": "firestorm_introduces_new_microtransactions",
    "title": "Firestorm Introduces New Microtransactions in Demon Slayer",
    "canRepeat": false,
    "description": "Firestorm Entertainment introduces microtransactions in Demon Slayer, causing significant stock movements.",
    "days": [
        {
            "number": 1,
            "articles": [
                {
                    "eventId": "d1article1",
                    "title": "Rumors of Microtransactions in Demon Slayer",
                    "content": "Rumors are circulating that Firestorm Entertainment (FRST) is planning to introduce microtransactions in their popular game, Demon Slayer. Sources claim that this move is aimed at enhancing the gameplay experience, though some fans are skeptical. The news has caused a notable increase in the company's stock price.",
                    "stocks": [
                        "FRST"
                    ],
                    "author": "Epic Eric",
                    "website": "Console Carnival"
                },
                {
                    "eventId": "d1article2",
                    "title": "Firestorm Confirms Microtransactions",
                    "content": "Firestorm Entertainment (FRST) has confirmed the introduction of microtransactions in Demon Slayer. The company promises that this new feature will enhance the gameplay experience by providing players with a wider variety of options to personalize their characters and gameplay. This announcement has further boosted investor confidence, leading to a noticeable rise in the stock price.",
                    "stocks": [
                        "FRST"
                    ],
                    "author": "Freddy Fortune",
                    "website": "Moolah Misfits"
                },
                {
                    "eventId": "d1article3",
                    "title": "Skepticism Arises Over Demon Slayer Microtransactions",
                    "content": "While Firestorm's (FRST) confirmation of microtransactions in Demon Slayer initially pleased investors, skepticism is beginning to emerge. Critics argue that the feature is unnecessary and could potentially imbalance the game. This skepticism has caused a slight dip in the company's stock price.",
                    "stocks": [
                        "FRST"
                    ],
                    "author": "Dramatic Dana",
                    "website": "Console Carnival"
                },
                {
                    "eventId": "d1article4",
                    "title": "Firestorm Reassures Investors with Sales Data",
                    "content": "Despite the initial skepticism, Firestorm Entertainment (FRST) has reassured investors by releasing successful sales data of the new microtransactions in Demon Slayer. The data shows a significant uptake by players, which has helped the stock price recover.",
                    "stocks": [
                        "FRST"
                    ],
                    "author": "Sally Shortsell",
                    "website": "Bull and Bear Circus"
                }
            ],
            "stockMovements": [
                {
                    "eventId": "d1movement1",
                    "stock": "FRST",
                    "change": 0.8,
                    "percent": true
                },
                {
                    "eventId": "d1movement2",
                    "stock": "FRST",
                    "change": 0.8,
                    "percent": true
                },
                {
                    "eventId": "d1movement3",
                    "stock": "FRST",
                    "change": 0.9,
                    "percent": true
                },
                {
                    "eventId": "d1movement4",
                    "stock": "FRST",
                    "change": 1.2,
                    "percent": true
                },
                {
                    "eventId": "d1movement5",
                    "stock": "FRST",
                    "change": 1.2,
                    "percent": true
                },
                {
                    "eventId": "d1movement6",
                    "stock": "FRST",
                    "change": 1.1,
                    "percent": true
                },
                {
                    "eventId": "d1movement7",
                    "stock": "FRST",
                    "change": -0.8,
                    "percent": true
                },
                {
                    "eventId": "d1movement8",
                    "stock": "FRST",
                    "change": -0.7,
                    "percent": true
                },
                {
                    "eventId": "d1movement9",
                    "stock": "FRST",
                    "change": -0.5,
                    "percent": true
                },
                {
                    "eventId": "d1movement10",
                    "stock": "FRST",
                    "change": 0.7,
                    "percent": true
                },
                {
                    "eventId": "d1movement11",
                    "stock": "FRST",
                    "change": 0.7,
                    "percent": true
                },
                {
                    "eventId": "d1movement12",
                    "stock": "FRST",
                    "change": 0.6,
                    "percent": true
                }
            ],
            "earningsReport": [],
            "eventSequence": [
                {
                    "eventId": "d1article1",
                    "delay": 3600
                },
                {
                    "eventId": "d1movement1",
                    "delay": 300
                },
                {
                    "eventId": "d1movement2",
                    "delay": 300
                },
                {
                    "eventId": "d1movement3",
                    "delay": 300
                },
                {
                    "eventId": "d1article2",
                    "delay": 3600
                },
                {
                    "eventId": "d1movement4",
                    "delay": 300
                },
                {
                    "eventId": "d1movement5",
                    "delay": 300
                },
                {
                    "eventId": "d1movement6",
                    "delay": 300
                },
                {
                    "eventId": "d1article3",
                    "delay": 3600
                },
                {
                    "eventId": "d1movement7",
                    "delay": 300
                },
                {
                    "eventId": "d1movement8",
                    "delay": 300
                },
                {
                    "eventId": "d1movement9",
                    "delay": 300
                },
                {
                    "eventId": "d1article4",
                    "delay": 3600
                },
                {
                    "eventId": "d1movement10",
                    "delay": 300
                },
                {
                    "eventId": "d1movement11",
                    "delay": 300
                },
                {
                    "eventId": "d1movement12",
                    "delay": 300
                }
            ]
        }
    ],
    "categories": [
        "gaming",
        "stocks"
    ],
    "timeFrame": 1
}