{
    "id": "paypol_cryptocurrency_payment_integration",
    "title": "Paypol Launches Cryptocurrency Payment Integration",
    "canRepeat": false,
    "description": "Paypol announces the integration of cryptocurrency payments into its platform, causing fluctuations in their stock price.",
    "days": [
        {
            "number": 1,
            "articles": [
                {
                    "eventId": "d1article1",
                    "title": "Rumors of Cryptocurrency Integration Raise Hopes for Paypol",
                    "content": "Reports are circulating that Paypol (PYPL) is planning to integrate cryptocurrency payments into its platform. This move, if confirmed, could position Paypol as a leader in the fintech industry, allowing users to make seamless crypto transactions. Investors are optimistic, and the stock price has begun to rise in response to the rumors.",
                    "stocks": [
                        "PYPL"
                    ],
                    "author": "Freddy Fortune",
                    "website": "MoolahMisfits.com"
                },
                {
                    "eventId": "d1article2",
                    "title": "Paypol Confirms Cryptocurrency Integration",
                    "content": "In a surprising announcement, Paypol (PYPL) has confirmed the rumors. The company is indeed integrating cryptocurrency payments into its platform, promising a seamless and secure experience for its users. This major leap forward will allow users to conduct crypto transactions effortlessly, further cementing Paypol\u2019s position in the digital payments market. Investors are highly enthusiastic about this progress.",
                    "stocks": [
                        "PYPL"
                    ],
                    "author": "Polly Profit",
                    "website": "BullAndBearCircus.com"
                },
                {
                    "eventId": "d1article3",
                    "title": "Market Skepticism Surrounds Paypol's Cryptocurrency Move",
                    "content": "Despite the initial enthusiasm, there is now a wave of skepticism regarding Paypol's (PYPL) decision to integrate cryptocurrency payments. Market analysts have raised concerns about the stability and security of cryptocurrencies, fearing that this move could expose Paypol to high volatility and potential risks. As these concerns grow, the stock price has seen a slight dip.",
                    "stocks": [
                        "PYPL"
                    ],
                    "author": "Timmy Tumble",
                    "website": "BullAndBearCircus.com"
                },
                {
                    "eventId": "d1article4",
                    "title": "Paypol Reassures Investors with Positive Crypto Transaction Data",
                    "content": "In response to the growing market skepticism, Paypol (PYPL) has released data showcasing the successful implementation of cryptocurrency transactions in its platform. The company demonstrated that the transactions are not only secure but also fast and efficient. This reassurance has helped to soothe investor worries, causing the stock to recover slightly. Analysts are closely watching how this will impact Paypol's long-term strategy.",
                    "stocks": [
                        "PYPL"
                    ],
                    "author": "Warren Buffoon",
                    "website": "CashClown.com"
                }
            ],
            "stockMovements": [
                {
                    "eventId": "d1movement1_1",
                    "stock": "PYPL",
                    "change": 0.8,
                    "percent": true,
                    "delay": 100
                },
                {
                    "eventId": "d1movement1_2",
                    "stock": "PYPL",
                    "change": 0.8,
                    "percent": true,
                    "delay": 200
                },
                {
                    "eventId": "d1movement1_3",
                    "stock": "PYPL",
                    "change": 0.9,
                    "percent": true,
                    "delay": 300
                },
                {
                    "eventId": "d1movement2_1",
                    "stock": "PYPL",
                    "change": 1.2,
                    "percent": true,
                    "delay": 100
                },
                {
                    "eventId": "d1movement2_2",
                    "stock": "PYPL",
                    "change": 1.2,
                    "percent": true,
                    "delay": 200
                },
                {
                    "eventId": "d1movement2_3",
                    "stock": "PYPL",
                    "change": 1.1,
                    "percent": true,
                    "delay": 300
                },
                {
                    "eventId": "d1movement3_1",
                    "stock": "PYPL",
                    "change": -0.7,
                    "percent": true,
                    "delay": 100
                },
                {
                    "eventId": "d1movement3_2",
                    "stock": "PYPL",
                    "change": -0.7,
                    "percent": true,
                    "delay": 200
                },
                {
                    "eventId": "d1movement3_3",
                    "stock": "PYPL",
                    "change": -0.6,
                    "percent": true,
                    "delay": 300
                },
                {
                    "eventId": "d1movement4_1",
                    "stock": "PYPL",
                    "change": 0.7,
                    "percent": true,
                    "delay": 100
                },
                {
                    "eventId": "d1movement4_2",
                    "stock": "PYPL",
                    "change": 0.7,
                    "percent": true,
                    "delay": 200
                },
                {
                    "eventId": "d1movement4_3",
                    "stock": "PYPL",
                    "change": 0.6,
                    "percent": true,
                    "delay": 300
                }
            ],
            "earningsReport": [],
            "eventSequence": [
                {
                    "eventId": "d1article1",
                    "delay": 3600
                },
                {
                    "eventId": "d1movement1_1",
                    "delay": 300
                },
                {
                    "eventId": "d1movement1_2",
                    "delay": 300
                },
                {
                    "eventId": "d1movement1_3",
                    "delay": 300
                },
                {
                    "eventId": "d1article2",
                    "delay": 3600
                },
                {
                    "eventId": "d1movement2_1",
                    "delay": 300
                },
                {
                    "eventId": "d1movement2_2",
                    "delay": 300
                },
                {
                    "eventId": "d1movement2_3",
                    "delay": 300
                },
                {
                    "eventId": "d1article3",
                    "delay": 3600
                },
                {
                    "eventId": "d1movement3_1",
                    "delay": 300
                },
                {
                    "eventId": "d1movement3_2",
                    "delay": 300
                },
                {
                    "eventId": "d1movement3_3",
                    "delay": 300
                },
                {
                    "eventId": "d1article4",
                    "delay": 3600
                },
                {
                    "eventId": "d1movement4_1",
                    "delay": 300
                },
                {
                    "eventId": "d1movement4_2",
                    "delay": 300
                },
                {
                    "eventId": "d1movement4_3",
                    "delay": 300
                }
            ]
        }
    ],
    "categories": [
        "stock_movements",
        "cryptocurrency",
        "fintech"
    ],
    "timeFrame": 1
}