{
    "id": "paypol_faces_security_breach",
    "title": "Paypol Faces Security Breach",
    "canRepeat": false,
    "description": "Reports of a significant security breach affecting Paypol's user accounts, followed by company\u2019s acknowledgment and analyst predictions, lead to steep stock declines.",
    "days": [
        {
            "number": 1,
            "articles": [
                {
                    "eventId": "d1article1",
                    "title": "Major Security Breach Affects Paypol Users",
                    "content": "In a concerning turn of events, Paypol (PYPL) has faced a significant security breach affecting user accounts. Reports indicate that sensitive user data might have been compromised, leading to major concerns among users and investors alike.\nThe breach, which is suspected to have occurred over the weekend, was only discovered late Monday. Experts warn that such breaches could have far-reaching implications for user trust and the overall reputation of the company.\nAs a result, reactions in the market were swift with a notable decline in Paypol stock prices following the initial report.",
                    "stocks": [
                        "PYPL"
                    ],
                    "author": "Sammy Security",
                    "website": "Tech Tattler"
                }
            ],
            "stockMovements": [
                {
                    "eventId": "d1movement1",
                    "stock": "PYPL",
                    "change": -1.0,
                    "percent": true,
                    "delay": 100
                },
                {
                    "eventId": "d1movement2",
                    "stock": "PYPL",
                    "change": -1.0,
                    "percent": true,
                    "delay": 200
                },
                {
                    "eventId": "d1movement3",
                    "stock": "PYPL",
                    "change": -1.0,
                    "percent": true,
                    "delay": 300
                }
            ],
            "earningsReport": [],
            "eventSequence": [
                {
                    "eventId": "d1article1",
                    "delay": 0
                },
                {
                    "eventId": "d1movement1",
                    "delay": 0
                },
                {
                    "eventId": "d1movement2",
                    "delay": 100
                },
                {
                    "eventId": "d1movement3",
                    "delay": 200
                }
            ]
        },
        {
            "number": 1,
            "articles": [
                {
                    "eventId": "d1article2",
                    "title": "Paypol Responds to Security Breach",
                    "content": "Following the alarming news of a security breach, Paypol (PYPL) has issued a formal statement acknowledging the incident. The company has vowed to enhance its security measures to prevent any future occurrences.\n\u201cSecurity is our top priority,\u201d stated a Paypol spokesperson. \u201cWe are working tirelessly to understand the full scope of this breach and to implement additional safeguards to protect our users.\u201d\nDespite these assurances, the market remains jittery, with Paypol\u2019s stock experiencing further declines as confidence continues to waver.",
                    "stocks": [
                        "PYPL"
                    ],
                    "author": "Diana Data",
                    "website": "Silicon Circus"
                }
            ],
            "stockMovements": [
                {
                    "eventId": "d1movement4",
                    "stock": "PYPL",
                    "change": -0.5,
                    "percent": true,
                    "delay": 100
                },
                {
                    "eventId": "d1movement5",
                    "stock": "PYPL",
                    "change": -0.5,
                    "percent": true,
                    "delay": 200
                },
                {
                    "eventId": "d1movement6",
                    "stock": "PYPL",
                    "change": -0.5,
                    "percent": true,
                    "delay": 300
                }
            ],
            "earningsReport": [],
            "eventSequence": [
                {
                    "eventId": "d1article2",
                    "delay": 6800
                },
                {
                    "eventId": "d1movement4",
                    "delay": 100
                },
                {
                    "eventId": "d1movement5",
                    "delay": 200
                },
                {
                    "eventId": "d1movement6",
                    "delay": 300
                }
            ]
        },
        {
            "number": 1,
            "articles": [
                {
                    "eventId": "d1article3",
                    "title": "Analysts Predict Customer Exodus from Paypol",
                    "content": "Industry analysts are now weighing in on the Paypol (PYPL) security breach, with many predicting a potential exodus of customers. The fear is that the loss of trust due to the breach could have long-term repercussions for the company.\n\u201cThis could be highly damaging for Paypol\u2019s user base,\u201d said one analyst. \u201cCustomers value their privacy and security. A breach of this magnitude shakes that confidence.\u201d\nAs the analysis continues to pour in, Paypol\u2019s stock is facing further declines, reflecting the market's growing concerns about the company's ability to recover from this setback.",
                    "stocks": [
                        "PYPL"
                    ],
                    "author": "Sally Shortsell",
                    "website": "Bull and Bear Circus"
                }
            ],
            "stockMovements": [
                {
                    "eventId": "d1movement7",
                    "stock": "PYPL",
                    "change": -1.0,
                    "percent": true,
                    "delay": 100
                },
                {
                    "eventId": "d1movement8",
                    "stock": "PYPL",
                    "change": -1.0,
                    "percent": true,
                    "delay": 200
                },
                {
                    "eventId": "d1movement9",
                    "stock": "PYPL",
                    "change": -1.5,
                    "percent": true,
                    "delay": 300
                }
            ],
            "earningsReport": [],
            "eventSequence": [
                {
                    "eventId": "d1article3",
                    "delay": 6800
                },
                {
                    "eventId": "d1movement7",
                    "delay": 100
                },
                {
                    "eventId": "d1movement8",
                    "delay": 200
                },
                {
                    "eventId": "d1movement9",
                    "delay": 300
                }
            ]
        }
    ],
    "categories": [
        "security_breach",
        "financial_damage"
    ],
    "timeFrame": 1
}