{
    "id": "zapple_eco_friendly_initiative",
    "title": "Zapple Announces Eco-Friendly Initiative",
    "canRepeat": false,
    "description": "Zapple announces a major eco-friendly initiative, aiming to use 100% recycled materials in all products by 2025, leading to significant stock gains.",
    "days": [
        {
            "number": 1,
            "articles": [
                {
                    "eventId": "d1article1",
                    "title": "Rumors Swirl About Zapple's Eco-Friendly Initiative",
                    "content": "Whispers have emerged that Zapple Inc. (ZAPL) is on the verge of announcing a groundbreaking eco-friendly initiative. Insiders suggest that the tech giant is planning to significantly enhance its sustainability efforts, aiming to captivate a more environmentally conscious audience. The rumors have already sparked interest among potential investors, with many speculating significant benefits for Zapple's market position.",
                    "stocks": [
                        "ZAPL"
                    ],
                    "author": "Polly Profit",
                    "website": "BullAndBearCircus.com"
                },
                {
                    "eventId": "d1article2",
                    "title": "Zapple Confirms Eco-Friendly Initiative",
                    "content": "Zapple Inc. (ZAPL) has officially confirmed the launch of its highly anticipated eco-friendly initiative. According to the company's spokesperson, Zapple plans to utilize 100% recycled materials in all of its products by 2025. This ambitious goal is part of Zapple's broader strategy to not only innovate technologically but also lead in sustainability. The announcement has been well-received by both consumers and investors, highlighting Zapple's commitment to environmental responsibility.",
                    "stocks": [
                        "ZAPL"
                    ],
                    "author": "Ivy Investor",
                    "website": "MoolahMisfits.com"
                }
            ],
            "stockMovements": [
                {
                    "eventId": "d1movement1",
                    "stock": "ZAPL",
                    "change": 0.5,
                    "percent": true,
                    "delay": 300
                },
                {
                    "eventId": "d1movement2",
                    "stock": "ZAPL",
                    "change": 0.5,
                    "percent": true,
                    "delay": 300
                },
                {
                    "eventId": "d1movement3",
                    "stock": "ZAPL",
                    "change": 0.5,
                    "percent": true,
                    "delay": 300
                },
                {
                    "eventId": "d1movement4",
                    "stock": "ZAPL",
                    "change": 0.5,
                    "percent": true,
                    "delay": 360
                },
                {
                    "eventId": "d1movement5",
                    "stock": "ZAPL",
                    "change": 0.5,
                    "percent": true,
                    "delay": 360
                },
                {
                    "eventId": "d1movement6",
                    "stock": "ZAPL",
                    "change": 0.5,
                    "percent": true,
                    "delay": 360
                },
                {
                    "eventId": "d1movement7",
                    "stock": "ZAPL",
                    "change": 0.5,
                    "percent": true,
                    "delay": 360
                }
            ],
            "earningsReport": [],
            "eventSequence": [
                {
                    "eventId": "d1article1",
                    "delay": 0
                },
                {
                    "eventId": "d1movement1",
                    "delay": 10
                },
                {
                    "eventId": "d1movement2",
                    "delay": 300
                },
                {
                    "eventId": "d1movement3",
                    "delay": 300
                },
                {
                    "eventId": "d1movement4",
                    "delay": 300
                },
                {
                    "eventId": "d1article2",
                    "delay": 3600
                },
                {
                    "eventId": "d1movement5",
                    "delay": 10
                },
                {
                    "eventId": "d1movement6",
                    "delay": 360
                },
                {
                    "eventId": "d1movement7",
                    "delay": 360
                }
            ]
        },
        {
            "number": 2,
            "articles": [
                {
                    "eventId": "d2article1",
                    "title": "Environmental Groups Praise Zapple's New Initiative",
                    "content": "Zapple Inc. (ZAPL) has garnered praise from numerous environmental groups following its announcement to adopt 100% recycled materials in its products by 2025. Leading advocacy organizations have lauded Zapple's bold steps towards sustainability, recognizing the tech giant's commitment to reducing its environmental footprint. Such endorsements are expected to bolster Zapple's reputation and attract eco-conscious consumers.",
                    "stocks": [
                        "ZAPL"
                    ],
                    "author": "Diana Data",
                    "website": "SiliconCircus.com"
                },
                {
                    "eventId": "d2article2",
                    "title": "Major News Outlets Highlight Zapple's Sustainability Efforts",
                    "content": "In a wave of positive media coverage, major news outlets have picked up Zapple Inc.'s (ZAPL) recent eco-friendly initiative. The company's pledge to use 100% recycled materials by 2025 has been extensively covered, boosting Zapple's public perception. The comprehensive media attention underscores the significance of Zapple's commitment to a sustainable future, putting the company in the spotlight as a leader in corporate responsibility.",
                    "stocks": [
                        "ZAPL"
                    ],
                    "author": "Hype Harry",
                    "website": "MarketMadness.com"
                }
            ],
            "stockMovements": [
                {
                    "eventId": "d2movement1",
                    "stock": "ZAPL",
                    "change": 0.5,
                    "percent": true,
                    "delay": 300
                },
                {
                    "eventId": "d2movement2",
                    "stock": "ZAPL",
                    "change": 0.5,
                    "percent": true,
                    "delay": 300
                },
                {
                    "eventId": "d2movement3",
                    "stock": "ZAPL",
                    "change": 0.5,
                    "percent": true,
                    "delay": 300
                },
                {
                    "eventId": "d2movement4",
                    "stock": "ZAPL",
                    "change": 0.5,
                    "percent": true,
                    "delay": 300
                },
                {
                    "eventId": "d2movement5",
                    "stock": "ZAPL",
                    "change": 0.5,
                    "percent": true,
                    "delay": 300
                },
                {
                    "eventId": "d2movement6",
                    "stock": "ZAPL",
                    "change": 0.5,
                    "percent": true,
                    "delay": 360
                },
                {
                    "eventId": "d2movement7",
                    "stock": "ZAPL",
                    "change": 0.5,
                    "percent": true,
                    "delay": 360
                },
                {
                    "eventId": "d2movement8",
                    "stock": "ZAPL",
                    "change": 0.5,
                    "percent": true,
                    "delay": 360
                },
                {
                    "eventId": "d2movement9",
                    "stock": "ZAPL",
                    "change": 0.5,
                    "percent": true,
                    "delay": 360
                }
            ],
            "earningsReport": [],
            "eventSequence": [
                {
                    "eventId": "d2article1",
                    "delay": 0
                },
                {
                    "eventId": "d2movement1",
                    "delay": 10
                },
                {
                    "eventId": "d2movement2",
                    "delay": 300
                },
                {
                    "eventId": "d2movement3",
                    "delay": 300
                },
                {
                    "eventId": "d2movement4",
                    "delay": 300
                },
                {
                    "eventId": "d2article2",
                    "delay": 14400
                },
                {
                    "eventId": "d2movement5",
                    "delay": 10
                },
                {
                    "eventId": "d2movement6",
                    "delay": 360
                },
                {
                    "eventId": "d2movement7",
                    "delay": 360
                },
                {
                    "eventId": "d2movement8",
                    "delay": 360
                },
                {
                    "eventId": "d2movement9",
                    "delay": 360
                }
            ]
        }
    ],
    "categories": [
        "eco_friendliness",
        "technology"
    ],
    "timeFrame": 2
}