{
    "id": "zapple_revolutionary_health_tech_fizzles",
    "title": "Zapple's Revolutionary Health Tech Fizzles",
    "canRepeat": false,
    "description": "Rumors about Zapple's groundbreaking health tech device initially boost its stock, but delays and critical reviews lead to a significant drop.",
    "days": [
        {
            "number": 1,
            "articles": [
                {
                    "eventId": "d1article1",
                    "title": "Rumors of Zapple's New Health Tech Device",
                    "content": "Speculation is swirling that Zapple (ZAPL) is in the process of developing a groundbreaking health tech device. Industry insiders are buzzing with excitement, predicting that this innovation could revolutionize the tech-health sector and further cement Zapple's reputation as a market leader.",
                    "stocks": [
                        "ZAPL"
                    ],
                    "author": "Trendy Tina",
                    "website": "Trend Tribune"
                },
                {
                    "eventId": "d1article2",
                    "title": "Zapple Confirms Development of Life-Changing Health Tech",
                    "content": "Zapple (ZAPL) has confirmed that it is working on a revolutionary health tech device. According to the company's official statement, this new product will feature life-changing technologies designed to significantly improve user health and wellness. This announcement has further fueled investor excitement, driving the stock price up.",
                    "stocks": [
                        "ZAPL"
                    ],
                    "author": "Ned Nerdlinger",
                    "website": "Tech Tattler"
                }
            ],
            "stockMovements": [
                {
                    "eventId": "d1movement1",
                    "stock": "ZAPL",
                    "change": 1.0,
                    "percent": true
                },
                {
                    "eventId": "d1movement2",
                    "stock": "ZAPL",
                    "change": 1.0,
                    "percent": true
                },
                {
                    "eventId": "d1movement3",
                    "stock": "ZAPL",
                    "change": 1.0,
                    "percent": true
                },
                {
                    "eventId": "d1movement4",
                    "stock": "ZAPL",
                    "change": 1.5,
                    "percent": true
                },
                {
                    "eventId": "d1movement5",
                    "stock": "ZAPL",
                    "change": 1.5,
                    "percent": true
                },
                {
                    "eventId": "d1movement6",
                    "stock": "ZAPL",
                    "change": 1.0,
                    "percent": true
                }
            ],
            "earningsReport": [],
            "eventSequence": [
                {
                    "eventId": "d1article1",
                    "delay": 0
                },
                {
                    "eventId": "d1movement1",
                    "delay": 2500
                },
                {
                    "eventId": "d1movement2",
                    "delay": 2500
                },
                {
                    "eventId": "d1movement3",
                    "delay": 2500
                },
                {
                    "eventId": "d1article2",
                    "delay": 2150
                },
                {
                    "eventId": "d1movement4",
                    "delay": 2500
                },
                {
                    "eventId": "d1movement5",
                    "delay": 2500
                },
                {
                    "eventId": "d1movement6",
                    "delay": 2500
                }
            ]
        },
        {
            "number": 2,
            "articles": [
                {
                    "eventId": "d2article1",
                    "title": "Mixed Reviews for Zapple's Health Tech Prototypes",
                    "content": "Early reviews for Zapple's (ZAPL) innovative health tech device prototypes are starting to come in. While some experts laud the device's potential, others express concerns about its practicality and user experience. Overall, the sentiment remains positive, and investors are cautiously optimistic.",
                    "stocks": [
                        "ZAPL"
                    ],
                    "author": "Polly Profit",
                    "website": "Bull and Bear Circus"
                },
                {
                    "eventId": "d2article2",
                    "title": "Mass Production of Zapple's Health Tech Delayed",
                    "content": "In a disappointing turn of events, Zapple (ZAPL) has announced delays in the mass production of their new health tech device, citing technical challenges that need to be addressed before a full-scale rollout. This news has created some uncertainty among investors, worrying that these issues might be more significant than initially thought.",
                    "stocks": [
                        "ZAPL"
                    ],
                    "author": "Greta Gamble",
                    "website": "Bull and Bear Circus"
                }
            ],
            "stockMovements": [
                {
                    "eventId": "d2movement1",
                    "stock": "ZAPL",
                    "change": 0.5,
                    "percent": true
                },
                {
                    "eventId": "d2movement2",
                    "stock": "ZAPL",
                    "change": 0.5,
                    "percent": true
                },
                {
                    "eventId": "d2movement3",
                    "stock": "ZAPL",
                    "change": 1.0,
                    "percent": true
                },
                {
                    "eventId": "d2movement4",
                    "stock": "ZAPL",
                    "change": -1.0,
                    "percent": true
                },
                {
                    "eventId": "d2movement5",
                    "stock": "ZAPL",
                    "change": -0.5,
                    "percent": true
                },
                {
                    "eventId": "d2movement6",
                    "stock": "ZAPL",
                    "change": -0.5,
                    "percent": true
                }
            ],
            "earningsReport": [],
            "eventSequence": [
                {
                    "eventId": "d2article1",
                    "delay": 4800
                },
                {
                    "eventId": "d2movement1",
                    "delay": 1900
                },
                {
                    "eventId": "d2movement2",
                    "delay": 1800
                },
                {
                    "eventId": "d2movement3",
                    "delay": 2100
                },
                {
                    "eventId": "d2article2",
                    "delay": 2200
                },
                {
                    "eventId": "d2movement4",
                    "delay": 1800
                },
                {
                    "eventId": "d2movement5",
                    "delay": 1800
                },
                {
                    "eventId": "d2movement6",
                    "delay": 2200
                }
            ]
        },
        {
            "number": 3,
            "articles": [
                {
                    "eventId": "d3article1",
                    "title": "Analysts Question Feasibility of Zapple's New Device",
                    "content": "As more details emerge about the technical challenges of Zapple's (ZAPL) new health tech device, analysts are beginning to question the feasibility and practicality of the company's ambitious claims. Concerns are mounting that Zapple may have overpromised on the device's capabilities, leading to a drop in investor confidence.",
                    "stocks": [
                        "ZAPL"
                    ],
                    "author": "Timmy Tumble",
                    "website": "Bull and Bear Circus"
                },
                {
                    "eventId": "d3article2",
                    "title": "Tech Blogs Criticize Zapple's Health Tech Device",
                    "content": "Major tech blogs have published critical reviews of Zapple's (ZAPL) new health tech device, citing numerous flaws and exaggerated claims. User confidence in Zapple's ability to deliver a functional and revolutionary product is rapidly declining. The stock price has started to reflect these concerns.",
                    "stocks": [
                        "ZAPL"
                    ],
                    "author": "Toby Techie",
                    "website": "Byte Banter"
                },
                {
                    "eventId": "d3article3",
                    "title": "Zapple Stock Plummets Amid Growing Skepticism",
                    "content": "Zapple's (ZAPL) stock has plummeted as reality sets in regarding the company's new health tech device. The initial excitement has given way to skepticism and doubt, as investors worry about the technical challenges and feasibility of Zapple's ambitious project. The stock's decline reflects the growing concern among stakeholders.",
                    "stocks": [
                        "ZAPL"
                    ],
                    "author": "Gina Gadget",
                    "website": "Tech Tattler"
                }
            ],
            "stockMovements": [
                {
                    "eventId": "d3movement1",
                    "stock": "ZAPL",
                    "change": -1.0,
                    "percent": true
                },
                {
                    "eventId": "d3movement2",
                    "stock": "ZAPL",
                    "change": -1.0,
                    "percent": true
                },
                {
                    "eventId": "d3movement3",
                    "stock": "ZAPL",
                    "change": -1.5,
                    "percent": true
                },
                {
                    "eventId": "d3movement4",
                    "stock": "ZAPL",
                    "change": -2.0,
                    "percent": true
                },
                {
                    "eventId": "d3movement5",
                    "stock": "ZAPL",
                    "change": -1.5,
                    "percent": true
                },
                {
                    "eventId": "d3movement6",
                    "stock": "ZAPL",
                    "change": -2.0,
                    "percent": true
                },
                {
                    "eventId": "d3movement7",
                    "stock": "ZAPL",
                    "change": -2.5,
                    "percent": true
                },
                {
                    "eventId": "d3movement8",
                    "stock": "ZAPL",
                    "change": -2.0,
                    "percent": true
                },
                {
                    "eventId": "d3movement9",
                    "stock": "ZAPL",
                    "change": -2.0,
                    "percent": true
                }
            ],
            "earningsReport": [],
            "eventSequence": [
                {
                    "eventId": "d3article1",
                    "delay": 3600
                },
                {
                    "eventId": "d3movement1",
                    "delay": 300
                },
                {
                    "eventId": "d3movement2",
                    "delay": 300
                },
                {
                    "eventId": "d3movement3",
                    "delay": 300
                },
                {
                    "eventId": "d3article2",
                    "delay": 3600
                },
                {
                    "eventId": "d3movement4",
                    "delay": 300
                },
                {
                    "eventId": "d3movement5",
                    "delay": 300
                },
                {
                    "eventId": "d3movement6",
                    "delay": 300
                },
                {
                    "eventId": "d3article3",
                    "delay": 3600
                },
                {
                    "eventId": "d3movement7",
                    "delay": 300
                },
                {
                    "eventId": "d3movement8",
                    "delay": 300
                },
                {
                    "eventId": "d3movement9",
                    "delay": 300
                }
            ]
        }
    ],
    "categories": [
        "product_launch",
        "hardware",
        "stock_decline"
    ],
    "timeFrame": 3
}