{
    "id": "molkmogen_acquires_autonomous_driving_startup",
    "title": "Molkmogen Acquires Autonomous Driving Startup",
    "canRepeat": false,
    "description": "Molkmogen announces its acquisition of an autonomous driving startup, gaining significant positive feedback from investors and analysts.",
    "days": [
        {
            "number": 1,
            "articles": [
                {
                    "eventId": "d1article1",
                    "title": "Rumors Suggest Molkmogen Acquisition of Autonomous Driving Startup",
                    "content": "Rumors are circulating that Molkmogen (MLKG) may be acquiring an emerging autonomous driving startup. This acquisition would mark a significant step towards their goal of pioneering innovative mobility solutions.",
                    "stocks": [
                        "MLKG"
                    ],
                    "author": "Warren Buffoon",
                    "website": "Cash Clown"
                },
                {
                    "eventId": "d1article2",
                    "title": "Molkmogen Confirms Autonomous Driving Startup Acquisition",
                    "content": "Molkmogen (MLKG) has confirmed that it will acquire an autonomous driving startup. This acquisition is expected to pave the way for advancements in their sustainable and innovative mobility solutions. Investors are enthusiastic about the potential for growth and new technological developments.",
                    "stocks": [
                        "MLKG"
                    ],
                    "author": "Trendy Tina",
                    "website": "Trend Tribune"
                }
            ],
            "stockMovements": [
                {
                    "eventId": "d1movement1",
                    "stock": "MLKG",
                    "change": 0.67,
                    "percent": true,
                    "delay": 60
                },
                {
                    "eventId": "d1movement2",
                    "stock": "MLKG",
                    "change": 0.67,
                    "percent": true,
                    "delay": 120
                },
                {
                    "eventId": "d1movement3",
                    "stock": "MLKG",
                    "change": 0.66,
                    "percent": true,
                    "delay": 120
                },
                {
                    "eventId": "d1movement4",
                    "stock": "MLKG",
                    "change": 0.84,
                    "percent": true,
                    "delay": 60
                },
                {
                    "eventId": "d1movement5",
                    "stock": "MLKG",
                    "change": 0.83,
                    "percent": true,
                    "delay": 120
                },
                {
                    "eventId": "d1movement6",
                    "stock": "MLKG",
                    "change": 0.83,
                    "percent": true,
                    "delay": 120
                }
            ],
            "earningsReport": [],
            "eventSequence": [
                {
                    "eventId": "d1article1",
                    "delay": 0
                },
                {
                    "eventId": "d1movement1",
                    "delay": 0
                },
                {
                    "eventId": "d1movement2",
                    "delay": 60
                },
                {
                    "eventId": "d1movement3",
                    "delay": 120
                },
                {
                    "eventId": "d1movement4",
                    "delay": 120
                },
                {
                    "eventId": "d1movement5",
                    "delay": 60
                },
                {
                    "eventId": "d1movement6",
                    "delay": 120
                },
                {
                    "eventId": "d1article2",
                    "delay": 6600
                }
            ]
        },
        {
            "number": 2,
            "articles": [
                {
                    "eventId": "d2article1",
                    "title": "Analysts Praise Molkmogen's Strategic Move",
                    "content": "Analysts have praised Molkmogen (MLKG) for its strategic acquisition of an autonomous driving startup. They believe this move will significantly propel the company's growth and position in the market. The anticipation for forthcoming advancements has investors excited.",
                    "stocks": [
                        "MLKG"
                    ],
                    "author": "Greta Gamble",
                    "website": "Bull and Bear Circus"
                },
                {
                    "eventId": "d2article2",
                    "title": "Early Details of Collaboration Boost Investor Confidence",
                    "content": "Details of early collaboration between Molkmogen (MLKG) and its newly acquired autonomous driving startup have been released. Exciting plans have been unveiled, boosting investor confidence and solidifying the company's innovative vision for the future.",
                    "stocks": [
                        "MLKG"
                    ],
                    "author": "Trendy Tina",
                    "website": "Trend Tribune"
                }
            ],
            "stockMovements": [
                {
                    "eventId": "d2movement1",
                    "stock": "MLKG",
                    "change": 1.0,
                    "percent": true,
                    "delay": 60
                },
                {
                    "eventId": "d2movement2",
                    "stock": "MLKG",
                    "change": 1.0,
                    "percent": true,
                    "delay": 120
                },
                {
                    "eventId": "d2movement3",
                    "stock": "MLKG",
                    "change": 1.0,
                    "percent": true,
                    "delay": 120
                },
                {
                    "eventId": "d2movement4",
                    "stock": "MLKG",
                    "change": 0.83,
                    "percent": true,
                    "delay": 60
                },
                {
                    "eventId": "d2movement5",
                    "stock": "MLKG",
                    "change": 0.83,
                    "percent": true,
                    "delay": 120
                },
                {
                    "eventId": "d2movement6",
                    "stock": "MLKG",
                    "change": 0.84,
                    "percent": true,
                    "delay": 120
                }
            ],
            "earningsReport": [],
            "eventSequence": [
                {
                    "eventId": "d2article1",
                    "delay": 3600
                },
                {
                    "eventId": "d2movement1",
                    "delay": 300
                },
                {
                    "eventId": "d2movement2",
                    "delay": 300
                },
                {
                    "eventId": "d2movement3",
                    "delay": 300
                },
                {
                    "eventId": "d2movement4",
                    "delay": 300
                },
                {
                    "eventId": "d2movement5",
                    "delay": 300
                },
                {
                    "eventId": "d2movement6",
                    "delay": 300
                },
                {
                    "eventId": "d2article2",
                    "delay": 3600
                }
            ]
        }
    ],
    "categories": [
        "acquisitions",
        "technology"
    ],
    "timeFrame": 2
}