{
    "id": "molkmogen_faces_backlash_over_diesel_scandal",
    "title": "Molkmogen Faces Backlash Over Diesel Scandal",
    "canRepeat": false,
    "description": "Molkmogen faces backlash as new evidence emerges in the diesel emissions scandal. The company's response fails to alleviate skepticism, leading to criticism from major news outlets.",
    "days": [
        {
            "number": 1,
            "articles": [
                {
                    "eventId": "d1article1",
                    "title": "New Evidence in Molkmogen Diesel Scandal",
                    "content": "New evidence has emerged in the diesel emissions scandal involving Molkmogen (MLKG). The company is accused of using illegal software to cheat emission tests, which has led to widespread public outrage and significant regulatory scrutiny.",
                    "stocks": [
                        "MLKG"
                    ],
                    "author": "Wacky Walter",
                    "website": "IndustryInsanity.com"
                },
                {
                    "eventId": "d1article2",
                    "title": "Molkmogen Responds to Diesel Emissions Allegations",
                    "content": "Molkmogen (MLKG) has issued a statement in response to the diesel emissions scandal. While the company denies any wrongdoing, critics argue that the response is insufficient and fails to address the core issues. Public skepticism remains high.",
                    "stocks": [
                        "MLKG"
                    ],
                    "author": "Freddy Fortune",
                    "website": "MoolahMisfits.com"
                }
            ],
            "stockMovements": [
                {
                    "eventId": "d1movement1",
                    "stock": "MLKG",
                    "change": -1.0,
                    "percent": true,
                    "delay": 90
                },
                {
                    "eventId": "d1movement2",
                    "stock": "MLKG",
                    "change": -0.8,
                    "percent": true,
                    "delay": 90
                },
                {
                    "eventId": "d1movement3",
                    "stock": "MLKG",
                    "change": -0.7,
                    "percent": true,
                    "delay": 180
                },
                {
                    "eventId": "d1movement4",
                    "stock": "MLKG",
                    "change": -0.6,
                    "percent": true,
                    "delay": 60
                },
                {
                    "eventId": "d1movement5",
                    "stock": "MLKG",
                    "change": -0.5,
                    "percent": true,
                    "delay": 60
                },
                {
                    "eventId": "d1movement6",
                    "stock": "MLKG",
                    "change": -0.4,
                    "percent": true,
                    "delay": 120
                }
            ],
            "earningsReport": [],
            "eventSequence": [
                {
                    "eventId": "d1article1",
                    "delay": 0
                },
                {
                    "eventId": "d1movement1",
                    "delay": 0
                },
                {
                    "eventId": "d1movement2",
                    "delay": 90
                },
                {
                    "eventId": "d1movement3",
                    "delay": 90
                },
                {
                    "eventId": "d1article2",
                    "delay": 360
                },
                {
                    "eventId": "d1movement4",
                    "delay": 3600
                },
                {
                    "eventId": "d1movement5",
                    "delay": 60
                },
                {
                    "eventId": "d1movement6",
                    "delay": 60
                }
            ]
        },
        {
            "number": 2,
            "articles": [
                {
                    "eventId": "d2article1",
                    "title": "Major News Outlets Criticize Molkmogen's Handling of Scandal",
                    "content": "Major news outlets are heavily criticizing Molkmogen (MLKG) for its handling of the diesel emissions scandal. Analysts believe the company's lackluster response has further damaged its reputation and could lead to significant financial repercussions.",
                    "stocks": [
                        "MLKG"
                    ],
                    "author": "Sensational Sue",
                    "website": "MarketMadness.com"
                },
                {
                    "eventId": "d2article2",
                    "title": "Molkmogen Promises Enhanced Emission Standards",
                    "content": "In light of the ongoing criticism, Molkmogen (MLKG) has promised to enhance its emission standards and adopt more transparent practices. While this is a step in the right direction, the damage to the company\u2019s reputation and stock value has already been done.",
                    "stocks": [
                        "MLKG"
                    ],
                    "author": "Warren Buffoon",
                    "website": "CashClown.com"
                }
            ],
            "stockMovements": [
                {
                    "eventId": "d2movement1",
                    "stock": "MLKG",
                    "change": -1.0,
                    "percent": true,
                    "delay": 150
                },
                {
                    "eventId": "d2movement2",
                    "stock": "MLKG",
                    "change": -0.8,
                    "percent": true,
                    "delay": 150
                },
                {
                    "eventId": "d2movement3",
                    "stock": "MLKG",
                    "change": -0.7,
                    "percent": true,
                    "delay": 150
                },
                {
                    "eventId": "d2movement4",
                    "stock": "MLKG",
                    "change": -0.5,
                    "percent": true,
                    "delay": 150
                },
                {
                    "eventId": "d2movement5",
                    "stock": "MLKG",
                    "change": -1.0,
                    "percent": true,
                    "delay": 120
                },
                {
                    "eventId": "d2movement6",
                    "stock": "MLKG",
                    "change": -0.8,
                    "percent": true,
                    "delay": 120
                },
                {
                    "eventId": "d2movement7",
                    "stock": "MLKG",
                    "change": -0.7,
                    "percent": true,
                    "delay": 120
                }
            ],
            "earningsReport": [],
            "eventSequence": [
                {
                    "eventId": "d2article1",
                    "delay": 0
                },
                {
                    "eventId": "d2movement1",
                    "delay": 0
                },
                {
                    "eventId": "d2movement2",
                    "delay": 150
                },
                {
                    "eventId": "d2movement3",
                    "delay": 150
                },
                {
                    "eventId": "d2movement4",
                    "delay": 150
                },
                {
                    "eventId": "d2article2",
                    "delay": 600
                },
                {
                    "eventId": "d2movement5",
                    "delay": 14400
                },
                {
                    "eventId": "d2movement6",
                    "delay": 120
                },
                {
                    "eventId": "d2movement7",
                    "delay": 120
                }
            ]
        }
    ],
    "categories": [
        "scandal",
        "automotive"
    ],
    "timeFrame": 2
}