{
    "id": "toyoda_introduces_subscription_service",
    "title": "Toyoda Introduces Subscription Service for Car Features",
    "canRepeat": false,
    "description": "Rumors, confirmations, skepticism, and reassurances about Toyoda's new subscription service make waves on the stock market.",
    "days": [
        {
            "number": 1,
            "articles": [
                {
                    "eventId": "d1article1",
                    "title": "Rumors Spread of Toyoda's Subscription Service",
                    "content": "According to inside sources, Toyoda (TYDA) is planning to introduce a subscription service for various car features. The potential for flexible feature packages has generated a buzz among industry analysts and investors alike. The anticipation has caused a notable uptick in Toyoda's stock value.",
                    "stocks": [
                        "TYDA"
                    ],
                    "author": "Polly Profit",
                    "website": "Bull and Bear Circus"
                },
                {
                    "eventId": "d1article2",
                    "title": "Toyoda Confirms Subscription Service, Promises 'Flexibility and Convenience'",
                    "content": "Toyoda (TYDA) has officially confirmed rumors of a new subscription service for car features. The service will allow customers to customize their driving experience by subscribing to various features such as advanced safety systems, in-car entertainment, and more. Toyoda's CEO described it as 'a revolutionary approach to vehicle customization,' promising flexibility and convenience for customers. This announcement has further bolstered investor confidence, driving the stock price higher.",
                    "stocks": [
                        "TYDA"
                    ],
                    "author": "Trendy Tina",
                    "website": "Trend Tribune"
                },
                {
                    "eventId": "d1article3",
                    "title": "Skepticism Arises Over Toyoda's Subscription Service",
                    "content": "Despite the initial excitement, skepticism is growing around Toyoda's (TYDA) new subscription service for car features. Critics argue that customers may not be willing to pay for features that were previously included in the purchase price. Some industry experts are questioning the long-term viability of this business model, leading to a slight dip in Toyoda's stock price.",
                    "stocks": [
                        "TYDA"
                    ],
                    "author": "Carl Calamity",
                    "website": "Moolah Misfits"
                },
                {
                    "eventId": "d1article4",
                    "title": "Toyoda Reassures Investors with Positive Subscription Data",
                    "content": "Toyoda (TYDA) has released initial subscription data showing strong uptake for its new service, aiming to dispel doubts and reassure investors. Early adopters are reportedly satisfied with the flexibility and added value of subscription options. As a result, Toyoda's stock has recovered, reflecting renewed investor confidence.",
                    "stocks": [
                        "TYDA"
                    ],
                    "author": "Epic Eric",
                    "website": "Console Carnival"
                }
            ],
            "stockMovements": [
                {
                    "eventId": "d1movement1",
                    "stock": "TYDA",
                    "change": 0.5,
                    "percent": true,
                    "delay": 0
                },
                {
                    "eventId": "d1movement2",
                    "stock": "TYDA",
                    "change": 0.5,
                    "percent": true,
                    "delay": 100
                },
                {
                    "eventId": "d1movement3",
                    "stock": "TYDA",
                    "change": 0.5,
                    "percent": true,
                    "delay": 150
                },
                {
                    "eventId": "d1movement4",
                    "stock": "TYDA",
                    "change": 0.5,
                    "percent": true,
                    "delay": 200
                },
                {
                    "eventId": "d1movement5",
                    "stock": "TYDA",
                    "change": 0.5,
                    "percent": true,
                    "delay": 250
                },
                {
                    "eventId": "d1movement6",
                    "stock": "TYDA",
                    "change": 0.7,
                    "percent": true,
                    "delay": 0
                },
                {
                    "eventId": "d1movement7",
                    "stock": "TYDA",
                    "change": 0.7,
                    "percent": true,
                    "delay": 180
                },
                {
                    "eventId": "d1movement8",
                    "stock": "TYDA",
                    "change": 0.7,
                    "percent": true,
                    "delay": 160
                },
                {
                    "eventId": "d1movement9",
                    "stock": "TYDA",
                    "change": 0.7,
                    "percent": true,
                    "delay": 220
                },
                {
                    "eventId": "d1movement10",
                    "stock": "TYDA",
                    "change": 0.7,
                    "percent": true,
                    "delay": 240
                },
                {
                    "eventId": "d1movement11",
                    "stock": "TYDA",
                    "change": -0.5,
                    "percent": true,
                    "delay": 0
                },
                {
                    "eventId": "d1movement12",
                    "stock": "TYDA",
                    "change": -0.5,
                    "percent": true,
                    "delay": 100
                },
                {
                    "eventId": "d1movement13",
                    "stock": "TYDA",
                    "change": -0.5,
                    "percent": true,
                    "delay": 150
                },
                {
                    "eventId": "d1movement14",
                    "stock": "TYDA",
                    "change": -0.5,
                    "percent": true,
                    "delay": 200
                },
                {
                    "eventId": "d1movement15",
                    "stock": "TYDA",
                    "change": 0.5,
                    "percent": true,
                    "delay": 0
                },
                {
                    "eventId": "d1movement16",
                    "stock": "TYDA",
                    "change": 0.5,
                    "percent": true,
                    "delay": 120
                },
                {
                    "eventId": "d1movement17",
                    "stock": "TYDA",
                    "change": 0.5,
                    "percent": true,
                    "delay": 180
                },
                {
                    "eventId": "d1movement18",
                    "stock": "TYDA",
                    "change": 0.5,
                    "percent": true,
                    "delay": 140
                }
            ],
            "earningsReport": [],
            "eventSequence": [
                {
                    "eventId": "d1article1",
                    "delay": 3600
                },
                {
                    "eventId": "d1movement1",
                    "delay": 300
                },
                {
                    "eventId": "d1movement2",
                    "delay": 300
                },
                {
                    "eventId": "d1movement3",
                    "delay": 300
                },
                {
                    "eventId": "d1movement4",
                    "delay": 300
                },
                {
                    "eventId": "d1movement5",
                    "delay": 300
                },
                {
                    "eventId": "d1article2",
                    "delay": 3600
                },
                {
                    "eventId": "d1movement6",
                    "delay": 300
                },
                {
                    "eventId": "d1movement7",
                    "delay": 300
                },
                {
                    "eventId": "d1movement8",
                    "delay": 300
                },
                {
                    "eventId": "d1movement9",
                    "delay": 300
                },
                {
                    "eventId": "d1movement10",
                    "delay": 300
                },
                {
                    "eventId": "d1article3",
                    "delay": 3600
                },
                {
                    "eventId": "d1movement11",
                    "delay": 300
                },
                {
                    "eventId": "d1movement12",
                    "delay": 300
                },
                {
                    "eventId": "d1movement13",
                    "delay": 300
                },
                {
                    "eventId": "d1movement14",
                    "delay": 300
                },
                {
                    "eventId": "d1article4",
                    "delay": 3600
                },
                {
                    "eventId": "d1movement15",
                    "delay": 300
                },
                {
                    "eventId": "d1movement16",
                    "delay": 300
                },
                {
                    "eventId": "d1movement17",
                    "delay": 300
                },
                {
                    "eventId": "d1movement18",
                    "delay": 300
                }
            ]
        }
    ],
    "categories": [
        "automotive",
        "innovation"
    ],
    "timeFrame": 1
}