{
    "id": "facepage_acquires_popular_startup",
    "title": "Facepage Acquires Popular Startup",
    "canRepeat": false,
    "description": "Facepage acquires a popular tech startup, leading to a significant boost in stock prices over two days.",
    "days": [
      {
        "number": 1,
        "articles": [
          {
            "eventId": "d1article1",
            "title": "Rumor Mill: Facepage Eyes Acquisition of Tech Startup",
            "content": "Whispers in the tech world suggest that social media giant Facepage (FCPG) is considering a major acquisition. Sources close to the matter hint that the target is a promising tech startup that has been making waves with its innovative products and rapid growth.\n\nWhile the identity of the startup remains under wraps, speculation is rife that the acquisition could give Facepage a significant edge in the competitive tech landscape. The rumored move has already sparked excitement among investors, with Facepage's stock price climbing 2% in anticipation of a potential announcement.",
            "stocks": ["FCPG"],
            "author": "Trendy Tina",
            "website": "Trend Tribune"
          },
          {
            "eventId": "d1article2",
            "title": "It's Official: Facepage Acquires Rising Tech Star",
            "content": "Facepage (FCPG) has officially confirmed its acquisition of the hotly-tipped tech startup, putting an end to weeks of speculation. The social media behemoth announced that it had reached an agreement to purchase the startup for an undisclosed sum, with the deal expected to close in the coming weeks.\n\nIn a statement, Facepage CEO Markus Zuckerborg expressed his excitement about the acquisition, stating, 'This startup has been on our radar for some time now, and we're thrilled to welcome them into the Facepage family. Their innovative products and talented team will be invaluable as we continue to grow and evolve our platform.'\n\nNews of the acquisition has sent Facepage's stock soaring, with shares climbing an additional 2.5% following the announcement. Many analysts believe that the move will give Facepage a significant advantage in the tech arms race, allowing it to integrate cutting-edge features and technologies into its already popular platform.",
            "stocks": ["FCPG"],
            "author": "Chic Charlie",
            "website": "Trend Tribune"
          }
        ],
        "stockMovements": [
          {
            "eventId": "d1movement1",
            "stock": "FCPG",
            "change": 2.0,
            "percent": true
          },
          {
            "eventId": "d1movement2",
            "stock": "FCPG",
            "change": 2.5,
            "percent": true
          }
        ],
        "earningsReport": [],
        "eventSequence": [
          {
            "eventId": "d1article1",
            "delay": 0
          },
          {
            "eventId": "d1movement1",
            "delay": 120
          },
          {
            "eventId": "d1article2",
            "delay": 7080
          },
          {
            "eventId": "d1movement2",
            "delay": 180
          }
        ]
      },
      {
        "number": 2,
        "articles": [
          {
            "eventId": "d2article1",
            "title": "Analysts Praise Facepage's Strategic Acquisition",
            "content": "In the wake of Facepage's (FCPG) acquisition of the rising tech startup, industry analysts are hailing the move as a masterstroke. Many believe that the acquisition will give Facepage a significant competitive advantage, allowing it to integrate novel features and technologies into its platform.\n\n'This acquisition is a game-changer for Facepage,' remarked tech analyst Sarah Thompson. 'By bringing this innovative startup into the fold, Facepage is positioning itself for strong growth in the coming years. We expect to see a significant uptick in user engagement and revenue as a result of this strategic move.'\n\nInvestors seem to share this sentiment, with Facepage's stock continuing its upward trajectory. Shares have climbed an additional 3% in early trading, reflecting the market's confidence in the company's future prospects.",
            "stocks": ["FCPG"],
            "author": "Pop Culture Paula",
            "website": "Trend Tribune"
          },
          {
            "eventId": "d2article2",
            "title": "Tech Experts Highlight Potential Market Expansion for Facepage",
            "content": "As the dust settles on Facepage's (FCPG) blockbuster acquisition, tech experts are beginning to unpack the potential implications for the company's market reach. Many believe that the acquired startup's unique offerings could help Facepage tap into new demographics and expand its user base.\n\n'This startup has a proven track record of appealing to younger, tech-savvy users,' noted industry insider Alex Patel. 'By integrating their features and expertise into the Facepage ecosystem, the company could see a significant surge in user growth, particularly among Millennials and Gen Z.'\n\nThis potential for market expansion has further buoyed investor confidence, with Facepage's stock rising another 2.5% in afternoon trading. As the company begins to integrate its new acquisition, all eyes will be on how it leverages this opportunity to drive growth and maintain its position at the forefront of the social media landscape.",
            "stocks": ["FCPG"],
            "author": "Trendy Tina",
            "website": "Trend Tribune"
          }
        ],
        "stockMovements": [
          {
            "eventId": "d2movement1",
            "stock": "FCPG",
            "change": 3.0,
            "percent": true
          },
          {
            "eventId": "d2movement2",
            "stock": "FCPG",
            "change": 2.5,
            "percent": true
          }
        ],
        "earningsReport": [],
        "eventSequence": [
          {
            "eventId": "d2article1",
            "delay": 0
          },
          {
            "eventId": "d2movement1",
            "delay": 120
          },
          {
            "eventId": "d2article2",
            "delay": 14280
          },
          {
            "eventId": "d2movement2",
            "delay": 180
          }
        ]
      }
    ],
    "categories": ["acquisition", "tech"],
    "timeFrame": 2
  }