{
    "id": "facepage_launches_new_privacy_features",
    "title": "Facepage Launches New Privacy Features",
    "canRepeat": false,
    "description": "Facepage launches new privacy features to protect user data, leading to a boost in stock prices.",
    "days": [
        {
            "number": 1,
            "articles": [
                {
                    "eventId": "d1article1",
                    "title": "Rumored Facepage Privacy Enhancements on the Horizon",
                    "content": "Rumor has it that Facepage (FCPG) is gearing up to launch a suite of new privacy features aimed at protecting user data. If true, this could be a significant step forward for the social media giant, which has faced criticism in the past over its handling of user information.\n\nWhile details are scarce, sources suggest that the new features will give users greater control over their data and how it is shared with third parties. This move could help restore user trust and position Facepage as a leader in privacy protection.\n\nInvestors seem to be reacting positively to the rumors, with Facepage's stock price experiencing a modest 2% uptick in early trading. As more information becomes available, it will be interesting to see how the market responds and whether these rumored privacy enhancements live up to expectations.",
                    "stocks": [
                        "FCPG"
                    ],
                    "author": "Trendy Tina",
                    "website": "Trend Tribune"
                },
                {
                    "eventId": "d1article2",
                    "title": "Facepage Confirms Launch of Enhanced Privacy Controls",
                    "content": "In a highly anticipated announcement, Facepage (FCPG) has officially confirmed the launch of its new privacy features. The social media platform is rolling out a comprehensive set of tools designed to give users unprecedented control over their personal data.\n\nThe new features include granular privacy settings, allowing users to choose precisely which information is shared with third parties. Additionally, Facepage is introducing a new data transparency dashboard, providing users with a clear overview of how their data is being used.\n\nDuring the announcement, Facepage CEO Markus Zuckerborg emphasized the company's commitment to user privacy, stating, 'We believe that our users should have complete control over their personal information. These new features represent a significant step forward in our ongoing efforts to protect user data.'\n\nInvestors have responded positively to the news, with Facepage's stock price surging an additional 3% following the official confirmation. Many analysts predict that these privacy enhancements will not only bolster user trust but also give Facepage a competitive edge in the market.",
                    "stocks": [
                        "FCPG"
                    ],
                    "author": "Chic Charlie",
                    "website": "Trend Tribune"
                },
                {
                    "eventId": "d1article3",
                    "title": "Facepage's Privacy Move Garners Praise from Users and Analysts",
                    "content": "Just hours after Facepage (FCPG) launched its much-anticipated privacy features, the social media giant is already receiving widespread praise from users and industry analysts alike.\n\nEarly user feedback suggests that the new privacy controls are intuitive and easy to use, giving individuals a sense of empowerment over their personal data. Many users have taken to social media to express their satisfaction with the enhanced transparency and control.\n\nMeanwhile, tech analysts are hailing the move as a significant step forward for the industry as a whole. 'Facepage is setting a new standard for user privacy,' remarked Samantha Evans, a prominent tech blogger. 'This is a wake-up call for other social media platforms to follow suit and prioritize user data protection.'\n\nThe positive sentiment is reflected in Facepage's stock performance, with shares climbing an additional 2.5% in the wake of the glowing user and analyst reactions. As the company continues to prioritize user privacy, it appears well-positioned to maintain its leadership in the social media landscape.",
                    "stocks": [
                        "FCPG"
                    ],
                    "author": "Pop Culture Paula",
                    "website": "Trend Tribune"
                }
            ],
            "stockMovements": [
                {
                    "eventId": "d1movement1",
                    "stock": "FCPG",
                    "change": 2.0,
                    "percent": true
                },
                {
                    "eventId": "d1movement2",
                    "stock": "FCPG",
                    "change": 3.0,
                    "percent": true
                },
                {
                    "eventId": "d1movement3",
                    "stock": "FCPG",
                    "change": 2.5,
                    "percent": true
                }
            ],
            "earningsReport": [],
            "eventSequence": [
                {
                    "eventId": "d1article1",
                    "delay": 3600
                },
                {
                    "eventId": "d1movement1",
                    "delay": 300
                },
                {
                    "eventId": "d1article2",
                    "delay": 3600
                },
                {
                    "eventId": "d1movement2",
                    "delay": 300
                },
                {
                    "eventId": "d1article3",
                    "delay": 3600
                },
                {
                    "eventId": "d1movement3",
                    "delay": 300
                }
            ]
        }
    ],
    "categories": [
        "privacy",
        "social_media"
    ],
    "timeFrame": 1
}