{
    "id": "facepage_new_feature_faces_backlash",
    "title": "Facepage's New Feature Faces Backlash",
    "canRepeat": false,
    "description": "Facepage's latest feature faces user criticism and privacy concerns, leading to a significant drop in stock prices over two days.",
    "days": [
      {
        "number": 1,
        "articles": [
          {
            "eventId": "d1article1",
            "title": "Facepage's Latest Feature Sparks User Outcry",
            "content": "Facepage (FCPG) is facing a wave of user criticism following the rollout of its latest feature. The new addition, which aims to enhance user experience by analyzing personal data, has raised concerns about privacy and data security.\n\nMany users have taken to social media to express their displeasure, with some threatening to delete their accounts if Facepage doesn't address their concerns. The backlash has already had an impact on the company's stock, with prices dropping by 2.5% in early trading.\n\nAs the outcry grows, all eyes are on Facepage to see how it will respond to this latest challenge. Some experts believe that the company will need to act quickly to reassure users and prevent further damage to its reputation.",
            "stocks": ["FCPG"],
            "author": "Trendy Tina",
            "website": "Trend Tribune"
          },
          {
            "eventId": "d1article2",
            "title": "Facepage Defends New Feature Amid Privacy Concerns",
            "content": "In response to the growing user backlash, Facepage (FCPG) has issued a statement defending its latest feature. The company maintains that the new addition is designed to enhance user experience and that all data collection and analysis is done in compliance with its privacy policy.\n\n'We understand the concerns that some users have raised, and we want to assure everyone that we take privacy extremely seriously,' said Facepage spokesperson Olivia Thompson. 'The data collected by this feature is used solely to improve the user experience and is not shared with any third parties.'\n\nDespite these assurances, many users remain skeptical, and Facepage's stock has continued to slide, dropping another 1.5% following the company's statement. Some industry experts believe that Facepage will need to take more concrete steps to address user concerns and rebuild trust.",
            "stocks": ["FCPG"],
            "author": "Chic Charlie",
            "website": "Trend Tribune"
          }
        ],
        "stockMovements": [
          {
            "eventId": "d1movement1",
            "stock": "FCPG",
            "change": -2.5,
            "percent": true
          },
          {
            "eventId": "d1movement2",
            "stock": "FCPG",
            "change": -1.5,
            "percent": true
          }
        ],
        "earningsReport": [],
        "eventSequence": [
          {
            "eventId": "d1article1",
            "delay": 0
          },
          {
            "eventId": "d1movement1",
            "delay": 120
          },
          {
            "eventId": "d1article2",
            "delay": 10680
          },
          {
            "eventId": "d1movement2",
            "delay": 180
          }
        ]
      },
      {
        "number": 2,
        "articles": [
          {
            "eventId": "d2article1",
            "title": "Tech Blogs Slam Facepage's Controversial Feature",
            "content": "Facepage's (FCPG) troubles continue to mount as several prominent tech blogs publish scathing reviews of its latest feature. The articles, which highlight user privacy concerns and question the necessity of the data collection, have further fueled the backlash against the social media giant.\n\n'Facepage's new feature is a blatant violation of user trust,' wrote one blogger. 'The company needs to take a hard look at its priorities and put the needs of its users first.'\n\nThe negative press has had an immediate impact on Facepage's stock, with prices falling an additional 2% in morning trading. Some analysts predict that the company could face long-term consequences if it doesn't take swift action to address the growing crisis.",
            "stocks": ["FCPG"],
            "author": "Trendy Tina",
            "website": "Trend Tribune"
          },
          {
            "eventId": "d2article2",
            "title": "Facepage Promises Changes to Controversial Feature",
            "content": "Amid mounting pressure from users and the tech community, Facepage (FCPG) has announced that it will make changes to its controversial new feature. In a blog post, CEO Markus Zuckerborg acknowledged the concerns raised and pledged to give users more control over their data.\n\n'We've heard your feedback loud and clear, and we're committed to making things right,' Zuckerborg wrote. 'In the coming weeks, we'll be rolling out updates to give users more transparency and control over how their data is used.'\n\nWhile some have praised Facepage's response, others believe that the damage has already been done. The company's stock continued to slide, dropping another 3% by the end of trading. Many analysts believe that Facepage will need to work hard to regain user trust and rebuild its reputation in the wake of this controversy.",
            "stocks": ["FCPG"],
            "author": "Fad Fred",
            "website": "Trend Tribune"
          }
        ],
        "stockMovements": [
          {
            "eventId": "d2movement1",
            "stock": "FCPG",
            "change": -2.0,
            "percent": true
          },
          {
            "eventId": "d2movement2",
            "stock": "FCPG",
            "change": -3.0,
            "percent": true
          }
        ],
        "earningsReport": [],
        "eventSequence": [
          {
            "eventId": "d2article1",
            "delay": 0
          },
          {
            "eventId": "d2movement1",
            "delay": 120
          },
          {
            "eventId": "d2article2",
            "delay": 14280
          },
          {
            "eventId": "d2movement2",
            "delay": 180
          }
        ]
      }
    ],
    "categories": ["tech", "privacy"],
    "timeFrame": 2
  }