{
    "id": "facepage_partners_with_major_retailer_for_ar_shopping",
    "title": "Facepage Partners with Major Retailer for AR Shopping",
    "canRepeat": false,
    "description": "Facepage partners with a major retailer to introduce an augmented reality shopping feature, leading to initial stock gains followed by a dip due to logistics challenges, but ultimately recovering on the potential for long-term growth.",
    "days": [
      {
        "number": 1,
        "articles": [
          {
            "eventId": "d1article1",
            "title": "Rumor: Facepage to Launch AR Shopping with Retail Giant",
            "content": "Word on the street is that Facepage (FCPG) is gearing up to make a big splash in the world of augmented reality (AR) shopping. Sources say the social media behemoth is on the verge of announcing a major partnership with a leading retailer to introduce an immersive AR shopping experience.\n\nIf the rumors are true, the move could mark a significant new frontier for Facepage, leveraging its vast user base and AR capabilities to disrupt the e-commerce landscape. Investors seem intrigued by the prospect, with Facepage's stock climbing 2.5% on the speculation.",
            "stocks": ["FCPG"],
            "author": "Trendy Tina",
            "website": "Trend Tribune"
          },
          {
            "eventId": "d1article2",
            "title": "Game-Changer: Facepage Unveils AR Shopping Partnership",
            "content": "It's official: Facepage (FCPG) has unveiled a groundbreaking partnership with retail giant Bullseye to bring AR shopping to the masses. The collaboration, set to launch in the coming months, will allow users to virtually 'try on' clothes, test out products, and visualize items in their homes – all through Facepage's AR platform.\n\n'This is a transformative moment for both e-commerce and social media,' said Facepage CEO Markus Zuckerborg at the announcement event. 'By combining Bullseye's retail expertise with our cutting-edge AR technology, we're creating a shopping experience that's immersive, personalized, and deeply engaging.'\n\nBullseye CEO Janet Whitfield echoed the enthusiasm, calling the partnership a 'game-changer' that will 'redefine the way people shop.'\n\nInvestors have cheered the news, sending Facepage's stock soaring 3% on the prospect of tapping into the multi-trillion-dollar e-commerce market. Analysts are already predicting that the AR shopping feature could become a major new revenue stream for the company.",
            "stocks": ["FCPG"],
            "author": "Chic Charlie",
            "website": "Trend Tribune"
          }
        ],
        "stockMovements": [
          {
            "eventId": "d1movement1",
            "stock": "FCPG",
            "change": 2.5,
            "percent": true
          },
          {
            "eventId": "d1movement2",
            "stock": "FCPG",
            "change": 3.0,
            "percent": true
          }
        ],
        "earningsReport": [],
        "eventSequence": [
          {
            "eventId": "d1article1",
            "delay": 0
          },
          {
            "eventId": "d1movement1",
            "delay": 180
          },
          {
            "eventId": "d1article2",
            "delay": 10620
          },
          {
            "eventId": "d1movement2",
            "delay": 180
          }
        ]
      },
      {
        "number": 2,
        "articles": [
          {
            "eventId": "d2article1",
            "title": "Analysts: Facepage's AR Shopping Play Poised for Success",
            "content": "As the dust settles on Facepage's (FCPG) blockbuster AR shopping announcement, analysts are weighing in with bullish predictions for the initiative's success.\n\n'This is a master stroke by Facepage,' said retail tech analyst Priya Patel. 'By partnering with a major retailer like Bullseye, they're not only gaining instant credibility in the e-commerce space but also access to a vast product catalog and logistics network. That's a potent combination.'\n\nOthers point to Facepage's uniquely positioned to drive adoption of AR shopping. 'Facepage has over 3 billion users globally,' noted another analyst. 'That's an enormous potential customer base to introduce to this new way of shopping. If even a fraction of them embrace it, that's a massive win.'\n\nFacebook's stock continued to climb on the positive analyst sentiment, gaining another 2.5% in morning trading. Many on Wall Street are now seeing the AR shopping play as a potential tide-turning move for the company.",
            "stocks": ["FCPG"],
            "author": "Trendy Tina",
            "website": "Trend Tribune"
          },
          {
            "eventId": "d2article2",
            "title": "Insiders: Logistical Hurdles Plague Facepage's AR Shopping Push",
            "content": "Despite the outward excitement around Facepage's (FCPG) AR shopping initiative, insiders are painting a more complicated picture, with the project reportedly facing significant logistical and technical challenges.\n\n'Integrating with Bullseye's systems has been a nightmare,' said one Facepage employee close to the project. 'Their inventory data is a mess, and getting real-time product information to sync with our AR displays has been a constant battle.'\n\nOther insiders point to struggles on the fulfillment side, with questions about how Bullseye will handle the expected surge in orders and returns driven by the AR feature.\n\n'Bullseye is used to a certain level of online sales, but this could be like nothing they've ever seen,' warned another insider. 'If they can't scale up their fulfillment and reverse logistics, it could lead to a customer service disaster.'\n\nThe revelations have spooked some investors, with Facepage's stock retreating 2% on the news. However, others remain optimistic, seeing the challenges as temporary growing pains on the path to unlocking a major new market.",
            "stocks": ["FCPG"],
            "author": "Dramatic Dana",
            "website": "Byte Banter"
          }
        ],
        "stockMovements": [
          {
            "eventId": "d2movement1",
            "stock": "FCPG",
            "change": 2.5,
            "percent": true  
          },
          {
            "eventId": "d2movement2",
            "stock": "FCPG",
            "change": -2.0,
            "percent": true
          }
        ],
        "earningsReport": [],
        "eventSequence": [
          {
            "eventId": "d2article1",
            "delay": 0
          },
          {
            "eventId": "d2movement1",
            "delay": 180
          },
          {
            "eventId": "d2article2",
            "delay": 14220
          },
          {
            "eventId": "d2movement2",
            "delay": 180
          }
        ]
      },
      {
        "number": 3,
        "articles": [
          {
            "eventId": "d3article1",
            "title": "Facepage Tackles AR Shopping Challenges Head-On",
            "content": "Faced with reports of logistical hurdles in its AR shopping initiative, Facepage (FCPG) is moving swiftly to address the issues and reassure investors.\n\nIn a statement, the company acknowledged the challenges of integrating with Bullseye's systems and scaling fulfillment, but expressed confidence in its ability to overcome them.\n\n\"These are complex challenges, but they're not insurmountable,\" the statement read. \"We're working closely with our partners at Bullseye to streamline data integration and beef up logistics. We're confident that we'll have these issues ironed out well before launch.\"\n\nThe company also emphasized the long-term potential of the AR shopping play, calling it a \"transformative opportunity\" that will \"define the future of e-commerce.\"\n\nFacepage's proactive response seems to have stabilized its stock, which rebounded 1.5% after the statement. However, some analysts remain cautious, noting that execution risk remains high for such an ambitious project.",
            "stocks": ["FCPG"],
            "author": "Trendy Tina",
            "website": "Trend Tribune"
          },
          {
            "eventId": "d3article2",
            "title": "Analysts Debate Long-Term Impact of Facepage's AR Shopping Bet", 
            "content": "As Facepage (FCPG) works to overcome logistical snags in its AR shopping initiative, analysts are debating the long-term implications of the company's bold bet.\n\nBulls see it as a visionary move that could open up a massive new revenue stream and cement Facepage's dominance in the social commerce space.\n\n\"If they get this right, the potential is enormous,\" said one analyst. \"We're talking about transforming the way billions of people shop. That's a once-in-a-generation opportunity.\"\n\nBears, however, worry that the technical and logistical challenges could prove more daunting than anticipated, leading to cost overruns and launch delays.\n\n\"This is an incredibly complex undertaking,\" warned a skeptic. \"Facepage is wading into uncharted waters here. There's a real risk that they're underestimating the difficulties involved.\"\n\nAs the debate rages, Facepage's stock remains volatile, oscillating between gains and losses. For now, investors seem to be in a wait-and-see mode, eager for more concrete signs of progress on this audacious gambit.",
            "stocks": ["FCPG"],  
            "author": "Sensational Sue",
            "website": "Market Madness"
          }
        ],
        "stockMovements": [
          {
            "eventId": "d3movement1",
            "stock": "FCPG",
            "change": 1.5,
            "percent": true
          },
          {
            "eventId": "d3movement2",
            "stock": "FCPG",
            "change": -1.0,
            "percent": true
          },
          {
            "eventId": "d3movement3",
            "stock": "FCPG",
            "change": 0.5,
            "percent": true
          },
          {
            "eventId": "d3movement4", 
            "stock": "FCPG",
            "change": -0.5,
            "percent": true
          }
        ],
        "earningsReport": [],
        "eventSequence": [
          {
            "eventId": "d3article1",
            "delay": 0
          },
          {
            "eventId": "d3movement1",
            "delay": 180
          },
          {
            "eventId": "d3article2",
            "delay": 10620
          },
          {
            "eventId": "d3movement2", 
            "delay": 180
          },
          {
            "eventId": "d3movement3",
            "delay": 180
          },
          {
            "eventId": "d3movement4",
            "delay": 180
          }
        ]
      }
    ],
    "categories": ["tech", "e-commerce", "augmented_reality"],
    "timeFrame": 3
  }