{
    "id": "thisney_expands_thisney_plus",
    "title": "Thisney Expands Thisney+ with New Original Content",
    "canRepeat": false,
    "description": "Thisney is expanding its streaming service, Thisney+, with new original content from Pixar and Warvel, sparking positive reactions from analysts and users.",
    "days": [
        {
            "number": 1,
            "articles": [
                {
                    "eventId": "d1article1",
                    "title": "Thisney+ Rumored to Expand with Pixar and Warvel Content",
                    "content": "Rumors have surfaced that Thisney (TSNY) is planning to expand its streaming service Thisney+ with new and exciting original content from its well-loved Pixar and Warvel studios. Investors are abuzz with the possibility of fresh shows and movies coming to the platform.",
                    "stocks": [
                        "TSNY"
                    ],
                    "author": "Freddy Fortune",
                    "website": "MoolahMisfits.com"
                },
                {
                    "eventId": "d1article2",
                    "title": "Thisney Confirms Expansion of Thisney+",
                    "content": "Two hours after rumors began swirling, Thisney (TSNY) officially confirmed the expansion of Thisney+ with new original content. The company revealed an exciting lineup of new shows and movies, delighting fans and investors alike.",
                    "stocks": [
                        "TSNY"
                    ],
                    "author": "Wacky Walter",
                    "website": "IndustryInsanity.com",
                    "delay": 6780
                }
            ],
            "stockMovements": [
                {
                    "eventId": "d1movement1a",
                    "stock": "TSNY",
                    "change": 0.5,
                    "percent": true
                },
                {
                    "eventId": "d1movement1b",
                    "stock": "TSNY",
                    "change": 0.5,
                    "percent": true,
                    "delay": 120
                },
                {
                    "eventId": "d1movement1c",
                    "stock": "TSNY",
                    "change": 0.5,
                    "percent": true,
                    "delay": 120
                },
                {
                    "eventId": "d1movement2a",
                    "stock": "TSNY",
                    "change": 0.7,
                    "percent": true,
                    "delay": 420
                },
                {
                    "eventId": "d1movement2b",
                    "stock": "TSNY",
                    "change": 0.7,
                    "percent": true,
                    "delay": 600
                },
                {
                    "eventId": "d1movement2c",
                    "stock": "TSNY",
                    "change": 0.6,
                    "percent": true,
                    "delay": 600
                }
            ],
            "earningsReport": [],
            "eventSequence": [
                {
                    "eventId": "d1article1",
                    "delay": 0
                },
                {
                    "eventId": "d1movement1a",
                    "delay": 0
                },
                {
                    "eventId": "d1movement1b",
                    "delay": 120
                },
                {
                    "eventId": "d1movement1c",
                    "delay": 120
                },
                {
                    "eventId": "d1article2",
                    "delay": 6780
                },
                {
                    "eventId": "d1movement2a",
                    "delay": 420
                },
                {
                    "eventId": "d1movement2b",
                    "delay": 600
                },
                {
                    "eventId": "d1movement2c",
                    "delay": 600
                }
            ]
        },
        {
            "number": 2,
            "articles": [
                {
                    "eventId": "d2article1",
                    "title": "Analysts Praise Thisney+'s New Content Expansion",
                    "content": "Leading analysts have praised Thisney (TSNY) for expanding Thisney+ with new original content. They predict a significant growth in subscriber numbers as fans eagerly await the fresh lineup from Pixar and Warvel, solidifying Thisney's position in the streaming market.",
                    "stocks": [
                        "TSNY"
                    ],
                    "author": "Polly Profit",
                    "website": "BullAndBearCircus.com"
                },
                {
                    "eventId": "d2article2",
                    "title": "Positive User Feedback Boosts Confidence in Thisney+ Expansion",
                    "content": "User feedback on Thisney+'s newly added original content has been overwhelmingly positive. Early viewers have lauded the quality and creativity of shows and movies, boosting investor confidence and pushing Thisney (TSNY) stock even higher.",
                    "stocks": [
                        "TSNY"
                    ],
                    "author": "Diana Data",
                    "website": "SiliconCircus.com"
                }
            ],
            "stockMovements": [
                {
                    "eventId": "d2movement1a",
                    "stock": "TSNY",
                    "change": 1.0,
                    "percent": true,
                    "delay": 200
                },
                {
                    "eventId": "d2movement1b",
                    "stock": "TSNY",
                    "change": 0.75,
                    "percent": true,
                    "delay": 180
                },
                {
                    "eventId": "d2movement1c",
                    "stock": "TSNY",
                    "change": 0.75,
                    "percent": true,
                    "delay": 220
                },
                {
                    "eventId": "d2movement2a",
                    "stock": "TSNY",
                    "change": 0.8,
                    "percent": true,
                    "delay": 420
                },
                {
                    "eventId": "d2movement2b",
                    "stock": "TSNY",
                    "change": 0.7,
                    "percent": true,
                    "delay": 600
                },
                {
                    "eventId": "d2movement2c",
                    "stock": "TSNY",
                    "change": 0.5,
                    "percent": true,
                    "delay": 600
                }
            ],
            "earningsReport": [],
            "eventSequence": [
                {
                    "eventId": "d2article1",
                    "delay": 0
                },
                {
                    "eventId": "d2movement1a",
                    "delay": 200
                },
                {
                    "eventId": "d2movement1b",
                    "delay": 180
                },
                {
                    "eventId": "d2movement1c",
                    "delay": 220
                },
                {
                    "eventId": "d2article2",
                    "delay": 13800
                },
                {
                    "eventId": "d2movement2a",
                    "delay": 420
                },
                {
                    "eventId": "d2movement2b",
                    "delay": 600
                },
                {
                    "eventId": "d2movement2c",
                    "delay": 600
                }
            ]
        }
    ],
    "categories": [
        "streaming",
        "content_expansion"
    ],
    "timeFrame": 2
}