{
    "id": "thisney_partners_major_tech_company_vr_experiences",
    "title": "Thisney Partners with Major Tech Company for VR Experiences",
    "canRepeat": false,
    "description": "Thisney is rumored to be partnering with a major tech company to develop VR experiences. After confirmation and initial positive feedback, technical challenges surface, creating market volatility.",
    "days": [
        {
            "number": 1,
            "articles": [
                {
                    "eventId": "d1article1",
                    "title": "Rumors of Thisney's VR Partnership",
                    "content": "Rumors are swirling that Thisney (TSNY) is set to partner with a major tech company to develop cutting-edge VR experiences. Industry insiders suggest that this collaboration could usher in a new era of immersive entertainment, combining Thisney's storytelling prowess with advanced VR technology.",
                    "stocks": [
                        "TSNY"
                    ],
                    "author": "Diana Data",
                    "website": "Silicon Circus"
                }
            ],
            "stockMovements": [
                {
                    "eventId": "d1movement1_1",
                    "stock": "TSNY",
                    "change": 0.83,
                    "percent": true,
                    "delay": 300
                },
                {
                    "eventId": "d1movement1_2",
                    "stock": "TSNY",
                    "change": 0.83,
                    "percent": true,
                    "delay": 300
                },
                {
                    "eventId": "d1movement1_3",
                    "stock": "TSNY",
                    "change": 0.84,
                    "percent": true,
                    "delay": 300
                }
            ],
            "eventSequence": [
                {
                    "eventId": "d1article1",
                    "delay": 0
                },
                {
                    "eventId": "d1movement1_1",
                    "delay": 0
                },
                {
                    "eventId": "d1movement1_2",
                    "delay": 300
                },
                {
                    "eventId": "d1movement1_3",
                    "delay": 300
                }
            ]
        },
        {
            "number": 1,
            "articles": [
                {
                    "eventId": "d1article2",
                    "title": "Thisney Confirms VR Partnership",
                    "content": "In an exciting development, Thisney (TSNY) has confirmed rumors of its partnership with a major tech company to create immersive VR experiences. The collaboration aims to revolutionize the entertainment industry by combining Thisney's imaginative worlds with state-of-the-art VR technology. Investors are optimistic about the potential for growth and innovation.",
                    "stocks": [
                        "TSNY"
                    ],
                    "author": "Polly Profit",
                    "website": "Bull and Bear Circus"
                }
            ],
            "stockMovements": [
                {
                    "eventId": "d1movement2_1",
                    "stock": "TSNY",
                    "change": 1.0,
                    "percent": true,
                    "delay": 300
                },
                {
                    "eventId": "d1movement2_2",
                    "stock": "TSNY",
                    "change": 1.0,
                    "percent": true,
                    "delay": 300
                },
                {
                    "eventId": "d1movement2_3",
                    "stock": "TSNY",
                    "change": 1.0,
                    "percent": true,
                    "delay": 300
                }
            ],
            "eventSequence": [
                {
                    "eventId": "d1article2",
                    "delay": 10800
                },
                {
                    "eventId": "d1movement2_1",
                    "delay": 0
                },
                {
                    "eventId": "d1movement2_2",
                    "delay": 300
                },
                {
                    "eventId": "d1movement2_3",
                    "delay": 300
                }
            ]
        },
        {
            "number": 2,
            "articles": [
                {
                    "eventId": "d2article1",
                    "title": "Positive Early Feedback on Thisney VR Partnership",
                    "content": "Early feedback from insiders and analysts about Thisney's (TSNY) VR partnership has been overwhelmingly positive. The market is buzzing with excitement about the potential for groundbreaking VR experiences that could set new standards in the entertainment industry.",
                    "stocks": [
                        "TSNY"
                    ],
                    "author": "Timmy Tumble",
                    "website": "Bull and Bear Circus"
                }
            ],
            "stockMovements": [
                {
                    "eventId": "d2movement1_1",
                    "stock": "TSNY",
                    "change": 0.83,
                    "percent": true,
                    "delay": 300
                },
                {
                    "eventId": "d2movement1_2",
                    "stock": "TSNY",
                    "change": 0.83,
                    "percent": true,
                    "delay": 300
                },
                {
                    "eventId": "d2movement1_3",
                    "stock": "TSNY",
                    "change": 0.84,
                    "percent": true,
                    "delay": 300
                }
            ],
            "eventSequence": [
                {
                    "eventId": "d2article1",
                    "delay": 3600
                },
                {
                    "eventId": "d2movement1_1",
                    "delay": 300
                },
                {
                    "eventId": "d2movement1_2",
                    "delay": 300
                },
                {
                    "eventId": "d2movement1_3",
                    "delay": 300
                }
            ]
        },
        {
            "number": 2,
            "articles": [
                {
                    "eventId": "d2article2",
                    "title": "Technical Challenges Emerge in Thisney's VR Collaboration",
                    "content": "Despite the early positive feedback on Thisney's (TSNY) VR collaboration, reports have surfaced indicating significant technical challenges. The issues are causing concern among investors, as the anticipated launch may face delays and additional costs.",
                    "stocks": [
                        "TSNY"
                    ],
                    "author": "Gary Glitch",
                    "website": "Silicon Circus"
                }
            ],
            "stockMovements": [
                {
                    "eventId": "d2movement2_1",
                    "stock": "TSNY",
                    "change": -0.67,
                    "percent": true,
                    "delay": 300
                },
                {
                    "eventId": "d2movement2_2",
                    "stock": "TSNY",
                    "change": -0.67,
                    "percent": true,
                    "delay": 300
                },
                {
                    "eventId": "d2movement2_3",
                    "stock": "TSNY",
                    "change": -0.66,
                    "percent": true,
                    "delay": 300
                }
            ],
            "eventSequence": [
                {
                    "eventId": "d2article2",
                    "delay": 14400
                },
                {
                    "eventId": "d2movement2_1",
                    "delay": 0
                },
                {
                    "eventId": "d2movement2_2",
                    "delay": 300
                },
                {
                    "eventId": "d2movement2_3",
                    "delay": 300
                }
            ]
        },
        {
            "number": 3,
            "articles": [
                {
                    "eventId": "d3article1",
                    "title": "Thisney Addresses VR Technical Challenges",
                    "content": "Thisney (TSNY) has publicly addressed the technical challenges in its VR partnership, assuring investors that it is actively working to resolve the issues. However, skepticism remains as the market waits to see whether the obstacles can be overcome without significant delays.",
                    "stocks": [
                        "TSNY"
                    ],
                    "author": "Betty Bungle",
                    "website": "Cash Clown"
                }
            ],
            "stockMovements": [
                {
                    "eventId": "d3movement1_1",
                    "stock": "TSNY",
                    "change": -0.83,
                    "percent": true,
                    "delay": 300
                },
                {
                    "eventId": "d3movement1_2",
                    "stock": "TSNY",
                    "change": -0.84,
                    "percent": true,
                    "delay": 300
                },
                {
                    "eventId": "d3movement1_3",
                    "stock": "TSNY",
                    "change": -0.83,
                    "percent": true,
                    "delay": 300
                }
            ],
            "eventSequence": [
                {
                    "eventId": "d3article1",
                    "delay": 3600
                },
                {
                    "eventId": "d3movement1_1",
                    "delay": 300
                },
                {
                    "eventId": "d3movement1_2",
                    "delay": 300
                },
                {
                    "eventId": "d3movement1_3",
                    "delay": 300
                }
            ]
        },
        {
            "number": 3,
            "articles": [
                {
                    "eventId": "d3article2",
                    "title": "Analysts Predict Long-Term Benefits for Thisney's VR Venture",
                    "content": "Despite the recent challenges, analysts remain optimistic about the long-term benefits of Thisney's (TSNY) VR partnership. They predict that, while there may be short-term volatility, the collaboration has the potential to significantly enhance Thisney's market position in the entertainment industry.",
                    "stocks": [
                        "TSNY"
                    ],
                    "author": "Ivy Investor",
                    "website": "Moolah Misfits"
                }
            ],
            "stockMovements": [
                {
                    "eventId": "d3movement2_1",
                    "stock": "TSNY",
                    "change": 0.5,
                    "percent": true,
                    "delay": 300
                },
                {
                    "eventId": "d3movement2_2",
                    "stock": "TSNY",
                    "change": 0.5,
                    "percent": true,
                    "delay": 300
                },
                {
                    "eventId": "d3movement2_3",
                    "stock": "TSNY",
                    "change": 0.5,
                    "percent": true,
                    "delay": 300
                }
            ],
            "eventSequence": [
                {
                    "eventId": "d3article2",
                    "delay": 10800
                },
                {
                    "eventId": "d3movement2_1",
                    "delay": 0
                },
                {
                    "eventId": "d3movement2_2",
                    "delay": 300
                },
                {
                    "eventId": "d3movement2_3",
                    "delay": 300
                }
            ]
        }
    ],
    "categories": [
        "partnerships",
        "technology",
        "entertainment"
    ],
    "timeFrame": 3
}