{
    "id": "thisney_adds_ads_to_in_game_loading_screens_for_warvel_games",
    "title": "Thisney Adds Ads to In-Game Loading Screens for Warvel Games",
    "canRepeat": false,
    "description": "Thisney announces adding ads to in-game loading screens for Warvel games, causing backlash, followed by a defense of the move and analysts' prediction of limited long-term impact.",
    "days": [
        {
            "number": 1,
            "articles": [
                {
                    "eventId": "d1article1",
                    "title": "Thisney Adds Ads to In-Game Loading Screens",
                    "content": "Thisney (TSNY) has stirred controversy by announcing the addition of advertisements to the in-game loading screens for its popular Warvel games. Fans and players voiced fierce backlash, arguing that the move disrupts the gaming experience. The decision appears purely profit-driven, causing many to say they feel exploited. Stock for Thisney saw a significant dip as investor confidence wavered.",
                    "stocks": [
                        "TSNY"
                    ],
                    "author": "Mocking Mike",
                    "website": "Gamer Giggles"
                }
            ],
            "stockMovements": [
                {
                    "eventId": "d1movement1",
                    "stock": "TSNY",
                    "change": -0.5,
                    "percent": true
                },
                {
                    "eventId": "d1movement2",
                    "stock": "TSNY",
                    "change": -0.5,
                    "percent": true,
                    "delay": 60
                },
                {
                    "eventId": "d1movement3",
                    "stock": "TSNY",
                    "change": -0.5,
                    "percent": true,
                    "delay": 180
                },
                {
                    "eventId": "d1movement4",
                    "stock": "TSNY",
                    "change": -0.5,
                    "percent": true,
                    "delay": 360
                }
            ],
            "eventSequence": [
                {
                    "eventId": "d1article1",
                    "delay": 0
                },
                {
                    "eventId": "d1movement1",
                    "delay": 0
                },
                {
                    "eventId": "d1movement2",
                    "delay": 60
                },
                {
                    "eventId": "d1movement3",
                    "delay": 180
                },
                {
                    "eventId": "d1movement4",
                    "delay": 360
                },
                {
                    "eventId": "d2article1",
                    "delay": 10200
                }
            ]
        },
        {
            "number": 2,
            "articles": [
                {
                    "eventId": "d2article1",
                    "title": "Thisney Defends In-Game Ads for 'Enhanced Player Experience'",
                    "content": "Amid the backlash, Thisney (TSNY) released a statement defending the controversial move to add advertisements to Warvel game loading screens. The company claimed that the ads are meant to 'enhance player experience' by providing relevant content during wait times. They argue that this innovation will help them offset production costs and keep the games affordable. However, many players remain unconvinced, and skepticism continues to loom over the decision.",
                    "stocks": [
                        "TSNY"
                    ],
                    "author": "Trendy Tina",
                    "website": "Trend Tribune"
                }
            ],
            "stockMovements": [
                {
                    "eventId": "d2movement1",
                    "stock": "TSNY",
                    "change": 0.5,
                    "percent": true,
                    "delay": 60
                },
                {
                    "eventId": "d2movement2",
                    "stock": "TSNY",
                    "change": 0.5,
                    "percent": true,
                    "delay": 180
                },
                {
                    "eventId": "d2movement3",
                    "stock": "TSNY",
                    "change": 0.5,
                    "percent": true,
                    "delay": 360
                }
            ],
            "eventSequence": [
                {
                    "eventId": "d2article1",
                    "delay": 3600
                },
                {
                    "eventId": "d2movement1",
                    "delay": 300
                },
                {
                    "eventId": "d2movement2",
                    "delay": 300
                },
                {
                    "eventId": "d2movement3",
                    "delay": 300
                },
                {
                    "eventId": "d2article2",
                    "delay": 3600
                }
            ]
        },
        {
            "number": 3,
            "articles": [
                {
                    "eventId": "d2article1",
                    "title": "Player Dissatisfaction with Thisney's In-Game Ads Persists",
                    "content": "Reports of increasing player dissatisfaction with Thisney's (TSNY) decision to add advertisements to Warvel game loading screens have surfaced. Gamers complain that it interrupts their immersion and impacts the overall gameplay experience negatively. A growing number of players are threatening to leave the platform, raising concerns about potential long-term impacts on Thisney's loyal fanbase.",
                    "stocks": [
                        "TSNY"
                    ],
                    "author": "Dramatic Dana",
                    "website": "Console Carnival"
                }
            ],
            "stockMovements": [
                {
                    "eventId": "d2movement1",
                    "stock": "TSNY",
                    "change": -0.5,
                    "percent": true,
                    "delay": 60
                },
                {
                    "eventId": "d2movement2",
                    "stock": "TSNY",
                    "change": -0.5,
                    "percent": true,
                    "delay": 120
                },
                {
                    "eventId": "d2movement3",
                    "stock": "TSNY",
                    "change": -0.5,
                    "percent": true,
                    "delay": 180
                },
                {
                    "eventId": "d2movement4",
                    "stock": "TSNY",
                    "change": -0.5,
                    "percent": true,
                    "delay": 240
                },
                {
                    "eventId": "d2movement5",
                    "stock": "TSNY",
                    "change": -0.5,
                    "percent": true,
                    "delay": 300
                }
            ],
            "eventSequence": [
                {
                    "eventId": "d2article1",
                    "delay": 0
                },
                {
                    "eventId": "d2movement1",
                    "delay": 60
                },
                {
                    "eventId": "d2movement2",
                    "delay": 120
                },
                {
                    "eventId": "d2movement3",
                    "delay": 180
                },
                {
                    "eventId": "d2movement4",
                    "delay": 240
                },
                {
                    "eventId": "d2movement5",
                    "delay": 300
                },
                {
                    "eventId": "d2article2",
                    "delay": 12900
                }
            ]
        },
        {
            "number": 4,
            "articles": [
                {
                    "eventId": "d2article1",
                    "title": "Analysts Predict Limited Long-Term Impact from Ad Backlash",
                    "content": "Financial analysts are predicting that the backlash over Thisney's (TSNY) addition of ads to Warvel game loading screens will have limited long-term impact. While there has been a short-term dip in stock prices, industry experts believe that Thisney's diverse portfolio and strong brand loyalty will help it rebound. The sentiment seems to have steadied the stock, as investors regain confidence in the company's strategic moves.",
                    "stocks": [
                        "TSNY"
                    ],
                    "author": "Sally Shortsell",
                    "website": "Bull and Bear Circus"
                }
            ],
            "stockMovements": [
                {
                    "eventId": "d2movement1",
                    "stock": "TSNY",
                    "change": 0.5,
                    "percent": true,
                    "delay": 60
                },
                {
                    "eventId": "d2movement2",
                    "stock": "TSNY",
                    "change": 0.5,
                    "percent": true,
                    "delay": 180
                }
            ],
            "eventSequence": [
                {
                    "eventId": "d2article1",
                    "delay": 0
                },
                {
                    "eventId": "d2movement1",
                    "delay": 60
                },
                {
                    "eventId": "d2movement2",
                    "delay": 180
                }
            ]
        }
    ],
    "categories": [
        "product_changes",
        "gaming"
    ],
    "timeFrame": 2
}