{
    "id": "tsny_thisney_acquires_popular_animation_studio",
    "title": "Thisney Acquires Popular Animation Studio",
    "canRepeat": false,
    "description": "Thisney announces the acquisition of a popular animation studio, exciting investors and analysts.",
    "days": [
        {
            "number": 1,
            "articles": [
                {
                    "eventId": "d1article1",
                    "title": "Thisney Rumored to Acquire Leading Animation Studio",
                    "content": "According to sources close to the matter, Thisney (TSNY) is rumored to be in the final stages of acquiring a leading animation studio known for its blockbuster hits. Thisney's strategic move aims to bolster its content library and expand its cinematic universe. This news has caused a buzz in the market, with many speculating on the potential growth opportunities this acquisition could bring to the entertainment giant.",
                    "stocks": [
                        "TSNY"
                    ],
                    "author": "Crazy Carla",
                    "website": "Industry Insanity"
                },
                {
                    "eventId": "d1article2",
                    "title": "Thisney Confirms Acquisition of Animation Studio",
                    "content": "In a surprising turn of events, Thisney (TSNY) has confirmed the acquisition of a renowned animation studio, cementing its position as a dominant player in the entertainment industry. Thisney CEO emphasized the potential for new animated films and series that will captivate audiences worldwide. The official announcement has energized investors, with stock prices reflecting the optimistic outlook.",
                    "stocks": [
                        "TSNY"
                    ],
                    "author": "Gina Gadget",
                    "website": "Tech Tattler"
                }
            ],
            "stockMovements": [
                {
                    "eventId": "d1movement1_1",
                    "stock": "TSNY",
                    "change": 0.8,
                    "percent": true,
                    "delay": 300
                },
                {
                    "eventId": "d1movement1_2",
                    "stock": "TSNY",
                    "change": 0.7,
                    "percent": true,
                    "delay": 300
                },
                {
                    "eventId": "d1movement1_3",
                    "stock": "TSNY",
                    "change": 0.3,
                    "percent": true,
                    "delay": 300
                },
                {
                    "eventId": "d1movement1_4",
                    "stock": "TSNY",
                    "change": 0.2,
                    "percent": true,
                    "delay": 300
                },
                {
                    "eventId": "d1movement2_1",
                    "stock": "TSNY",
                    "change": 0.8,
                    "percent": true,
                    "delay": 1200
                },
                {
                    "eventId": "d1movement2_2",
                    "stock": "TSNY",
                    "change": 0.7,
                    "percent": true,
                    "delay": 1200
                },
                {
                    "eventId": "d1movement2_3",
                    "stock": "TSNY",
                    "change": 0.5,
                    "percent": true,
                    "delay": 1200
                },
                {
                    "eventId": "d1movement2_4",
                    "stock": "TSNY",
                    "change": 0.5,
                    "percent": true,
                    "delay": 1200
                }
            ],
            "earningsReport": [],
            "eventSequence": [
                {
                    "eventId": "d1article1",
                    "delay": 0
                },
                {
                    "eventId": "d1movement1_1",
                    "delay": 300
                },
                {
                    "eventId": "d1movement1_2",
                    "delay": 300
                },
                {
                    "eventId": "d1movement1_3",
                    "delay": 300
                },
                {
                    "eventId": "d1movement1_4",
                    "delay": 300
                },
                {
                    "eventId": "d1article2",
                    "delay": 600
                },
                {
                    "eventId": "d1movement2_1",
                    "delay": 300
                },
                {
                    "eventId": "d1movement2_2",
                    "delay": 300
                },
                {
                    "eventId": "d1movement2_3",
                    "delay": 300
                },
                {
                    "eventId": "d1movement2_4",
                    "delay": 300
                }
            ]
        },
        {
            "number": 2,
            "articles": [
                {
                    "eventId": "d2article1",
                    "title": "Analysts Praise Thisney's Strategic Acquisition",
                    "content": "Following Thisney's (TSNY) confirmation of acquiring a renowned animation studio, analysts have come forward to praise the strategic move. According to market experts, this acquisition positions Thisney to deliver unprecedented growth by leveraging the studio's expertise and intellectual properties. Analysts predict significant revenue boosts from upcoming animated films and series, reflecting positively on Thisney's stock.",
                    "stocks": [
                        "TSNY"
                    ],
                    "author": "Polly Profit",
                    "website": "Bull and Bear Circus"
                },
                {
                    "eventId": "d2article2",
                    "title": "Early Collaboration Details Between Thisney and Animation Studio Emerge",
                    "content": "Exciting details about early collaborations between Thisney (TSNY) and its newly acquired animation studio have begun to surface. Insiders reveal that several projects are already in the planning stages, promising to bring a fresh wave of content to Thisney's streaming platform. Investors are thrilled with the news, which further boosts their confidence in the potential growth resulting from this merger.",
                    "stocks": [
                        "TSNY"
                    ],
                    "author": "Greta Gamble",
                    "website": "Bull and Bear Circus"
                }
            ],
            "stockMovements": [
                {
                    "eventId": "d2movement1_1",
                    "stock": "TSNY",
                    "change": 1.0,
                    "percent": true,
                    "delay": 600
                },
                {
                    "eventId": "d2movement1_2",
                    "stock": "TSNY",
                    "change": 0.9,
                    "percent": true,
                    "delay": 600
                },
                {
                    "eventId": "d2movement1_3",
                    "stock": "TSNY",
                    "change": 0.8,
                    "percent": true,
                    "delay": 600
                },
                {
                    "eventId": "d2movement1_4",
                    "stock": "TSNY",
                    "change": 0.3,
                    "percent": true,
                    "delay": 600
                },
                {
                    "eventId": "d2movement2_1",
                    "stock": "TSNY",
                    "change": 0.8,
                    "percent": true,
                    "delay": 1200
                },
                {
                    "eventId": "d2movement2_2",
                    "stock": "TSNY",
                    "change": 0.7,
                    "percent": true,
                    "delay": 1200
                },
                {
                    "eventId": "d2movement2_3",
                    "stock": "TSNY",
                    "change": 0.5,
                    "percent": true,
                    "delay": 1200
                },
                {
                    "eventId": "d2movement2_4",
                    "stock": "TSNY",
                    "change": 0.5,
                    "percent": true,
                    "delay": 1200
                }
            ],
            "earningsReport": [],
            "eventSequence": [
                {
                    "eventId": "d2article1",
                    "delay": 0
                },
                {
                    "eventId": "d2movement1_1",
                    "delay": 300
                },
                {
                    "eventId": "d2movement1_2",
                    "delay": 300
                },
                {
                    "eventId": "d2movement1_3",
                    "delay": 300
                },
                {
                    "eventId": "d2movement1_4",
                    "delay": 300
                },
                {
                    "eventId": "d2article2",
                    "delay": 6000
                },
                {
                    "eventId": "d2movement2_1",
                    "delay": 300
                },
                {
                    "eventId": "d2movement2_2",
                    "delay": 300
                },
                {
                    "eventId": "d2movement2_3",
                    "delay": 300
                },
                {
                    "eventId": "d2movement2_4",
                    "delay": 300
                }
            ]
        }
    ],
    "categories": [
        "acquisitions",
        "entertainment"
    ],
    "timeFrame": 2
}