{
    "id": "james_james_faces_backlash_over_pricing",
    "title": "James&James Faces Backlash Over Pricing of New Medication",
    "canRepeat": false,
    "description": "James&James (JMJM) faces consumer backlash over high pricing for its new medication, causing stock fluctuations throughout the day.",
    "days": [
        {
            "number": 1,
            "articles": [
                {
                    "eventId": "d1article1",
                    "title": "James&James Faces Backlash Over Pricing of New Medication",
                    "content": "James&James (JMJM) is under fire as consumers voice their concerns over the high pricing of its newly released medication. Social media platforms have been flooded with complaints, with many criticizing the company for putting profits over patient access. \n\nAnalysts have noted that this backlash could potentially harm the company's reputation and sales, casting doubt on the overall success of the drug.",
                    "stocks": [
                        "JMJM"
                    ],
                    "author": "Timmy Tumble",
                    "website": "BullAndBearCircus.com"
                },
                {
                    "eventId": "d1article2",
                    "title": "James&James Defends Its Pricing Strategy",
                    "content": "In response to the mounting criticism, James&James (JMJM) has released a statement defending their pricing strategy. The company asserts that the cost of the new medication reflects the substantial investment required for research and development, as well as the potential to save countless lives. \n\nCompany representatives emphasized that they are committed to patient care and are exploring options to provide financial assistance to those in need. This reassurance has had a stabilizing effect on investor confidence.",
                    "stocks": [
                        "JMJM"
                    ],
                    "author": "Greta Gamble",
                    "website": "BullAndBearCircus.com"
                },
                {
                    "eventId": "d1article3",
                    "title": "Further Dissatisfaction Emerges Over James&James' Pricing",
                    "content": "Despite James&James' (JMJM) efforts to justify the high costs of its new medication, consumer dissatisfaction continues to grow. Advocates argue that the pricing is still out of reach for many patients who desperately need the treatment. \n\nThis ongoing controversy has reignited debates about drug pricing policies and the role of pharmaceutical companies in ensuring accessibility. Investors are reacting cautiously as the situation unfolds.",
                    "stocks": [
                        "JMJM"
                    ],
                    "author": "Betty Bungle",
                    "website": "CashClown.com"
                },
                {
                    "eventId": "d1article4",
                    "title": "Analysts Predict Limited Long-term Impact for James&James",
                    "content": "Market analysts have weighed in on the controversy surrounding James&James (JMJM), predicting that the long-term impact on the company's stock will be limited. While acknowledging the negative publicity, experts believe that the strong fundamentals and diverse portfolio of James&James will help it weather the storm. \n\nMany investors are holding onto their shares, anticipating a gradual recovery as the company addresses the pricing concerns and possibly adjusts its strategy based on consumer feedback.",
                    "stocks": [
                        "JMJM"
                    ],
                    "author": "Freddy Fortune",
                    "website": "MoolahMisfits.com"
                }
            ],
            "stockMovements": [
                {
                    "eventId": "d1movement1",
                    "stock": "JMJM",
                    "change": -1.0,
                    "percent": true
                },
                {
                    "eventId": "d1movement2",
                    "stock": "JMJM",
                    "change": -1.0,
                    "percent": true
                },
                {
                    "eventId": "d1movement3",
                    "stock": "JMJM",
                    "change": -1.0,
                    "percent": true
                },
                {
                    "eventId": "d1movement4",
                    "stock": "JMJM",
                    "change": 0.5,
                    "percent": true
                },
                {
                    "eventId": "d1movement5",
                    "stock": "JMJM",
                    "change": 0.5,
                    "percent": true
                },
                {
                    "eventId": "d1movement6",
                    "stock": "JMJM",
                    "change": 0.5,
                    "percent": true
                },
                {
                    "eventId": "d1movement7",
                    "stock": "JMJM",
                    "change": -0.8,
                    "percent": true
                },
                {
                    "eventId": "d1movement8",
                    "stock": "JMJM",
                    "change": -0.8,
                    "percent": true
                },
                {
                    "eventId": "d1movement9",
                    "stock": "JMJM",
                    "change": -0.9,
                    "percent": true
                },
                {
                    "eventId": "d1movement10",
                    "stock": "JMJM",
                    "change": 0.33,
                    "percent": true
                },
                {
                    "eventId": "d1movement11",
                    "stock": "JMJM",
                    "change": 0.34,
                    "percent": true
                },
                {
                    "eventId": "d1movement12",
                    "stock": "JMJM",
                    "change": 0.33,
                    "percent": true
                }
            ],
            "earningsReport": [],
            "eventSequence": [
                {
                    "eventId": "d1article1",
                    "delay": 3600
                },
                {
                    "eventId": "d1movement1",
                    "delay": 300
                },
                {
                    "eventId": "d1movement2",
                    "delay": 300
                },
                {
                    "eventId": "d1movement3",
                    "delay": 300
                },
                {
                    "eventId": "d1article2",
                    "delay": 3600
                },
                {
                    "eventId": "d1movement4",
                    "delay": 300
                },
                {
                    "eventId": "d1movement5",
                    "delay": 300
                },
                {
                    "eventId": "d1movement6",
                    "delay": 300
                },
                {
                    "eventId": "d1article3",
                    "delay": 3600
                },
                {
                    "eventId": "d1movement7",
                    "delay": 300
                },
                {
                    "eventId": "d1movement8",
                    "delay": 300
                },
                {
                    "eventId": "d1movement9",
                    "delay": 300
                },
                {
                    "eventId": "d1article4",
                    "delay": 3600
                },
                {
                    "eventId": "d1movement10",
                    "delay": 300
                },
                {
                    "eventId": "d1movement11",
                    "delay": 300
                },
                {
                    "eventId": "d1movement12",
                    "delay": 300
                }
            ]
        }
    ],
    "categories": [
        "consumer backlash",
        "healthcare"
    ],
    "timeFrame": 1
}