{
    "id": "james_james_lawsuit_tylenox",
    "title": "James&James Faces Lawsuit Over Pain Relief Medication",
    "canRepeat": false,
    "description": "James&James faces a lawsuit alleging severe side effects from their pain relief medication, Tylenox. The company responds, but skepticism remains strong.",
    "days": [
        {
            "number": 1,
            "articles": [
                {
                    "eventId": "d1article1",
                    "title": "Lawsuit Filed Against James&James Over Tylenox Side Effects",
                    "content": "Reports have surfaced that James&James is facing a lawsuit over purported side effects of their pain relief medication, Tylenox. The allegations suggest severe health risks associated with its usage. The news has sent ripples through the medical community and has started to affect the company's stock prices.",
                    "stocks": [
                        "JMJM"
                    ],
                    "author": "Betty Bungle",
                    "website": "Cash Clown"
                },
                {
                    "eventId": "d1article2",
                    "title": "James&James Responds to Allegations",
                    "content": "Just three hours after the news of the lawsuit broke, James&James has issued a formal response. The pharmaceutical giant has categorically denied the allegations, stating that their internal reviews show no such side effects. However, the market remains skeptical, and the stock has continued to decline.",
                    "stocks": [
                        "JMJM"
                    ],
                    "author": "Sally Shortsell",
                    "website": "Bull and Bear Circus"
                }
            ],
            "stockMovements": [
                {
                    "eventId": "d1movement1",
                    "stock": "JMJM",
                    "change": -1.0,
                    "percent": true,
                    "delay": 200
                },
                {
                    "eventId": "d1movement2",
                    "stock": "JMJM",
                    "change": -1.0,
                    "percent": true,
                    "delay": 300
                },
                {
                    "eventId": "d1movement3",
                    "stock": "JMJM",
                    "change": -0.5,
                    "percent": true,
                    "delay": 400
                },
                {
                    "eventId": "d1movement4",
                    "stock": "JMJM",
                    "change": -0.8,
                    "percent": true,
                    "delay": 600
                },
                {
                    "eventId": "d1movement5",
                    "stock": "JMJM",
                    "change": -0.7,
                    "percent": true,
                    "delay": 900
                }
            ],
            "earningsReport": [],
            "eventSequence": [
                {
                    "eventId": "d1article1",
                    "delay": 0
                },
                {
                    "eventId": "d1movement1",
                    "delay": 200
                },
                {
                    "eventId": "d1movement2",
                    "delay": 300
                },
                {
                    "eventId": "d1movement3",
                    "delay": 400
                },
                {
                    "eventId": "d1article2",
                    "delay": 9600
                },
                {
                    "eventId": "d1movement4",
                    "delay": 1500
                },
                {
                    "eventId": "d1movement5",
                    "delay": 900
                }
            ]
        },
        {
            "number": 2,
            "articles": [
                {
                    "eventId": "d2article1",
                    "title": "Major News Outlets Cover James&James Lawsuit",
                    "content": "The news of the lawsuit against James&James has now caught the attention of major news outlets. Reports are coming in from all corners, detailing the potential severity of the side effects caused by their pain relief medication, Tylenox. This widespread coverage has resulted in a further decline in the company's stock price.",
                    "stocks": [
                        "JMJM"
                    ],
                    "author": "Sensational Sue",
                    "website": "Market Madness"
                },
                {
                    "eventId": "d2article2",
                    "title": "James&James Promises Product Safety Review",
                    "content": "In response to the mounting media pressure, James&James has promised a comprehensive review of the safety of its Tylenox medication. The company hopes this move will restore investor confidence, but for now, the damage is done, and the stock continues to suffer.",
                    "stocks": [
                        "JMJM"
                    ],
                    "author": "Dramatic Dave",
                    "website": "Market Madness"
                }
            ],
            "stockMovements": [
                {
                    "eventId": "d2movement1",
                    "stock": "JMJM",
                    "change": -1.0,
                    "percent": true,
                    "delay": 100
                },
                {
                    "eventId": "d2movement2",
                    "stock": "JMJM",
                    "change": -1.0,
                    "percent": true,
                    "delay": 200
                },
                {
                    "eventId": "d2movement3",
                    "stock": "JMJM",
                    "change": -1.0,
                    "percent": true,
                    "delay": 300
                },
                {
                    "eventId": "d2movement4",
                    "stock": "JMJM",
                    "change": -1.0,
                    "percent": true,
                    "delay": 700
                },
                {
                    "eventId": "d2movement5",
                    "stock": "JMJM",
                    "change": -1.5,
                    "percent": true,
                    "delay": 1000
                }
            ],
            "earningsReport": [],
            "eventSequence": [
                {
                    "eventId": "d2article1",
                    "delay": 0
                },
                {
                    "eventId": "d2movement1",
                    "delay": 100
                },
                {
                    "eventId": "d2movement2",
                    "delay": 200
                },
                {
                    "eventId": "d2movement3",
                    "delay": 300
                },
                {
                    "eventId": "d2article2",
                    "delay": 13500
                },
                {
                    "eventId": "d2movement4",
                    "delay": 700
                },
                {
                    "eventId": "d2movement5",
                    "delay": 1000
                }
            ]
        }
    ],
    "categories": [
        "lawsuit",
        "pharmaceuticals"
    ],
    "timeFrame": 2
}