{
    "id": "james_james_sustainable_packaging_initiative",
    "title": "James&James Launches Sustainable Packaging Initiative",
    "canRepeat": false,
    "description": "James&James launches a new sustainable packaging initiative for its consumer goods, but faces challenges in implementation, affecting stock movements over three days.",
    "days": [
        {
            "number": 1,
            "articles": [
                {
                    "eventId": "d1article1",
                    "title": "Rumors about James&James's New Sustainable Packaging Initiative",
                    "content": "Rumors are swirling that James&James (JMJM) is on the verge of launching a new initiative aimed at sustainable packaging for its consumer goods. Industry insiders suggest that this move will significantly enhance the company's environmental credentials. Although no official statement has been released, the market is buzzing with anticipation.",
                    "stocks": [
                        "JMJM"
                    ],
                    "author": "Trendy Tina",
                    "website": "Trend Tribune"
                },
                {
                    "eventId": "d1article2",
                    "title": "James&James Confirms Sustainable Packaging Initiative",
                    "content": "James&James (JMJM) has officially confirmed the rumors about its new sustainable packaging initiative. In an effort to reduce its environmental footprint, the company will be rolling out eco-friendly packaging across its popular consumer goods range. This bold move has been positively received by environmental groups and is expected to resonate well with eco-conscious consumers.",
                    "stocks": [
                        "JMJM"
                    ],
                    "author": "Chic Charlie",
                    "website": "Trend Tribune"
                }
            ],
            "stockMovements": [
                {
                    "eventId": "d1movement1",
                    "stock": "JMJM",
                    "change": 0.83,
                    "percent": true,
                    "delay": 120
                },
                {
                    "eventId": "d1movement2",
                    "stock": "JMJM",
                    "change": 0.83,
                    "percent": true,
                    "delay": 200
                },
                {
                    "eventId": "d1movement3",
                    "stock": "JMJM",
                    "change": 0.84,
                    "percent": true,
                    "delay": 150
                },
                {
                    "eventId": "d1movement4",
                    "stock": "JMJM",
                    "change": 0.75,
                    "percent": true,
                    "delay": 90
                },
                {
                    "eventId": "d1movement5",
                    "stock": "JMJM",
                    "change": 0.75,
                    "percent": true,
                    "delay": 100
                },
                {
                    "eventId": "d1movement6",
                    "stock": "JMJM",
                    "change": 0.75,
                    "percent": true,
                    "delay": 130
                },
                {
                    "eventId": "d1movement7",
                    "stock": "JMJM",
                    "change": 0.75,
                    "percent": true,
                    "delay": 150
                }
            ],
            "earningsReport": [],
            "eventSequence": [
                {
                    "eventId": "d1article1",
                    "delay": 0
                },
                {
                    "eventId": "d1movement1",
                    "delay": 300
                },
                {
                    "eventId": "d1movement2",
                    "delay": 300
                },
                {
                    "eventId": "d1movement3",
                    "delay": 300
                },
                {
                    "eventId": "d1article2",
                    "delay": 7400
                },
                {
                    "eventId": "d1movement4",
                    "delay": 120
                },
                {
                    "eventId": "d1movement5",
                    "delay": 100
                },
                {
                    "eventId": "d1movement6",
                    "delay": 120
                },
                {
                    "eventId": "d1movement7",
                    "delay": 140
                }
            ]
        },
        {
            "number": 2,
            "articles": [
                {
                    "eventId": "d2article1",
                    "title": "Positive Feedback for James&James's Sustainable Packaging",
                    "content": "James&James (JMJM) is receiving early positive feedback for its new sustainable packaging initiative. Customers have praised the company's commitment to the environment, and analysts are optimistic about the long-term benefits of this move. The stock continues to rise as investors show confidence in this strategy.",
                    "stocks": [
                        "JMJM"
                    ],
                    "author": "Pop Culture Paula",
                    "website": "Trend Tribune"
                },
                {
                    "eventId": "d2article2",
                    "title": "Implementation Challenges Surface for James&James",
                    "content": "Despite the initial positive reception, reports of implementation challenges have surfaced for James&James's (JMJM) sustainable packaging initiative. Sources claim that supply chain issues and technical difficulties are causing setbacks. These concerns have started to creep into investor sentiment, leading to some caution in the market.",
                    "stocks": [
                        "JMJM"
                    ],
                    "author": "Sally Shortsell",
                    "website": "Bull and Bear Circus"
                }
            ],
            "stockMovements": [
                {
                    "eventId": "d2movement1",
                    "stock": "JMJM",
                    "change": 0.67,
                    "percent": true,
                    "delay": 200
                },
                {
                    "eventId": "d2movement2",
                    "stock": "JMJM",
                    "change": 0.67,
                    "percent": true,
                    "delay": 180
                },
                {
                    "eventId": "d2movement3",
                    "stock": "JMJM",
                    "change": 0.66,
                    "percent": true,
                    "delay": 220
                },
                {
                    "eventId": "d2movement4",
                    "stock": "JMJM",
                    "change": -0.83,
                    "percent": true,
                    "delay": 250
                },
                {
                    "eventId": "d2movement5",
                    "stock": "JMJM",
                    "change": -0.83,
                    "percent": true,
                    "delay": 260
                },
                {
                    "eventId": "d2movement6",
                    "stock": "JMJM",
                    "change": -0.84,
                    "percent": true,
                    "delay": 230
                }
            ],
            "earningsReport": [],
            "eventSequence": [
                {
                    "eventId": "d2article1",
                    "delay": 0
                },
                {
                    "eventId": "d2movement1",
                    "delay": 300
                },
                {
                    "eventId": "d2movement2",
                    "delay": 180
                },
                {
                    "eventId": "d2movement3",
                    "delay": 220
                },
                {
                    "eventId": "d2article2",
                    "delay": 12680
                },
                {
                    "eventId": "d2movement4",
                    "delay": 250
                },
                {
                    "eventId": "d2movement5",
                    "delay": 210
                },
                {
                    "eventId": "d2movement6",
                    "delay": 230
                }
            ]
        },
        {
            "number": 3,
            "articles": [
                {
                    "eventId": "d3article1",
                    "title": "James&James Addresses Sustainable Packaging Issues",
                    "content": "James&James (JMJM) has released a statement addressing the issues encountered in its new sustainable packaging initiative. While the company assures that measures are being taken to overcome the challenges, there is still skepticism among some investors. The mixed response has resulted in cautious market behavior, reflecting a wait-and-see approach.",
                    "stocks": [
                        "JMJM"
                    ],
                    "author": "Crazy Carla",
                    "website": "Industry Insanity"
                },
                {
                    "eventId": "d3article2",
                    "title": "Analysts Lower James&James's Growth Projections",
                    "content": "In the wake of the ongoing challenges with its sustainable packaging initiative, several analysts have lowered their growth projections for James&James (JMJM). The revised outlook has led to a sharp drop in the company's stock price as investors react to the tempered expectations. The company's commitment to sustainability is commendable, but the road ahead appears rocky.",
                    "stocks": [
                        "JMJM"
                    ],
                    "author": "Sensational Sue",
                    "website": "Market Madness"
                }
            ],
            "stockMovements": [
                {
                    "eventId": "d3movement1",
                    "stock": "JMJM",
                    "change": -0.75,
                    "percent": true,
                    "delay": 150
                },
                {
                    "eventId": "d3movement2",
                    "stock": "JMJM",
                    "change": -0.75,
                    "percent": true,
                    "delay": 200
                },
                {
                    "eventId": "d3movement3",
                    "stock": "JMJM",
                    "change": -0.75,
                    "percent": true,
                    "delay": 150
                },
                {
                    "eventId": "d3movement4",
                    "stock": "JMJM",
                    "change": -0.75,
                    "percent": true,
                    "delay": 240
                },
                {
                    "eventId": "d3movement5",
                    "stock": "JMJM",
                    "change": -0.8,
                    "percent": true,
                    "delay": 90
                },
                {
                    "eventId": "d3movement6",
                    "stock": "JMJM",
                    "change": -0.8,
                    "percent": true,
                    "delay": 230
                },
                {
                    "eventId": "d3movement7",
                    "stock": "JMJM",
                    "change": -0.8,
                    "percent": true,
                    "delay": 260
                },
                {
                    "eventId": "d3movement8",
                    "stock": "JMJM",
                    "change": -0.8,
                    "percent": true,
                    "delay": 210
                },
                {
                    "eventId": "d3movement9",
                    "stock": "JMJM",
                    "change": -0.8,
                    "percent": true,
                    "delay": 200
                }
            ],
            "earningsReport": [],
            "eventSequence": [
                {
                    "eventId": "d3article1",
                    "delay": 0
                },
                {
                    "eventId": "d3movement1",
                    "delay": 150
                },
                {
                    "eventId": "d3movement2",
                    "delay": 200
                },
                {
                    "eventId": "d3movement3",
                    "delay": 150
                },
                {
                    "eventId": "d3movement4",
                    "delay": 180
                },
                {
                    "eventId": "d3article2",
                    "delay": 7380
                },
                {
                    "eventId": "d3movement5",
                    "delay": 90
                },
                {
                    "eventId": "d3movement6",
                    "delay": 200
                },
                {
                    "eventId": "d3movement7",
                    "delay": 210
                },
                {
                    "eventId": "d3movement8",
                    "delay": 190
                },
                {
                    "eventId": "d3movement9",
                    "delay": 200
                }
            ]
        }
    ],
    "categories": [
        "sustainability_initiative",
        "consumer_goods"
    ],
    "timeFrame": 3
}