{
    "id": "james_james_expands_research_into_rare_diseases",
    "title": "James&James Expands Research into Rare Diseases",
    "canRepeat": false,
    "description": "James&James (JMJM) is expanding its research into rare diseases with new treatments, which has excited analysts and investors.",
    "days": [
        {
            "number": 1,
            "articles": [
                {
                    "eventId": "d1article1",
                    "title": "James&James Rumored to Expand Research into Rare Diseases",
                    "content": "Rumors have emerged that James&James (JMJM) is expanding its research into rare diseases, focusing on developing new treatments. This move could signify a major breakthrough in the healthcare sector.",
                    "stocks": [
                        "JMJM"
                    ],
                    "author": "Freddy Fortune",
                    "website": "Moolah Misfits"
                },
                {
                    "eventId": "d1article2",
                    "title": "James&James Confirms Expansion into Rare Diseases Research",
                    "content": "James&James (JMJM) has officially confirmed the rumors of its expansion into rare diseases research. The company showcased several new research projects aimed at curing previously untreatable conditions. Investors reacted positively to the confirmed news.",
                    "stocks": [
                        "JMJM"
                    ],
                    "author": "Holly Hacker",
                    "website": "Byte Banter"
                }
            ],
            "stockMovements": [
                {
                    "eventId": "d1move1",
                    "stock": "JMJM",
                    "change": 0.5,
                    "percent": true,
                    "delay": 100
                },
                {
                    "eventId": "d1move2",
                    "stock": "JMJM",
                    "change": 0.5,
                    "percent": true,
                    "delay": 100
                },
                {
                    "eventId": "d1move3",
                    "stock": "JMJM",
                    "change": 0.5,
                    "percent": true,
                    "delay": 200
                },
                {
                    "eventId": "d1move4",
                    "stock": "JMJM",
                    "change": 0.66,
                    "percent": true,
                    "delay": 150
                },
                {
                    "eventId": "d1move5",
                    "stock": "JMJM",
                    "change": 0.67,
                    "percent": true,
                    "delay": 100
                },
                {
                    "eventId": "d1move6",
                    "stock": "JMJM",
                    "change": 0.67,
                    "percent": true,
                    "delay": 150
                }
            ],
            "earningsReport": [],
            "eventSequence": [
                {
                    "eventId": "d1article1",
                    "delay": 0
                },
                {
                    "eventId": "d1move1",
                    "delay": 100
                },
                {
                    "eventId": "d1move2",
                    "delay": 100
                },
                {
                    "eventId": "d1move3",
                    "delay": 200
                },
                {
                    "eventId": "d1article2",
                    "delay": 6650
                },
                {
                    "eventId": "d1move4",
                    "delay": 150
                },
                {
                    "eventId": "d1move5",
                    "delay": 100
                },
                {
                    "eventId": "d1move6",
                    "delay": 150
                }
            ]
        },
        {
            "number": 2,
            "articles": [
                {
                    "eventId": "d2article1",
                    "title": "Analysts Praise James&James' Expansion",
                    "content": "Analysts have praised James&James (JMJM) for its strategic decision to expand into rare diseases research. They predict significant medical breakthroughs that could dramatically improve the company's position in the healthcare market.",
                    "stocks": [
                        "JMJM"
                    ],
                    "author": "Polly Profit",
                    "website": "Bull and Bear Circus"
                },
                {
                    "eventId": "d2article2",
                    "title": "Positive Early User Feedback for James&James' New Treatments",
                    "content": "Early user feedback for James&James (JMJM) new treatments in their rare diseases research has been overwhelmingly positive. This feedback has boosted investor confidence, signaling strong potential for these groundbreaking treatments.",
                    "stocks": [
                        "JMJM"
                    ],
                    "author": "Gina Gadget",
                    "website": "Tech Tattler"
                }
            ],
            "stockMovements": [
                {
                    "eventId": "d2move1",
                    "stock": "JMJM",
                    "change": 0.83,
                    "percent": true,
                    "delay": 200
                },
                {
                    "eventId": "d2move2",
                    "stock": "JMJM",
                    "change": 0.84,
                    "percent": true,
                    "delay": 200
                },
                {
                    "eventId": "d2move3",
                    "stock": "JMJM",
                    "change": 0.83,
                    "percent": true,
                    "delay": 400
                },
                {
                    "eventId": "d2move4",
                    "stock": "JMJM",
                    "change": 0.67,
                    "percent": true,
                    "delay": 100
                },
                {
                    "eventId": "d2move5",
                    "stock": "JMJM",
                    "change": 0.67,
                    "percent": true,
                    "delay": 100
                },
                {
                    "eventId": "d2move6",
                    "stock": "JMJM",
                    "change": 0.66,
                    "percent": true,
                    "delay": 100
                }
            ],
            "earningsReport": [],
            "eventSequence": [
                {
                    "eventId": "d2article1",
                    "delay": 0
                },
                {
                    "eventId": "d2move1",
                    "delay": 200
                },
                {
                    "eventId": "d2move2",
                    "delay": 200
                },
                {
                    "eventId": "d2move3",
                    "delay": 400
                },
                {
                    "eventId": "d2article2",
                    "delay": 13300
                },
                {
                    "eventId": "d2move4",
                    "delay": 100
                },
                {
                    "eventId": "d2move5",
                    "delay": 100
                },
                {
                    "eventId": "d2move6",
                    "delay": 100
                }
            ]
        }
    ],
    "categories": [
        "research_expansion",
        "healthcare"
    ],
    "timeFrame": 2
}