{
    "id": "volve_partners_with_major_studio_for_game_adaptations",
    "title": "Volve Partners with Major Studio for Game Adaptations",
    "canRepeat": false,
    "description": "Volve Corporation (VOLV) experienced varied stock movements over three days as it announced a major deal with a studio for game adaptations of its popular titles.",
    "days": [
        {
            "number": 1,
            "articles": [
                {
                    "eventId": "d1article1",
                    "title": "Rumors Suggest Volve Partners with Major Studio",
                    "content": "Volve Corporation (VOLV) is abuzz with rumors of a potential partnership with a major studio to adapt its popular game titles into blockbuster movies. Investors are excited about the prospect, leading to an early surge in stock prices.",
                    "stocks": [
                        "VOLV"
                    ],
                    "author": "Sally Shortsell",
                    "website": "Bull and Bear Circus"
                },
                {
                    "eventId": "d1article2",
                    "title": "Volve Confirms Partnership with Major Studio",
                    "content": "In a much-anticipated announcement, Volve Corporation (VOLV) confirmed they have partnered with a major studio to adapt their popular game titles into blockbuster movies. This partnership promises to bring Volve's beloved games to the big screen, potentially leading to significant growth for the company.",
                    "stocks": [
                        "VOLV"
                    ],
                    "author": "Epic Eric",
                    "website": "Console Carnival"
                }
            ],
            "stockMovements": [
                {
                    "eventId": "d1movement1",
                    "stock": "VOLV",
                    "change": 1.0,
                    "percent": true,
                    "delay": 120
                },
                {
                    "eventId": "d1movement2",
                    "stock": "VOLV",
                    "change": 1.5,
                    "percent": true,
                    "delay": 300
                },
                {
                    "eventId": "d1movement3",
                    "stock": "VOLV",
                    "change": 1.5,
                    "percent": true,
                    "delay": 420
                },
                {
                    "eventId": "d1movement4",
                    "stock": "VOLV",
                    "change": 1.0,
                    "percent": true,
                    "delay": 300
                },
                {
                    "eventId": "d1movement5",
                    "stock": "VOLV",
                    "change": 0.5,
                    "percent": true,
                    "delay": 120
                }
            ],
            "earningsReport": [],
            "eventSequence": [
                {
                    "eventId": "d1article1",
                    "delay": 0
                },
                {
                    "eventId": "d1movement1",
                    "delay": 120
                },
                {
                    "eventId": "d1movement2",
                    "delay": 300
                },
                {
                    "eventId": "d1article2",
                    "delay": 9540
                },
                {
                    "eventId": "d1movement3",
                    "delay": 420
                },
                {
                    "eventId": "d1movement4",
                    "delay": 300
                },
                {
                    "eventId": "d1movement5",
                    "delay": 120
                }
            ]
        },
        {
            "number": 2,
            "articles": [
                {
                    "eventId": "d2article1",
                    "title": "Early Feedback on Volve Partnership Positive",
                    "content": "Early feedback on Volve Corporation's (VOLV) recently announced partnership with a major studio has been overwhelmingly positive. Investors remain optimistic about the potential for blockbuster films, leading to continued stock price increases.",
                    "stocks": [
                        "VOLV"
                    ],
                    "author": "Polly Profit",
                    "website": "Bull and Bear Circus"
                },
                {
                    "eventId": "d2article2",
                    "title": "Creative Differences Emerge in Volve Partnership",
                    "content": "Just a day after confirming their new partnership, reports have surfaced of creative differences between Volve Corporation (VOLV) and the major studio. The news has caused concern among investors, leading to a slight dip in stock prices.",
                    "stocks": [
                        "VOLV"
                    ],
                    "author": "Dramatic Dana",
                    "website": "Console Carnival"
                }
            ],
            "stockMovements": [
                {
                    "eventId": "d2movement1",
                    "stock": "VOLV",
                    "change": 1.0,
                    "percent": true,
                    "delay": 120
                },
                {
                    "eventId": "d2movement2",
                    "stock": "VOLV",
                    "change": 0.5,
                    "percent": true,
                    "delay": 180
                },
                {
                    "eventId": "d2movement3",
                    "stock": "VOLV",
                    "change": 1.0,
                    "percent": true,
                    "delay": 300
                },
                {
                    "eventId": "d2movement4",
                    "stock": "VOLV",
                    "change": -1.0,
                    "percent": true,
                    "delay": 120
                },
                {
                    "eventId": "d2movement5",
                    "stock": "VOLV",
                    "change": -0.5,
                    "percent": true,
                    "delay": 180
                },
                {
                    "eventId": "d2movement6",
                    "stock": "VOLV",
                    "change": -0.5,
                    "percent": true,
                    "delay": 300
                }
            ],
            "earningsReport": [],
            "eventSequence": [
                {
                    "eventId": "d2article1",
                    "delay": 0
                },
                {
                    "eventId": "d2movement1",
                    "delay": 120
                },
                {
                    "eventId": "d2movement2",
                    "delay": 180
                },
                {
                    "eventId": "d2movement3",
                    "delay": 300
                },
                {
                    "eventId": "d2article2",
                    "delay": 13800
                },
                {
                    "eventId": "d2movement4",
                    "delay": 120
                },
                {
                    "eventId": "d2movement5",
                    "delay": 180
                },
                {
                    "eventId": "d2movement6",
                    "delay": 300
                }
            ]
        },
        {
            "number": 3,
            "articles": [
                {
                    "eventId": "d3article1",
                    "title": "Volve Addresses Partnership Issues",
                    "content": "Volve Corporation (VOLV) has addressed the reports of creative differences with the major studio, affirming that they are working through the issues. However, skepticism remains among some investors, causing the stock to dip slightly.",
                    "stocks": [
                        "VOLV"
                    ],
                    "author": "Timmy Tumble",
                    "website": "Bull and Bear Circus"
                },
                {
                    "eventId": "d3article2",
                    "title": "Analysts Predict Long-Term Benefits from Volve Partnership",
                    "content": "Despite the recent concerns, analysts are predicting long-term benefits from Volve Corporation's (VOLV) partnership with the major studio. While the stock remains volatile, there is a general consensus that this move will eventually pay off for the company.",
                    "stocks": [
                        "VOLV"
                    ],
                    "author": "Gina Gadget",
                    "website": "Tech Tattler"
                }
            ],
            "stockMovements": [
                {
                    "eventId": "d3movement1",
                    "stock": "VOLV",
                    "change": -1.0,
                    "percent": true,
                    "delay": 120
                },
                {
                    "eventId": "d3movement2",
                    "stock": "VOLV",
                    "change": -0.5,
                    "percent": true,
                    "delay": 180
                },
                {
                    "eventId": "d3movement3",
                    "stock": "VOLV",
                    "change": -1.0,
                    "percent": true,
                    "delay": 300
                },
                {
                    "eventId": "d3movement4",
                    "stock": "VOLV",
                    "change": 0.5,
                    "percent": true,
                    "delay": 120
                },
                {
                    "eventId": "d3movement5",
                    "stock": "VOLV",
                    "change": 0.5,
                    "percent": true,
                    "delay": 180
                },
                {
                    "eventId": "d3movement6",
                    "stock": "VOLV",
                    "change": 0.5,
                    "percent": true,
                    "delay": 300
                }
            ],
            "earningsReport": [],
            "eventSequence": [
                {
                    "eventId": "d3article1",
                    "delay": 0
                },
                {
                    "eventId": "d3movement1",
                    "delay": 120
                },
                {
                    "eventId": "d3movement2",
                    "delay": 180
                },
                {
                    "eventId": "d3movement3",
                    "delay": 300
                },
                {
                    "eventId": "d3article2",
                    "delay": 9600
                },
                {
                    "eventId": "d3movement4",
                    "delay": 120
                },
                {
                    "eventId": "d3movement5",
                    "delay": 180
                },
                {
                    "eventId": "d3movement6",
                    "delay": 300
                }
            ]
        }
    ],
    "categories": [
        "partnership",
        "gaming"
    ],
    "timeFrame": 3
}