{
    "id": "volve_game_pricing_backlash",
    "title": "Volve Faces Backlash Over Game Pricing",
    "canRepeat": false,
    "description": "Volve Corporation faces consumer backlash over the high pricing of their new game, causing a series of stock movements before analysts calm the market.",
    "days": [
        {
            "number": 1,
            "articles": [
                {
                    "eventId": "d1article1",
                    "title": "Volve Faces Consumer Backlash Over High Pricing",
                    "content": "Volve Corporation (VOLV) is facing significant consumer backlash over the high pricing of their latest game release. Many gamers took to social media platforms to express their dissatisfaction, with some calling for boycotts of the company\u2019s products. The stock market reaction was swift, with Volve's shares dropping sharply.",
                    "stocks": [
                        "VOLV"
                    ],
                    "author": "Sally Shortsell",
                    "website": "Bull and Bear Circus"
                },
                {
                    "eventId": "d1article2",
                    "title": "Volve Defends Game Pricing Strategy",
                    "content": "Volve Corporation (VOLV) has issued a statement defending the pricing strategy of their new game. The company explained that the higher price is justified by the advanced features and extensive development costs. While the reassurance provided some stability to the stock, it remains to be seen whether the consumer backlash will subside.",
                    "stocks": [
                        "VOLV"
                    ],
                    "author": "Dramatic Dana",
                    "website": "Console Carnival"
                },
                {
                    "eventId": "d1article3",
                    "title": "Further Consumer Dissatisfaction Erupts Over Volve's Pricing",
                    "content": "Despite Volve Corporation's (VOLV) attempts to justify their game pricing, consumer dissatisfaction continues to grow. Forums and social media are flooded with complaints, and the stock has seen further declines as investors worry about the potential impact on sales. The unrest raises questions about the long-term effects of the pricing strategy.",
                    "stocks": [
                        "VOLV"
                    ],
                    "author": "Mocking Mike",
                    "website": "Gamer Giggles"
                },
                {
                    "eventId": "d1article4",
                    "title": "Analysts Predict Limited Long-Term Impact on Volve",
                    "content": "Analysts have weighed in on the controversy surrounding Volve Corporation's (VOLV) game pricing, suggesting that the impact may be limited in the long term. They argue that while the immediate consumer backlash is significant, the high quality of Volve's products is likely to sustain demand. Shortly after, the market showed signs of stabilization.",
                    "stocks": [
                        "VOLV"
                    ],
                    "author": "Timmy Tumble",
                    "website": "Bull and Bear Circus"
                }
            ],
            "stockMovements": [
                {
                    "eventId": "d1movement1",
                    "stock": "VOLV",
                    "change": -1.0,
                    "percent": true,
                    "delay": 180
                },
                {
                    "eventId": "d1movement2",
                    "stock": "VOLV",
                    "change": -0.9,
                    "percent": true,
                    "delay": 240
                },
                {
                    "eventId": "d1movement3",
                    "stock": "VOLV",
                    "change": -1.1,
                    "percent": true,
                    "delay": 180
                },
                {
                    "eventId": "d1movement4",
                    "stock": "VOLV",
                    "change": 0.5,
                    "percent": true,
                    "delay": 180
                },
                {
                    "eventId": "d1movement5",
                    "stock": "VOLV",
                    "change": 0.6,
                    "percent": true,
                    "delay": 240
                },
                {
                    "eventId": "d1movement6",
                    "stock": "VOLV",
                    "change": 0.4,
                    "percent": true,
                    "delay": 180
                },
                {
                    "eventId": "d1movement7",
                    "stock": "VOLV",
                    "change": -0.6,
                    "percent": true,
                    "delay": 240
                },
                {
                    "eventId": "d1movement8",
                    "stock": "VOLV",
                    "change": -0.6,
                    "percent": true,
                    "delay": 300
                },
                {
                    "eventId": "d1movement9",
                    "stock": "VOLV",
                    "change": -0.7,
                    "percent": true,
                    "delay": 240
                },
                {
                    "eventId": "d1movement10",
                    "stock": "VOLV",
                    "change": -0.6,
                    "percent": true,
                    "delay": 300
                },
                {
                    "eventId": "d1movement11",
                    "stock": "VOLV",
                    "change": 0.5,
                    "percent": true,
                    "delay": 300
                },
                {
                    "eventId": "d1movement12",
                    "stock": "VOLV",
                    "change": 0.5,
                    "percent": true,
                    "delay": 300
                }
            ],
            "earningsReport": [],
            "eventSequence": [
                {
                    "eventId": "d1article1",
                    "delay": 3600
                },
                {
                    "eventId": "d1movement1",
                    "delay": 300
                },
                {
                    "eventId": "d1movement2",
                    "delay": 300
                },
                {
                    "eventId": "d1movement3",
                    "delay": 300
                },
                {
                    "eventId": "d1article2",
                    "delay": 3600
                },
                {
                    "eventId": "d1movement4",
                    "delay": 300
                },
                {
                    "eventId": "d1movement5",
                    "delay": 300
                },
                {
                    "eventId": "d1movement6",
                    "delay": 300
                },
                {
                    "eventId": "d1article3",
                    "delay": 3600
                },
                {
                    "eventId": "d1movement7",
                    "delay": 300
                },
                {
                    "eventId": "d1movement8",
                    "delay": 300
                },
                {
                    "eventId": "d1movement9",
                    "delay": 300
                },
                {
                    "eventId": "d1movement10",
                    "delay": 300
                },
                {
                    "eventId": "d1article4",
                    "delay": 3600
                },
                {
                    "eventId": "d1movement11",
                    "delay": 300
                },
                {
                    "eventId": "d1movement12",
                    "delay": 300
                }
            ]
        }
    ],
    "categories": [
        "consumer_reaction",
        "gaming"
    ],
    "timeFrame": 1
}