{
    "id": "volve_acquires_indie_game_studio",
    "title": "Volve Acquires Indie Game Studio",
    "canRepeat": false,
    "description": "Volve Corporation (VOLV) makes headlines with the acquisition of a popular indie game studio, exciting fans and analysts alike.",
    "days": [
        {
            "number": 1,
            "articles": [
                {
                    "eventId": "d1article1",
                    "title": "Rumors Swirl About Volve Acquiring Popular Indie Game Studio",
                    "content": "Rumors have started circulating that Volve Corporation (VOLV) is in talks to acquire a popular indie game studio. Though details are still scarce, insiders report that this move could significantly bolster Volve's already impressive portfolio. The game studio in question has been known for its critically acclaimed titles and innovative gameplay mechanics, making this acquisition potentially very lucrative for Volve.",
                    "stocks": [
                        "VOLV"
                    ],
                    "author": "Dramatic Dana",
                    "website": "Console Carnival"
                }
            ],
            "stockMovements": [
                {
                    "eventId": "d1movement1a",
                    "stock": "VOLV",
                    "change": 0.67,
                    "percent": true,
                    "delay": 100
                },
                {
                    "eventId": "d1movement1b",
                    "stock": "VOLV",
                    "change": 0.67,
                    "percent": true,
                    "delay": 100
                },
                {
                    "eventId": "d1movement1c",
                    "stock": "VOLV",
                    "change": 0.66,
                    "percent": true,
                    "delay": 100
                }
            ],
            "eventSequence": [
                {
                    "eventId": "d1article1",
                    "delay": 0
                },
                {
                    "eventId": "d1movement1a",
                    "delay": 0
                },
                {
                    "eventId": "d1movement1b",
                    "delay": 100
                },
                {
                    "eventId": "d1movement1c",
                    "delay": 100
                }
            ]
        },
        {
            "number": 1,
            "articles": [
                {
                    "eventId": "d1article2",
                    "title": "Volve Confirms Acquisition of Indie Game Studio",
                    "content": "Volve Corporation (VOLV) has officially confirmed the acquisition of a popular indie game studio. This strategic move is aimed at bolstering Volve's game development capabilities and diversifying its game portfolio. Volve's CEO stated that this acquisition would bring fresh, creative ideas into the fold, potentially leading to the development of new, innovative game titles. The announcement has been well-received, causing a positive buzz within the industry and among gaming communities.",
                    "stocks": [
                        "VOLV"
                    ],
                    "author": "Epic Eric",
                    "website": "Console Carnival"
                }
            ],
            "stockMovements": [
                {
                    "eventId": "d1movement2a",
                    "stock": "VOLV",
                    "change": 0.83,
                    "percent": true,
                    "delay": 100
                },
                {
                    "eventId": "d1movement2b",
                    "stock": "VOLV",
                    "change": 0.83,
                    "percent": true,
                    "delay": 100
                },
                {
                    "eventId": "d1movement2c",
                    "stock": "VOLV",
                    "change": 0.84,
                    "percent": true,
                    "delay": 100
                }
            ],
            "eventSequence": [
                {
                    "eventId": "d1article2",
                    "delay": 6900
                },
                {
                    "eventId": "d1movement2a",
                    "delay": 0
                },
                {
                    "eventId": "d1movement2b",
                    "delay": 100
                },
                {
                    "eventId": "d1movement2c",
                    "delay": 100
                }
            ]
        },
        {
            "number": 2,
            "articles": [
                {
                    "eventId": "d2article1",
                    "title": "Analysts Praise Volve's Strategic Move",
                    "content": "Financial analysts have weighed in on Volve Corporation\u2019s (VOLV) recent acquisition of a popular indie game studio, praising the strategic move. According to industry experts, the acquisition is expected to drive significant growth for Volve by expanding their game development resources and introducing new, innovative titles to their lineup. The move is seen as a bold step in solidifying Volve\u2019s position in the competitive gaming market.",
                    "stocks": [
                        "VOLV"
                    ],
                    "author": "Polly Profit",
                    "website": "Bull and Bear Circus"
                }
            ],
            "stockMovements": [
                {
                    "eventId": "d2movement1a",
                    "stock": "VOLV",
                    "change": 0.75,
                    "percent": true,
                    "delay": 100
                },
                {
                    "eventId": "d2movement1b",
                    "stock": "VOLV",
                    "change": 0.75,
                    "percent": true,
                    "delay": 100
                },
                {
                    "eventId": "d2movement1c",
                    "stock": "VOLV",
                    "change": 0.75,
                    "percent": true,
                    "delay": 100
                },
                {
                    "eventId": "d2movement1d",
                    "stock": "VOLV",
                    "change": 0.75,
                    "percent": true,
                    "delay": 100
                }
            ],
            "eventSequence": [
                {
                    "eventId": "d2article1",
                    "delay": 0
                },
                {
                    "eventId": "d2movement1a",
                    "delay": 0
                },
                {
                    "eventId": "d2movement1b",
                    "delay": 100
                },
                {
                    "eventId": "d2movement1c",
                    "delay": 100
                },
                {
                    "eventId": "d2movement1d",
                    "delay": 100
                }
            ]
        },
        {
            "number": 2,
            "articles": [
                {
                    "eventId": "d2article2",
                    "title": "Early Collaboration Details Excite Fans",
                    "content": "Early details of the collaboration between Volve Corporation (VOLV) and the newly acquired indie game studio have emerged, igniting excitement among fans. The two companies are reportedly working on a groundbreaking new game that combines the innovative design of the indie studio with Volve\u2019s robust development resources. This collaboration is anticipated to result in exceptional new titles that will captivate gamers worldwide. The positive reception from the gaming community has further boosted investor confidence in Volve\u2019s latest acquisition.",
                    "stocks": [
                        "VOLV"
                    ],
                    "author": "Passionate Paula",
                    "website": "Console Carnival"
                }
            ],
            "stockMovements": [
                {
                    "eventId": "d2movement2a",
                    "stock": "VOLV",
                    "change": 0.83,
                    "percent": true,
                    "delay": 100
                },
                {
                    "eventId": "d2movement2b",
                    "stock": "VOLV",
                    "change": 0.83,
                    "percent": true,
                    "delay": 100
                },
                {
                    "eventId": "d2movement2c",
                    "stock": "VOLV",
                    "change": 0.84,
                    "percent": true,
                    "delay": 100
                }
            ],
            "eventSequence": [
                {
                    "eventId": "d2article2",
                    "delay": 14000
                },
                {
                    "eventId": "d2movement2a",
                    "delay": 0
                },
                {
                    "eventId": "d2movement2b",
                    "delay": 100
                },
                {
                    "eventId": "d2movement2c",
                    "delay": 100
                }
            ]
        }
    ],
    "categories": [
        "acquisitions",
        "gaming"
    ],
    "timeFrame": 2
}