{
    "id": "volve_game_backlash",
    "title": "Volve's New Game Faces Backlash Over Microtransactions",
    "canRepeat": false,
    "description": "Volve's recently released game faces significant backlash from players over the inclusion of microtransactions, causing the stock price to drop over two days.",
    "days": [
        {
            "number": 1,
            "articles": [
                {
                    "eventId": "d1article1",
                    "title": "Volve's New Game Faces Massive Player Backlash",
                    "content": "Volve Corporation (VOLV) is under fire as players express their outrage over the rampant microtransactions in the company's latest game. Gamers have taken to social media to vent their frustration, accusing Volve of being greedy and exploiting their fan base. The backlash has led to a noticeable drop in the company's stock price, reflecting investor concerns about potential long-term damage to the brand.",
                    "stocks": [
                        "VOLV"
                    ],
                    "author": "Mocking Mike",
                    "website": "gamergiggles.com"
                },
                {
                    "eventId": "d1article2",
                    "title": "Volve Defends Microtransaction Practices Amidst Growing Skepticism",
                    "content": "In response to the player backlash, Volve (VOLV) has released a statement defending its use of microtransactions in its new game. The company claims that these transactions are optional and provide additional content for those who wish to enhance their gaming experience. Despite these assurances, many players remain skeptical, arguing that the game's core mechanics are designed to incentivize spending money. The ongoing skepticism has kept investor sentiment lukewarm, further affecting the stock price.",
                    "stocks": [
                        "VOLV"
                    ],
                    "author": "Dramatic Dana",
                    "website": "consolecarnival.com"
                }
            ],
            "stockMovements": [
                {
                    "eventId": "d1movement1",
                    "stock": "VOLV",
                    "change": -1.0,
                    "percent": true
                },
                {
                    "eventId": "d1movement2",
                    "stock": "VOLV",
                    "change": -0.8,
                    "percent": true
                },
                {
                    "eventId": "d1movement3",
                    "stock": "VOLV",
                    "change": -0.7,
                    "percent": true
                },
                {
                    "eventId": "d1movement4",
                    "stock": "VOLV",
                    "change": -0.5,
                    "percent": true
                }
            ],
            "earningsReport": [],
            "eventSequence": [
                {
                    "eventId": "d1article1",
                    "delay": 0
                },
                {
                    "eventId": "d1movement1",
                    "delay": 40
                },
                {
                    "eventId": "d1movement2",
                    "delay": 70
                },
                {
                    "eventId": "d1movement3",
                    "delay": 90
                },
                {
                    "eventId": "d1movement4",
                    "delay": 120
                },
                {
                    "eventId": "d1article2",
                    "delay": 10480
                }
            ]
        },
        {
            "number": 2,
            "articles": [
                {
                    "eventId": "d2article1",
                    "title": "Major Gaming Outlets Criticize Volve's New Game",
                    "content": "The situation for Volve Corporation (VOLV) worsens as major gaming outlets join in the criticism of the new game's microtransaction model. Leading gaming sites have published scathing reviews, calling out Volve for prioritizing profit over player satisfaction. The critical coverage has intensified the backlash, leading to further stock declines as investors worry about the game's future and Volve's management decisions.",
                    "stocks": [
                        "VOLV"
                    ],
                    "author": "Epic Eric",
                    "website": "consolecarnival.com"
                },
                {
                    "eventId": "d2article2",
                    "title": "Volve Vows to Address Microtransaction Concerns Amidst Mounting Criticism",
                    "content": "In an effort to salvage the situation, Volve (VOLV) has promised to release updates that will address the players' concerns about microtransactions. The company announced plans to introduce more ways for players to earn in-game content without spending money and to make adjustments to the game's balance. However, the damage has been done, and the stock price continues to suffer due to the ongoing negative sentiment.",
                    "stocks": [
                        "VOLV"
                    ],
                    "author": "Silly Sam",
                    "website": "gamergiggles.com"
                }
            ],
            "stockMovements": [
                {
                    "eventId": "d2movement1",
                    "stock": "VOLV",
                    "change": -1.2,
                    "percent": true
                },
                {
                    "eventId": "d2movement2",
                    "stock": "VOLV",
                    "change": -1.0,
                    "percent": true
                },
                {
                    "eventId": "d2movement3",
                    "stock": "VOLV",
                    "change": -0.8,
                    "percent": true
                },
                {
                    "eventId": "d2movement4",
                    "stock": "VOLV",
                    "change": -0.5,
                    "percent": true
                },
                {
                    "eventId": "d2movement5",
                    "stock": "VOLV",
                    "change": -1.0,
                    "percent": true
                },
                {
                    "eventId": "d2movement6",
                    "stock": "VOLV",
                    "change": -0.9,
                    "percent": true
                },
                {
                    "eventId": "d2movement7",
                    "stock": "VOLV",
                    "change": -0.6,
                    "percent": true
                }
            ],
            "earningsReport": [],
            "eventSequence": [
                {
                    "eventId": "d2article1",
                    "delay": 0
                },
                {
                    "eventId": "d2movement1",
                    "delay": 50
                },
                {
                    "eventId": "d2movement2",
                    "delay": 70
                },
                {
                    "eventId": "d2movement3",
                    "delay": 90
                },
                {
                    "eventId": "d2movement4",
                    "delay": 120
                },
                {
                    "eventId": "d2article2",
                    "delay": 14000
                },
                {
                    "eventId": "d2movement5",
                    "delay": 50
                },
                {
                    "eventId": "d2movement6",
                    "delay": 70
                },
                {
                    "eventId": "d2movement7",
                    "delay": 90
                }
            ]
        }
    ],
    "categories": [
        "controversy",
        "gaming"
    ],
    "timeFrame": 2
}