{
    "id": "volve_expands_steamworks",
    "title": "Volve Expands SteamWorks to New Regions",
    "canRepeat": false,
    "description": "Volve Corporation (VOLV) announces plans to expand its SteamWorks platform to new international regions, targeting emerging markets and boosting its stock price.",
    "days": [
        {
            "number": 1,
            "articles": [
                {
                    "eventId": "d1article1",
                    "title": "Volve Hints at SteamWorks Expansion",
                    "content": "Rumors are circulating that Volve Corporation (VOLV) is planning to expand its SteamWorks platform to new international regions. Speculations began after a recent job posting hinted at the company's plans to target emerging markets. Many believe this move could significantly enhance Volve\u2019s global reach and market presence, potentially tapping into previously untapped user bases.",
                    "stocks": [
                        "VOLV"
                    ],
                    "author": "Freddy Fortune",
                    "website": "Moolah Misfits"
                },
                {
                    "eventId": "d1article2",
                    "title": "Volve Confirms SteamWorks Expansion",
                    "content": "Volve Corporation (VOLV) has confirmed that it is expanding its SteamWorks platform to new international regions. The company's spokesperson highlighted that this strategic move aims to enter emerging markets with high growth potential. The confirmation has been welcomed by investors, and industry analysts are optimistic about the prospective increase in user base and revenue.",
                    "stocks": [
                        "VOLV"
                    ],
                    "author": "Diana Data",
                    "website": "Silicon Circus"
                }
            ],
            "stockMovements": [
                {
                    "eventId": "d1m1",
                    "stock": "VOLV",
                    "change": 0.5,
                    "percent": true
                },
                {
                    "eventId": "d1m2",
                    "stock": "VOLV",
                    "change": 0.5,
                    "percent": true
                },
                {
                    "eventId": "d1m3",
                    "stock": "VOLV",
                    "change": 0.5,
                    "percent": true
                },
                {
                    "eventId": "d1m4",
                    "stock": "VOLV",
                    "change": 0.5,
                    "percent": true
                },
                {
                    "eventId": "d1m5",
                    "stock": "VOLV",
                    "change": 0.5,
                    "percent": true
                },
                {
                    "eventId": "d1m6",
                    "stock": "VOLV",
                    "change": 1,
                    "percent": true
                }
            ],
            "earningsReport": [],
            "eventSequence": [
                {
                    "eventId": "d1article1",
                    "delay": 0
                },
                {
                    "eventId": "d1m1",
                    "delay": 5
                },
                {
                    "eventId": "d1m2",
                    "delay": 10
                },
                {
                    "eventId": "d1m3",
                    "delay": 20
                },
                {
                    "eventId": "d1article2",
                    "delay": 7145
                },
                {
                    "eventId": "d1m4",
                    "delay": 120
                },
                {
                    "eventId": "d1m5",
                    "delay": 140
                },
                {
                    "eventId": "d1m6",
                    "delay": 180
                }
            ]
        },
        {
            "number": 2,
            "articles": [
                {
                    "eventId": "d2article1",
                    "title": "Analysts Praise Volve\u2019s Strategic Move",
                    "content": "Financial analysts have praised Volve Corporation (VOLV) for its strategic decision to expand the SteamWorks platform to new international regions. They predict that this expansion will lead to significant market growth, particularly in emerging regions where digital infrastructure is rapidly developing. Investors have responded positively to the news, and Volve\u2019s stock is seeing a steady upward trend.",
                    "stocks": [
                        "VOLV"
                    ],
                    "author": "Polly Profit",
                    "website": "Bull and Bear Circus"
                },
                {
                    "eventId": "d2article2",
                    "title": "Early Feedback on SteamWorks Expansion is Positive",
                    "content": "Early user feedback on Volve Corporation\u2019s (VOLV) SteamWorks expansion has been overwhelmingly positive. Users in the new regions have reported a smooth onboarding experience and are excited about the increased accessibility to digital gaming content. This positive feedback has boosted investor confidence, as it suggests that the expansion could lead to sustained growth and increased market share for Volve.",
                    "stocks": [
                        "VOLV"
                    ],
                    "author": "Epic Eric",
                    "website": "Console Carnival"
                }
            ],
            "stockMovements": [
                {
                    "eventId": "d2m1",
                    "stock": "VOLV",
                    "change": 1,
                    "percent": true
                },
                {
                    "eventId": "d2m2",
                    "stock": "VOLV",
                    "change": 0.5,
                    "percent": true
                },
                {
                    "eventId": "d2m3",
                    "stock": "VOLV",
                    "change": 1,
                    "percent": true
                },
                {
                    "eventId": "d2m4",
                    "stock": "VOLV",
                    "change": 0.5,
                    "percent": true
                },
                {
                    "eventId": "d2m5",
                    "stock": "VOLV",
                    "change": 0.5,
                    "percent": true
                },
                {
                    "eventId": "d2m6",
                    "stock": "VOLV",
                    "change": 1,
                    "percent": true
                }
            ],
            "earningsReport": [],
            "eventSequence": [
                {
                    "eventId": "d2article1",
                    "delay": 0
                },
                {
                    "eventId": "d2m1",
                    "delay": 60
                },
                {
                    "eventId": "d2m2",
                    "delay": 80
                },
                {
                    "eventId": "d2m3",
                    "delay": 100
                },
                {
                    "eventId": "d2article2",
                    "delay": 14000
                },
                {
                    "eventId": "d2m4",
                    "delay": 200
                },
                {
                    "eventId": "d2m5",
                    "delay": 220
                },
                {
                    "eventId": "d2m6",
                    "delay": 300
                }
            ]
        }
    ],
    "categories": [
        "expansion",
        "video_games"
    ],
    "timeFrame": 2
}