{
    "id": "volv_new_game_faces_delays",
    "title": "Volve's New Game Faces Delays",
    "canRepeat": false,
    "description": "Volve faced significant delays in the release of its new game, causing initial drops in stock value. However, reassurances and strategic partnerships led to partial recoveries.",
    "days": [
        {
            "number": 1,
            "articles": [
                {
                    "eventId": "d1article1",
                    "title": "Volve Announces Unanticipated Delays for Upcoming Game",
                    "content": "In a surprising turn of events, Volve Corporation (VOLV) announced unforeseen delays in the release of its highly awaited game, 'Aperture 3.' The main reason cited was logistical and technical barriers faced during the final stages of development. Investors were left disappointed and concerned over possible repercussions for the company's short-term financial outlook. This news comes at a delicate time for Volve, which had stirred significant interest and anticipation for its third installment in the popular series.",
                    "stocks": [
                        "VOLV"
                    ],
                    "author": "Timmy Tumble",
                    "website": "Bull and Bear Circus"
                }
            ],
            "stockMovements": [
                {
                    "eventId": "d1movement1a",
                    "stock": "VOLV",
                    "change": -0.8,
                    "percent": true,
                    "delay": 60
                },
                {
                    "eventId": "d1movement1b",
                    "stock": "VOLV",
                    "change": -0.7,
                    "percent": true,
                    "delay": 120
                },
                {
                    "eventId": "d1movement1c",
                    "stock": "VOLV",
                    "change": -0.5,
                    "percent": true,
                    "delay": 120
                }
            ],
            "earningsReport": [],
            "eventSequence": [
                {
                    "eventId": "d1article1",
                    "delay": 0
                },
                {
                    "eventId": "d1movement1a",
                    "delay": 0
                },
                {
                    "eventId": "d1movement1b",
                    "delay": 60
                },
                {
                    "eventId": "d1movement1c",
                    "delay": 180
                },
                {
                    "eventId": "d1article2",
                    "delay": 10020
                }
            ]
        },
        {
            "number": 1,
            "articles": [
                {
                    "eventId": "d1article2",
                    "title": "Volve Reassures Investors Despite Delay Issues",
                    "content": "Following the disappointing news of delays in the new game release, Volve Corporation (VOLV) issued a statement to calm investor concerns. The company outlined robust plans to overcome the unexpected hurdles and emphasized its commitment to delivering a polished and high-quality gaming experience. Volve assured stakeholders that they were taking proactive steps to mitigate any further delays and indicated that key improvements were already underway.",
                    "stocks": [
                        "VOLV"
                    ],
                    "author": "Polly Profit",
                    "website": "Bull and Bear Circus"
                }
            ],
            "stockMovements": [
                {
                    "eventId": "d1movement2a",
                    "stock": "VOLV",
                    "change": 0.5,
                    "percent": true,
                    "delay": 60
                },
                {
                    "eventId": "d1movement2b",
                    "stock": "VOLV",
                    "change": 0.5,
                    "percent": true,
                    "delay": 120
                },
                {
                    "eventId": "d1movement2c",
                    "stock": "VOLV",
                    "change": 0.5,
                    "percent": true,
                    "delay": 120
                }
            ],
            "earningsReport": [],
            "eventSequence": [
                {
                    "eventId": "d1article2",
                    "delay": 0
                },
                {
                    "eventId": "d1movement2a",
                    "delay": 0
                },
                {
                    "eventId": "d1movement2b",
                    "delay": 60
                },
                {
                    "eventId": "d1movement2c",
                    "delay": 180
                }
            ]
        },
        {
            "number": 2,
            "articles": [
                {
                    "eventId": "d2article1",
                    "title": "New Technical Challenges Emerge for Volve's Latest Game",
                    "content": "The turbulence for Volve Corporation (VOLV) continues as further technical challenges were reported concerning their eagerly anticipated game release. Industry insiders have noted severe setbacks in development, raising alarms amongst the investor community. Some analysts suggest these issues could potentially delay the game even further, or worse, affect the quality upon release. Investors have shown renewed concern, underscoring the precarious situation the company finds itself in.",
                    "stocks": [
                        "VOLV"
                    ],
                    "author": "Freddy Fortune",
                    "website": "Moolah Misfits"
                }
            ],
            "stockMovements": [
                {
                    "eventId": "d2movement1a",
                    "stock": "VOLV",
                    "change": -1,
                    "percent": true,
                    "delay": 60
                },
                {
                    "eventId": "d2movement1b",
                    "stock": "VOLV",
                    "change": -0.8,
                    "percent": true,
                    "delay": 120
                },
                {
                    "eventId": "d2movement1c",
                    "stock": "VOLV",
                    "change": -0.7,
                    "percent": true,
                    "delay": 120
                }
            ],
            "earningsReport": [],
            "eventSequence": [
                {
                    "eventId": "d2article1",
                    "delay": 0
                },
                {
                    "eventId": "d2movement1a",
                    "delay": 0
                },
                {
                    "eventId": "d2movement1b",
                    "delay": 60
                },
                {
                    "eventId": "d2movement1c",
                    "delay": 180
                },
                {
                    "eventId": "d2article2",
                    "delay": 13940
                }
            ]
        },
        {
            "number": 2,
            "articles": [
                {
                    "eventId": "d2article2",
                    "title": "Volve Announces Strategic Partnerships to Expedite Production",
                    "content": "In a bid to alleviate the concerns of both investors and the gaming community, Volve Corporation (VOLV) announced new strategic partnerships designed to expedite the final stages of game production. The announcement was well-received in the market, as investors gained confidence in Volve's proactive measures to deliver on its promises despite recent setbacks. The new partnerships involve technology and gaming hardware companies that are expected to assist in overcoming existing technical barriers, thereby ensuring timely delivery of the eagerly awaited title.",
                    "stocks": [
                        "VOLV"
                    ],
                    "author": "Epic Eric",
                    "website": "Console Carnival"
                }
            ],
            "stockMovements": [
                {
                    "eventId": "d2movement2a",
                    "stock": "VOLV",
                    "change": 0.7,
                    "percent": true,
                    "delay": 60
                },
                {
                    "eventId": "d2movement2b",
                    "stock": "VOLV",
                    "change": 0.7,
                    "percent": true,
                    "delay": 120
                },
                {
                    "eventId": "d2movement2c",
                    "stock": "VOLV",
                    "change": 0.6,
                    "percent": true,
                    "delay": 120
                }
            ],
            "earningsReport": [],
            "eventSequence": [
                {
                    "eventId": "d2article2",
                    "delay": 0
                },
                {
                    "eventId": "d2movement2a",
                    "delay": 0
                },
                {
                    "eventId": "d2movement2b",
                    "delay": 60
                },
                {
                    "eventId": "d2movement2c",
                    "delay": 180
                }
            ]
        }
    ],
    "categories": [
        "product_delays",
        "gaming"
    ],
    "timeFrame": 2
}