{
    "id": "volve_new_feature_for_steamworks",
    "title": "Volve Introduced New Feature for SteamWorks",
    "canRepeat": false,
    "description": "Volve introduces a new feature for SteamWorks which initially excites the market but faces skepticism before eventually stabilizing with positive demos.",
    "days": [
        {
            "number": 1,
            "articles": [
                {
                    "eventId": "d1article1",
                    "title": "Rumors Spread About New SteamWorks Feature",
                    "content": "Rumors are swirling that Volve Corporation (VOLV) is set to introduce a brand-new feature for its popular SteamWorks platform. Industry insiders suggest that this feature could enhance user experience significantly, and early market reactions seem optimistic.",
                    "stocks": [
                        "VOLV"
                    ],
                    "author": "Epic Eric",
                    "website": "ConsoleCarnival.com"
                }
            ],
            "stockMovements": [
                {
                    "eventId": "d1movement1_1",
                    "stock": "VOLV",
                    "change": 1.0,
                    "percent": true,
                    "delay": 100
                },
                {
                    "eventId": "d1movement1_2",
                    "stock": "VOLV",
                    "change": 0.5,
                    "percent": true,
                    "delay": 200
                },
                {
                    "eventId": "d1movement1_3",
                    "stock": "VOLV",
                    "change": 1.0,
                    "percent": true,
                    "delay": 300
                }
            ],
            "eventSequence": [
                {
                    "eventId": "d1article1",
                    "delay": 0
                },
                {
                    "eventId": "d1movement1_1",
                    "delay": 0
                },
                {
                    "eventId": "d1movement1_2",
                    "delay": 100
                },
                {
                    "eventId": "d1movement1_3",
                    "delay": 200
                },
                {
                    "eventId": "d1article2",
                    "delay": 6600
                }
            ]
        },
        {
            "number": 1,
            "articles": [
                {
                    "eventId": "d1article2",
                    "title": "Volve Confirms New Feature for SteamWorks",
                    "content": "Volve Corporation (VOLV) has officially confirmed the upcoming release of a new feature for SteamWorks. The announcement promises a host of benefits for gamers, including improved user interface and enhanced community features. The market is buzzing with excitement and the stock has seen a notable uptick.",
                    "stocks": [
                        "VOLV"
                    ],
                    "author": "Dramatic Dana",
                    "website": "ConsoleCarnival.com"
                }
            ],
            "stockMovements": [
                {
                    "eventId": "d1movement2_1",
                    "stock": "VOLV",
                    "change": 1.0,
                    "percent": true,
                    "delay": 100
                },
                {
                    "eventId": "d1movement2_2",
                    "stock": "VOLV",
                    "change": 1.0,
                    "percent": true,
                    "delay": 200
                },
                {
                    "eventId": "d1movement2_3",
                    "stock": "VOLV",
                    "change": 1.0,
                    "percent": true,
                    "delay": 200
                },
                {
                    "eventId": "d1movement2_4",
                    "stock": "VOLV",
                    "change": 0.5,
                    "percent": true,
                    "delay": 300
                }
            ],
            "eventSequence": [
                {
                    "eventId": "d1article2",
                    "delay": 6600
                },
                {
                    "eventId": "d1movement2_1",
                    "delay": 0
                },
                {
                    "eventId": "d1movement2_2",
                    "delay": 100
                },
                {
                    "eventId": "d1movement2_3",
                    "delay": 200
                },
                {
                    "eventId": "d1movement2_4",
                    "delay": 200
                },
                {
                    "eventId": "d1article3",
                    "delay": 6400
                }
            ]
        },
        {
            "number": 1,
            "articles": [
                {
                    "eventId": "d1article3",
                    "title": "Skepticism Arises Around New SteamWorks Feature",
                    "content": "Despite the initial excitement, some analysts are expressing skepticism about the practicality of Volve's new feature for SteamWorks. Concerns have been raised about its long-term viability and potential technical challenges. This has led to a slight dip in the stock.",
                    "stocks": [
                        "VOLV"
                    ],
                    "author": "Carl Calamity",
                    "website": "MoolahMisfits.com"
                }
            ],
            "stockMovements": [
                {
                    "eventId": "d1movement3_1",
                    "stock": "VOLV",
                    "change": -0.5,
                    "percent": true,
                    "delay": 100
                },
                {
                    "eventId": "d1movement3_2",
                    "stock": "VOLV",
                    "change": -0.5,
                    "percent": true,
                    "delay": 200
                },
                {
                    "eventId": "d1movement3_3",
                    "stock": "VOLV",
                    "change": -1.0,
                    "percent": true,
                    "delay": 100
                }
            ],
            "eventSequence": [
                {
                    "eventId": "d1article3",
                    "delay": 6400
                },
                {
                    "eventId": "d1movement3_1",
                    "delay": 0
                },
                {
                    "eventId": "d1movement3_2",
                    "delay": 100
                },
                {
                    "eventId": "d1movement3_3",
                    "delay": 200
                },
                {
                    "eventId": "d1article4",
                    "delay": 6400
                }
            ]
        },
        {
            "number": 1,
            "articles": [
                {
                    "eventId": "d1article4",
                    "title": "Volve Reassures Users with Successful Demos",
                    "content": "In response to rising skepticism, Volve Corporation (VOLV) has conducted several successful demos showcasing the new SteamWorks feature's capabilities. The demos have been well received by the community and have alleviated many concerns. As a result, the stock has started to recover.",
                    "stocks": [
                        "VOLV"
                    ],
                    "author": "Freddy Fortune",
                    "website": "MoolahMisfits.com"
                }
            ],
            "stockMovements": [
                {
                    "eventId": "d1movement4_1",
                    "stock": "VOLV",
                    "change": 1.0,
                    "percent": true,
                    "delay": 100
                },
                {
                    "eventId": "d1movement4_2",
                    "stock": "VOLV",
                    "change": 0.5,
                    "percent": true,
                    "delay": 200
                },
                {
                    "eventId": "d1movement4_3",
                    "stock": "VOLV",
                    "change": 0.5,
                    "percent": true,
                    "delay": 300
                }
            ],
            "eventSequence": [
                {
                    "eventId": "d1article4",
                    "delay": 6400
                },
                {
                    "eventId": "d1movement4_1",
                    "delay": 0
                },
                {
                    "eventId": "d1movement4_2",
                    "delay": 100
                },
                {
                    "eventId": "d1movement4_3",
                    "delay": 200
                }
            ]
        }
    ],
    "categories": [
        "technology",
        "gaming"
    ],
    "timeFrame": 1
}