{
    "id": "electroarts_partners_major_studio",
    "title": "ElectroArts Partners with Major Studio for Game Adaptations",
    "canRepeat": false,
    "description": "ElectroArts announces a partnership with a major studio to develop game adaptations of its popular titles, leading to a volatile stock journey.",
    "days": [
        {
            "number": 1,
            "articles": [
                {
                    "eventId": "d1article1",
                    "title": "Rumors Swirl About ElectroArts Partnership",
                    "content": "Rumors are circulating that ElectroArts (ELAR) might be partnering with a major studio to create game adaptations of its beloved franchises. This potential partnership could open new doors for both the gaming and movie industries, driving significant revenue streams. Investors are buzzing with excitement at the prospect, leading to an immediate uplift in ElectroArts' stock prices.",
                    "stocks": [
                        "ELAR"
                    ],
                    "author": "Polly Profit",
                    "website": "Bull and Bear Circus"
                }
            ],
            "stockMovements": [
                {
                    "eventId": "d1movement1",
                    "stock": "ELAR",
                    "change": 0.5,
                    "percent": true,
                    "delay": 180
                },
                {
                    "eventId": "d1movement2",
                    "stock": "ELAR",
                    "change": 1.0,
                    "percent": true,
                    "delay": 240
                },
                {
                    "eventId": "d1movement3",
                    "stock": "ELAR",
                    "change": 1.0,
                    "percent": true,
                    "delay": 300
                }
            ],
            "earningsReport": [],
            "eventSequence": [
                {
                    "eventId": "d1article1",
                    "delay": 0
                },
                {
                    "eventId": "d1movement1",
                    "delay": 0
                },
                {
                    "eventId": "d1movement2",
                    "delay": 180
                },
                {
                    "eventId": "d1movement3",
                    "delay": 240
                },
                {
                    "eventId": "d1article2",
                    "delay": 10080
                }
            ]
        },
        {
            "number": 2,
            "articles": [
                {
                    "eventId": "d2article1",
                    "title": "ElectroArts Confirms Major Studio Partnership!",
                    "content": "Big news in the gaming and entertainment world! ElectroArts (ELAR) has officially confirmed their partnership with a major film studio to adapt some of their most popular game franchises into movies. This announcement has the potential to turn some beloved games into blockbuster hits. The stock market has reacted positively, with ELAR stocks seeing a noticeable rise.",
                    "stocks": [
                        "ELAR"
                    ],
                    "author": "Warren Buffoon",
                    "website": "Cash Clown"
                }
            ],
            "stockMovements": [
                {
                    "eventId": "d2movement1",
                    "stock": "ELAR",
                    "change": 1.0,
                    "percent": true,
                    "delay": 300
                },
                {
                    "eventId": "d2movement2",
                    "stock": "ELAR",
                    "change": 1.0,
                    "percent": true,
                    "delay": 360
                },
                {
                    "eventId": "d2movement3",
                    "stock": "ELAR",
                    "change": 1.0,
                    "percent": true,
                    "delay": 420
                }
            ],
            "earningsReport": [],
            "eventSequence": [
                {
                    "eventId": "d2article1",
                    "delay": 3600
                },
                {
                    "eventId": "d2movement1",
                    "delay": 300
                },
                {
                    "eventId": "d2movement2",
                    "delay": 300
                },
                {
                    "eventId": "d2movement3",
                    "delay": 300
                },
                {
                    "eventId": "d2article2",
                    "delay": 3600
                }
            ]
        },
        {
            "number": 2,
            "articles": [
                {
                    "eventId": "d3article1",
                    "title": "ElectroArts Partnership Receives Positive Feedback",
                    "content": "The initial responses to the ElectroArts (ELAR) and major studio partnership have been overwhelmingly positive. Fans are excited about seeing their favorite games transformed into movies, and industry experts are already predicting blockbuster successes. This optimism is reflected in the market, with ELAR stock continuing to climb.",
                    "stocks": [
                        "ELAR"
                    ],
                    "author": "Trendy Tina",
                    "website": "Trend Tribune"
                }
            ],
            "stockMovements": [
                {
                    "eventId": "d3movement1",
                    "stock": "ELAR",
                    "change": 1.0,
                    "percent": true,
                    "delay": 300
                },
                {
                    "eventId": "d3movement2",
                    "stock": "ELAR",
                    "change": 1.0,
                    "percent": true,
                    "delay": 360
                },
                {
                    "eventId": "d3movement3",
                    "stock": "ELAR",
                    "change": 0.5,
                    "percent": true,
                    "delay": 540
                }
            ],
            "earningsReport": [],
            "eventSequence": [
                {
                    "eventId": "d3article1",
                    "delay": 0
                },
                {
                    "eventId": "d3movement1",
                    "delay": 0
                },
                {
                    "eventId": "d3movement2",
                    "delay": 300
                },
                {
                    "eventId": "d3movement3",
                    "delay": 360
                },
                {
                    "eventId": "d3article2",
                    "delay": 13200
                }
            ]
        },
        {
            "number": 2,
            "articles": [
                {
                    "eventId": "d4article1",
                    "title": "Creative Differences Emerge in ElectroArts Partnership",
                    "content": "Despite the initial wave of positive feedback, reports have emerged of creative differences between ElectroArts (ELAR) and their new studio partner. Insiders say that both sides have strong opinions, leading to potential conflicts in the development process. The stock took a hit as investors grew concerned about these creative disagreements and what they could mean for the project's future success.",
                    "stocks": [
                        "ELAR"
                    ],
                    "author": "Betty Bungle",
                    "website": "Cash Clown"
                }
            ],
            "stockMovements": [
                {
                    "eventId": "d4movement1",
                    "stock": "ELAR",
                    "change": 0.5,
                    "percent": true,
                    "delay": 240
                },
                {
                    "eventId": "d4movement2",
                    "stock": "ELAR",
                    "change": -1.0,
                    "percent": true,
                    "delay": 300
                },
                {
                    "eventId": "d4movement3",
                    "stock": "ELAR",
                    "change": -0.5,
                    "percent": true,
                    "delay": 360
                }
            ],
            "earningsReport": [],
            "eventSequence": [
                {
                    "eventId": "d4article1",
                    "delay": 3600
                },
                {
                    "eventId": "d4movement1",
                    "delay": 300
                },
                {
                    "eventId": "d4movement2",
                    "delay": 300
                },
                {
                    "eventId": "d4movement3",
                    "delay": 300
                },
                {
                    "eventId": "d4article2",
                    "delay": 3600
                }
            ]
        },
        {
            "number": 3,
            "articles": [
                {
                    "eventId": "d5article1",
                    "title": "ElectroArts Addresses Creative Differences",
                    "content": "In response to recent reports, ElectroArts (ELAR) has issued a statement addressing the creative differences with their studio partner. The company assured investors that both parties are committed to resolving these issues and continuing with the project. Despite these reassurances, skepticism remains in the market, leading to another dip in stock prices. Many investors are cautious and are adopting a wait-and-see approach to the unfolding situation.",
                    "stocks": [
                        "ELAR"
                    ],
                    "author": "Misty Bankroll",
                    "website": "Cash Clown"
                }
            ],
            "stockMovements": [
                {
                    "eventId": "d5movement1",
                    "stock": "ELAR",
                    "change": -1.5,
                    "percent": true,
                    "delay": 180
                },
                {
                    "eventId": "d5movement2",
                    "stock": "ELAR",
                    "change": -1.0,
                    "percent": true,
                    "delay": 240
                },
                {
                    "eventId": "d5movement3",
                    "stock": "ELAR",
                    "change": 0.0,
                    "percent": true,
                    "delay": 300
                }
            ],
            "earningsReport": [],
            "eventSequence": [
                {
                    "eventId": "d5article1",
                    "delay": 0
                },
                {
                    "eventId": "d5movement1",
                    "delay": 0
                },
                {
                    "eventId": "d5movement2",
                    "delay": 180
                },
                {
                    "eventId": "d5movement3",
                    "delay": 240
                },
                {
                    "eventId": "d5article2",
                    "delay": 10080
                }
            ]
        },
        {
            "number": 3,
            "articles": [
                {
                    "eventId": "d6article1",
                    "title": "Analysts Predict Long-term Benefits for ElectroArts",
                    "content": "Despite the turbulence, some market analysts are optimistic about the long-term benefits of the partnership between ElectroArts (ELAR) and the major studio. They argue that such collaborations often face initial hurdles but have the potential to yield significant rewards. As a result, the stock is starting to stabilize, though it remains volatile. Investors are advised to keep a close watch as the project progresses.",
                    "stocks": [
                        "ELAR"
                    ],
                    "author": "Polly Profit",
                    "website": "Bull and Bear Circus"
                }
            ],
            "stockMovements": [
                {
                    "eventId": "d6movement1",
                    "stock": "ELAR",
                    "change": 1.0,
                    "percent": true,
                    "delay": 180
                },
                {
                    "eventId": "d6movement2",
                    "stock": "ELAR",
                    "change": 0.5,
                    "percent": true,
                    "delay": 240
                },
                {
                    "eventId": "d6movement3",
                    "stock": "ELAR",
                    "change": 0.0,
                    "percent": true,
                    "delay": 300
                }
            ],
            "earningsReport": [],
            "eventSequence": [
                {
                    "eventId": "d6article1",
                    "delay": 0
                },
                {
                    "eventId": "d6movement1",
                    "delay": 0
                },
                {
                    "eventId": "d6movement2",
                    "delay": 180
                },
                {
                    "eventId": "d6movement3",
                    "delay": 240
                }
            ]
        }
    ],
    "categories": [
        "partnership",
        "gaming"
    ],
    "timeFrame": 3
}