{
    "id": "warzone_servers_crash_on_launch_day",
    "title": "WarZone Servers Crash on Launch Day",
    "canRepeat": false,
    "description": "ElectroArts faces severe backlash as WarZone servers crash on launch day due to overloaded ad networks, causing significant dips in the stock prices.",
    "days": [
        {
            "number": 1,
            "articles": [
                {
                    "eventId": "d1article1",
                    "title": "WarZone Server Crash on Launch Day",
                    "content": "In an unfortunate turn of events, the servers for WarZone, the much-anticipated game from ElectroArts (ELAR), crashed on launch day due to an overload in ad networks. Players around the world were unable to access the game and expressed their frustration on social media. The company acknowledged the issue but hasn't provided a concrete timeline for a fix. This has caused a significant decline in ElectroArts' stock price.",
                    "stocks": [
                        "ELAR"
                    ],
                    "author": "Silly Sam",
                    "website": "GamerGiggles.com"
                }
            ],
            "stockMovements": [
                {
                    "eventId": "d1movement1",
                    "stock": "ELAR",
                    "change": -1.0,
                    "percent": true,
                    "delay": 100
                },
                {
                    "eventId": "d1movement2",
                    "stock": "ELAR",
                    "change": -1.0,
                    "percent": true,
                    "delay": 100
                },
                {
                    "eventId": "d1movement3",
                    "stock": "ELAR",
                    "change": -1.0,
                    "percent": true,
                    "delay": 100
                }
            ],
            "eventSequence": [
                {
                    "eventId": "d1article1",
                    "delay": 0
                },
                {
                    "eventId": "d1movement1",
                    "delay": 0
                },
                {
                    "eventId": "d1movement2",
                    "delay": 100
                },
                {
                    "eventId": "d1movement3",
                    "delay": 100
                },
                {
                    "eventId": "d1article2",
                    "delay": 6900
                }
            ]
        },
        {
            "number": 1,
            "articles": [
                {
                    "eventId": "d1article2",
                    "title": "ElectroArts Acknowledges WarZone Server Issues",
                    "content": "ElectroArts (ELAR) has officially acknowledged the server issues plaguing the launch of their new game, WarZone. A spokesperson apologized for the inconvenience caused to players and assured that the team is working tirelessly to resolve the issue. Although this might provide some solace to the affected fans, the damage has already been done to the company's reputation and stock price.",
                    "stocks": [
                        "ELAR"
                    ],
                    "author": "Dramatic Dana",
                    "website": "ConsoleCarnival.com"
                }
            ],
            "stockMovements": [
                {
                    "eventId": "d1movement4",
                    "stock": "ELAR",
                    "change": -0.5,
                    "percent": true,
                    "delay": 100
                },
                {
                    "eventId": "d1movement5",
                    "stock": "ELAR",
                    "change": -0.5,
                    "percent": true,
                    "delay": 100
                },
                {
                    "eventId": "d1movement6",
                    "stock": "ELAR",
                    "change": -0.5,
                    "percent": true,
                    "delay": 100
                }
            ],
            "eventSequence": [
                {
                    "eventId": "d1article2",
                    "delay": 0
                },
                {
                    "eventId": "d1movement4",
                    "delay": 0
                },
                {
                    "eventId": "d1movement5",
                    "delay": 100
                },
                {
                    "eventId": "d1movement6",
                    "delay": 100
                },
                {
                    "eventId": "d1article3",
                    "delay": 13700
                }
            ]
        },
        {
            "number": 1,
            "articles": [
                {
                    "eventId": "d1article3",
                    "title": "Analysts Predict Loss of User Trust Amid WarZone Server Issues",
                    "content": "Following the disastrous launch of WarZone, analysts are now predicting a significant loss of user trust in ElectroArts (ELAR). The server crashes and the resulting downtime have led to widespread dissatisfaction among players, making it difficult for the company to regain its footing in the competitive gaming market. The continued decline in stock price mirrors investor concerns over the long-term impact of this incident.",
                    "stocks": [
                        "ELAR"
                    ],
                    "author": "Sally Shortsell",
                    "website": "Bull and Bear Circus"
                }
            ],
            "stockMovements": [
                {
                    "eventId": "d1movement7",
                    "stock": "ELAR",
                    "change": -1.0,
                    "percent": true,
                    "delay": 100
                },
                {
                    "eventId": "d1movement8",
                    "stock": "ELAR",
                    "change": -1.0,
                    "percent": true,
                    "delay": 100
                },
                {
                    "eventId": "d1movement9",
                    "stock": "ELAR",
                    "change": -1.0,
                    "percent": true,
                    "delay": 100
                },
                {
                    "eventId": "d1movement10",
                    "stock": "ELAR",
                    "change": -0.5,
                    "percent": true,
                    "delay": 100
                }
            ],
            "eventSequence": [
                {
                    "eventId": "d1article3",
                    "delay": 0
                },
                {
                    "eventId": "d1movement7",
                    "delay": 0
                },
                {
                    "eventId": "d1movement8",
                    "delay": 100
                },
                {
                    "eventId": "d1movement9",
                    "delay": 100
                },
                {
                    "eventId": "d1movement10",
                    "delay": 100
                }
            ]
        }
    ],
    "categories": [
        "service_issues",
        "gaming"
    ],
    "timeFrame": 1
}