{
    "id": "electroarts_fifa_real_time_ads",
    "title": "ElectroArts Announces New FIFA Game with Real-Time Ads",
    "canRepeat": false,
    "description": "ElectroArts announces a new FIFA game with real-time ads on player jerseys, leading to mixed reactions but an overall positive stock movement.",
    "days": [
        {
            "number": 1,
            "articles": [
                {
                    "eventId": "d1article1",
                    "title": "Rumors of New FIFA Game with Real-Time Ads Surface",
                    "content": "Sensational rumors have begun circulating about ElectroArts (ELAR) potentially introducing real-time ads in the player jerseys of the next FIFA game. Enthusiasts and critics alike are buzzing with speculation about how this feature could change the landscape of sports gaming.",
                    "stocks": [
                        "ELAR"
                    ],
                    "author": "Sensational Sue",
                    "website": "Market Madness"
                },
                {
                    "eventId": "d1article2",
                    "title": "ElectroArts Confirms Real-Time Ads Feature in New FIFA Game",
                    "content": "ElectroArts (ELAR) has confirmed that the upcoming FIFA game will indeed feature real-time ads on player jerseys. This groundbreaking feature was showcased at a recent event, with live ad integration being displayed in real-time during a demonstration match. The announcement was met with a mix of excitement and skepticism from the gaming community, but advertisers are already showing strong interest.",
                    "stocks": [
                        "ELAR"
                    ],
                    "author": "Polly Profit",
                    "website": "Bull and Bear Circus"
                },
                {
                    "eventId": "d1article3",
                    "title": "Mixed Reactions Emerge to FIFA's Real-Time Ads Feature",
                    "content": "The gaming community has been quick to react to the announcement of real-time ads in ElectroArts' (ELAR) new FIFA game. While some players are wary of the intrusion of advertising into their gaming experience, others appreciate the innovative approach. Advertisers, however, are thrilled at the potential for this new medium, and their enthusiasm is driving the stock price up.",
                    "stocks": [
                        "ELAR"
                    ],
                    "author": "Timmy Tumble",
                    "website": "Bull and Bear Circus"
                }
            ],
            "stockMovements": [
                {
                    "eventId": "d1movement1",
                    "stock": "ELAR",
                    "change": 0.5,
                    "percent": true,
                    "delay": 900
                },
                {
                    "eventId": "d1movement2",
                    "stock": "ELAR",
                    "change": 0.5,
                    "percent": true,
                    "delay": 900
                },
                {
                    "eventId": "d1movement3",
                    "stock": "ELAR",
                    "change": 0.5,
                    "percent": true,
                    "delay": 900
                },
                {
                    "eventId": "d1movement4",
                    "stock": "ELAR",
                    "change": 0.5,
                    "percent": true,
                    "delay": 900
                },
                {
                    "eventId": "d1movement5",
                    "stock": "ELAR",
                    "change": 0.5,
                    "percent": true,
                    "delay": 900
                },
                {
                    "eventId": "d1movement6",
                    "stock": "ELAR",
                    "change": 0.5,
                    "percent": true,
                    "delay": 900
                },
                {
                    "eventId": "d1movement7",
                    "stock": "ELAR",
                    "change": 1,
                    "percent": true,
                    "delay": 1800
                },
                {
                    "eventId": "d1movement8",
                    "stock": "ELAR",
                    "change": 1,
                    "percent": true,
                    "delay": 1800
                },
                {
                    "eventId": "d1movement9",
                    "stock": "ELAR",
                    "change": 1,
                    "percent": true,
                    "delay": 1800
                },
                {
                    "eventId": "d1movement10",
                    "stock": "ELAR",
                    "change": 1,
                    "percent": true,
                    "delay": 1800
                },
                {
                    "eventId": "d1movement11",
                    "stock": "ELAR",
                    "change": 0.5,
                    "percent": true,
                    "delay": 1800
                },
                {
                    "eventId": "d1movement12",
                    "stock": "ELAR",
                    "change": 0.5,
                    "percent": true,
                    "delay": 1800
                },
                {
                    "eventId": "d1movement13",
                    "stock": "ELAR",
                    "change": 0.5,
                    "percent": true,
                    "delay": 1800
                },
                {
                    "eventId": "d1movement14",
                    "stock": "ELAR",
                    "change": 0.5,
                    "percent": true,
                    "delay": 1800
                },
                {
                    "eventId": "d1movement15",
                    "stock": "ELAR",
                    "change": 0.5,
                    "percent": true,
                    "delay": 1800
                },
                {
                    "eventId": "d1movement16",
                    "stock": "ELAR",
                    "change": 0.5,
                    "percent": true,
                    "delay": 1800
                }
            ],
            "earningsReport": [],
            "eventSequence": [
                {
                    "eventId": "d1article1",
                    "delay": 3600
                },
                {
                    "eventId": "d1movement1",
                    "delay": 300
                },
                {
                    "eventId": "d1movement2",
                    "delay": 300
                },
                {
                    "eventId": "d1movement3",
                    "delay": 300
                },
                {
                    "eventId": "d1movement4",
                    "delay": 300
                },
                {
                    "eventId": "d1movement5",
                    "delay": 300
                },
                {
                    "eventId": "d1movement6",
                    "delay": 300
                },
                {
                    "eventId": "d1article2",
                    "delay": 3600
                },
                {
                    "eventId": "d1movement7",
                    "delay": 300
                },
                {
                    "eventId": "d1movement8",
                    "delay": 300
                },
                {
                    "eventId": "d1movement9",
                    "delay": 300
                },
                {
                    "eventId": "d1movement10",
                    "delay": 300
                },
                {
                    "eventId": "d1article3",
                    "delay": 3600
                },
                {
                    "eventId": "d1movement11",
                    "delay": 300
                },
                {
                    "eventId": "d1movement12",
                    "delay": 300
                },
                {
                    "eventId": "d1movement13",
                    "delay": 300
                },
                {
                    "eventId": "d1movement14",
                    "delay": 300
                },
                {
                    "eventId": "d1movement15",
                    "delay": 300
                },
                {
                    "eventId": "d1movement16",
                    "delay": 300
                }
            ]
        }
    ],
    "categories": [
        "product_announcements",
        "gaming"
    ],
    "timeFrame": 1
}