{
    "id": "electroarts_electroArtsAddsAdsToFullPricedGames",
    "title": "ElectroArts Adds Ads to Full-Priced Games",
    "canRepeat": false,
    "description": "ElectroArts adds unskippable ads to full-priced games, leading to major backlash from the gaming community.",
    "days": [
        {
            "number": 1,
            "articles": [
                {
                    "eventId": "d1article1",
                    "title": "ElectroArts Adds Unskippable Ads to Full-Priced Games",
                    "content": "In what is being called a shocking move, ElectroArts (ELAR) has announced that it will be adding unskippable advertisements to their full-priced video games. Gamers around the world are expressing outrage over this decision, which many see as a blatant cash grab. The backlash has been swift, and the company's stock has taken a hit as a result.",
                    "stocks": [
                        "ELAR"
                    ],
                    "author": "Dana Data",
                    "website": "ConsoleCarnival.com"
                },
                {
                    "eventId": "d1article2",
                    "title": "ElectroArts Defends Unskippable Ads in Games",
                    "content": "In response to the negative reactions, ElectroArts (ELAR) has stated that the addition of unskippable ads is intended to enhance the player experience by providing more immersive and relevant content. 'We believe that these ads will add value to the gaming experience,' said the spokesperson for ElectroArts. However, this explanation does not seem to have appeased the frustrated gamers.",
                    "stocks": [
                        "ELAR"
                    ],
                    "author": "Polly Profit",
                    "website": "BullandBearCircus.com"
                }
            ],
            "stockMovements": [
                {
                    "eventId": "d1movement1",
                    "stock": "ELAR",
                    "change": -0.8,
                    "percent": true
                },
                {
                    "eventId": "d1movement2",
                    "stock": "ELAR",
                    "change": -0.7,
                    "percent": true,
                    "delay": 180
                },
                {
                    "eventId": "d1movement3",
                    "stock": "ELAR",
                    "change": -1.0,
                    "percent": true,
                    "delay": 300
                },
                {
                    "eventId": "d1movement4",
                    "stock": "ELAR",
                    "change": -0.5,
                    "percent": true,
                    "delay": 180
                },
                {
                    "eventId": "d1movement5",
                    "stock": "ELAR",
                    "change": -0.5,
                    "percent": true,
                    "delay": 600
                }
            ],
            "earningsReport": [],
            "eventSequence": [
                {
                    "eventId": "d1article1",
                    "delay": 0
                },
                {
                    "eventId": "d1movement1",
                    "delay": 120
                },
                {
                    "eventId": "d1movement2",
                    "delay": 180
                },
                {
                    "eventId": "d1movement3",
                    "delay": 300
                },
                {
                    "eventId": "d1movement4",
                    "delay": 350
                },
                {
                    "eventId": "d1movement5",
                    "delay": 450
                },
                {
                    "eventId": "d1article2",
                    "delay": 4600
                }
            ]
        },
        {
            "number": 2,
            "articles": [
                {
                    "eventId": "d2article1",
                    "title": "Major Outlets Bash ElectroArts' Ad Addition",
                    "content": "The criticism from major gaming outlets regarding ElectroArts' (ELAR) addition of unskippable ads to full-priced games has reached a crescendo. Leading gaming news websites have condemned the move as 'anti-consumer' and predicted that it could tarnish the company's reputation for years to come.",
                    "stocks": [
                        "ELAR"
                    ],
                    "author": "Alice Algorithm",
                    "website": "SiliconCircus.com"
                },
                {
                    "eventId": "d2article2",
                    "title": "ElectroArts Offers Ad-Free Option, But Damage is Done",
                    "content": "In an attempt to mitigate the backlash, ElectroArts (ELAR) announced that they would be introducing an ad-free option for their games, available for an additional fee. However, gamers are not satisfied and view this as a further insult. The damage to the company's stock appears irreversible at this point.",
                    "stocks": [
                        "ELAR"
                    ],
                    "author": "Giggle Gwen",
                    "website": "GamerGiggles.com"
                }
            ],
            "stockMovements": [
                {
                    "eventId": "d2movement1",
                    "stock": "ELAR",
                    "change": -1.2,
                    "percent": true
                },
                {
                    "eventId": "d2movement2",
                    "stock": "ELAR",
                    "change": -0.8,
                    "percent": true,
                    "delay": 200
                },
                {
                    "eventId": "d2movement3",
                    "stock": "ELAR",
                    "change": -1.0,
                    "percent": true,
                    "delay": 300
                },
                {
                    "eventId": "d2movement4",
                    "stock": "ELAR",
                    "change": -1.5,
                    "percent": true,
                    "delay": 400
                },
                {
                    "eventId": "d2movement5",
                    "stock": "ELAR",
                    "change": -0.5,
                    "percent": true,
                    "delay": 240
                }
            ],
            "earningsReport": [],
            "eventSequence": [
                {
                    "eventId": "d2article1",
                    "delay": 0
                },
                {
                    "eventId": "d2movement1",
                    "delay": 150
                },
                {
                    "eventId": "d2movement2",
                    "delay": 200
                },
                {
                    "eventId": "d2movement3",
                    "delay": 300
                },
                {
                    "eventId": "d2movement4",
                    "delay": 350
                },
                {
                    "eventId": "d2movement5",
                    "delay": 500
                },
                {
                    "eventId": "d2article2",
                    "delay": 9500
                }
            ]
        }
    ],
    "categories": [
        "product_controversy",
        "gaming"
    ],
    "timeFrame": 2
}