{
    "id": "electroarts_the_simmers_fees",
    "title": "ElectroArts Introduces Monthly Fees for The Simmers",
    "canRepeat": false,
    "description": "ElectroArts caused an uproar with the introduction of monthly fees for The Simmers. The move caused significant stock fluctuations over three days.",
    "days": [
        {
            "number": 1,
            "articles": [
                {
                    "eventId": "d1article1",
                    "title": "ElectroArts Introduces Monthly Fees for The Simmers",
                    "content": "ElectroArts (ELAR) has introduced monthly fees for one of its most popular games, The Simmers, causing an uproar among its player base. Many players have taken to social media to voice their dissatisfaction with the new policy. Such a move is seen as a major shift in the company's monetization strategy and has significant implications for its financial future.",
                    "stocks": [
                        "ELAR"
                    ],
                    "author": "Dramatic Dana",
                    "website": "ConsoleCarnival.com"
                },
                {
                    "eventId": "d1article2",
                    "title": "ElectroArts Justifies Monthly Fees for The Simmers",
                    "content": "In response to the backlash, ElectroArts (ELAR) stated that the newly introduced monthly fees for The Simmers are necessary for continued development and updates. The company assured players that the fees would help maintain the game's quality and introduce exciting new content regularly. While some investors welcome this move, others remain skeptical about its long-term impact.",
                    "stocks": [
                        "ELAR"
                    ],
                    "author": "Timmy Tumble",
                    "website": "BullAndBearCircus.com"
                }
            ],
            "stockMovements": [
                {
                    "eventId": "d1movement1_1",
                    "stock": "ELAR",
                    "change": -0.6,
                    "percent": true,
                    "delay": 100
                },
                {
                    "eventId": "d1movement1_2",
                    "stock": "ELAR",
                    "change": -0.7,
                    "percent": true,
                    "delay": 150
                },
                {
                    "eventId": "d1movement1_3",
                    "stock": "ELAR",
                    "change": -0.7,
                    "percent": true,
                    "delay": 200
                },
                {
                    "eventId": "d1movement2_1",
                    "stock": "ELAR",
                    "change": 0.5,
                    "percent": true,
                    "delay": 300
                },
                {
                    "eventId": "d1movement2_2",
                    "stock": "ELAR",
                    "change": 0.5,
                    "percent": true,
                    "delay": 400
                },
                {
                    "eventId": "d1movement2_3",
                    "stock": "ELAR",
                    "change": 0.5,
                    "percent": true,
                    "delay": 100
                }
            ],
            "earningsReport": [],
            "eventSequence": [
                {
                    "eventId": "d1article1",
                    "delay": 0
                },
                {
                    "eventId": "d1movement1_1",
                    "delay": 300
                },
                {
                    "eventId": "d1movement1_2",
                    "delay": 100
                },
                {
                    "eventId": "d1movement1_3",
                    "delay": 100
                },
                {
                    "eventId": "d1movement2_1",
                    "delay": 150
                },
                {
                    "eventId": "d1movement2_2",
                    "delay": 200
                },
                {
                    "eventId": "d1movement2_3",
                    "delay": 300
                },
                {
                    "eventId": "d1article2",
                    "delay": 9650
                }
            ]
        },
        {
            "number": 2,
            "articles": [
                {
                    "eventId": "d2article1",
                    "title": "Players Continue to Voice Dissatisfaction",
                    "content": "Player dissatisfaction over ElectroArts' (ELAR) recent decision to introduce monthly fees for The Simmers continues to grow. Forums and social media channels are flooded with complaints, and petitions have been started to revert the fee. The negative sentiment among players is becoming increasingly concerning for the company's reputation and future sales.",
                    "stocks": [
                        "ELAR"
                    ],
                    "author": "Sally Shortsell",
                    "website": "BullAndBearCircus.com"
                },
                {
                    "eventId": "d2article2",
                    "title": "ElectroArts Offers Discounted Yearly Plan to Pacify Players",
                    "content": "In an effort to address the complaints, ElectroArts (ELAR) has introduced a discounted yearly subscription plan for The Simmers. While some players appreciate the discount, others remain skeptical about the company's motives. However, this move has somewhat calmed the market, and the stock has seen a minor uptick.",
                    "stocks": [
                        "ELAR"
                    ],
                    "author": "Warren Buffoon",
                    "website": "CashClown.com"
                }
            ],
            "stockMovements": [
                {
                    "eventId": "d2movement1_1",
                    "stock": "ELAR",
                    "change": -0.8,
                    "percent": true,
                    "delay": 200
                },
                {
                    "eventId": "d2movement1_2",
                    "stock": "ELAR",
                    "change": -0.9,
                    "percent": true,
                    "delay": 300
                },
                {
                    "eventId": "d2movement1_3",
                    "stock": "ELAR",
                    "change": -0.8,
                    "percent": true,
                    "delay": 400
                },
                {
                    "eventId": "d2movement2_1",
                    "stock": "ELAR",
                    "change": 0.7,
                    "percent": true,
                    "delay": 500
                },
                {
                    "eventId": "d2movement2_2",
                    "stock": "ELAR",
                    "change": 0.6,
                    "percent": true,
                    "delay": 600
                },
                {
                    "eventId": "d2movement2_3",
                    "stock": "ELAR",
                    "change": 0.7,
                    "percent": true,
                    "delay": 200
                }
            ],
            "earningsReport": [],
            "eventSequence": [
                {
                    "eventId": "d2article1",
                    "delay": 0
                },
                {
                    "eventId": "d2movement1_1",
                    "delay": 200
                },
                {
                    "eventId": "d2movement1_2",
                    "delay": 300
                },
                {
                    "eventId": "d2movement1_3",
                    "delay": 400
                },
                {
                    "eventId": "d2movement2_1",
                    "delay": 500
                },
                {
                    "eventId": "d2movement2_2",
                    "delay": 600
                },
                {
                    "eventId": "d2movement2_3",
                    "delay": 500
                },
                {
                    "eventId": "d2article2",
                    "delay": 12400
                }
            ]
        },
        {
            "number": 3,
            "articles": [
                {
                    "eventId": "d3article1",
                    "title": "Analysts Predict Potential Setbacks for ElectroArts",
                    "content": "Analysts are cautiously observing ElectroArts' (ELAR) recent decisions regarding The Simmers. Many predict potential setbacks if the player base continues to react negatively to the new monthly fees, even with the introduction of a discounted yearly plan. The long-term impact on the company's financial health remains uncertain.",
                    "stocks": [
                        "ELAR"
                    ],
                    "author": "Greta Gamble",
                    "website": "BullAndBearCircus.com"
                },
                {
                    "eventId": "d3article2",
                    "title": "Mixed Signals Cause Stock Fluctuations for ElectroArts",
                    "content": "The stock price of ElectroArts (ELAR) has been fluctuating as the market reacts to mixed signals. While some investors are encouraged by the discounted yearly plan for The Simmers, others remain wary of the sustained player dissatisfaction. This mixed reaction has led to a volatile stock performance.",
                    "stocks": [
                        "ELAR"
                    ],
                    "author": "Freddy Fortune",
                    "website": "MoolahMisfits.com"
                }
            ],
            "stockMovements": [
                {
                    "eventId": "d3movement1_1",
                    "stock": "ELAR",
                    "change": -0.5,
                    "percent": true,
                    "delay": 200
                },
                {
                    "eventId": "d3movement1_2",
                    "stock": "ELAR",
                    "change": -0.6,
                    "percent": true,
                    "delay": 300
                },
                {
                    "eventId": "d3movement1_3",
                    "stock": "ELAR",
                    "change": -0.4,
                    "percent": true,
                    "delay": 400
                },
                {
                    "eventId": "d3movement2_1",
                    "stock": "ELAR",
                    "change": -0.3,
                    "percent": true,
                    "delay": 500
                },
                {
                    "eventId": "d3movement2_2",
                    "stock": "ELAR",
                    "change": -0.3,
                    "percent": true,
                    "delay": 600
                },
                {
                    "eventId": "d3movement2_3",
                    "stock": "ELAR",
                    "change": -0.4,
                    "percent": true,
                    "delay": 200
                }
            ],
            "earningsReport": [],
            "eventSequence": [
                {
                    "eventId": "d3article1",
                    "delay": 0
                },
                {
                    "eventId": "d3movement1_1",
                    "delay": 200
                },
                {
                    "eventId": "d3movement1_2",
                    "delay": 300
                },
                {
                    "eventId": "d3movement1_3",
                    "delay": 400
                },
                {
                    "eventId": "d3movement2_1",
                    "delay": 500
                },
                {
                    "eventId": "d3movement2_2",
                    "delay": 600
                },
                {
                    "eventId": "d3movement2_3",
                    "delay": 500
                },
                {
                    "eventId": "d3article2",
                    "delay": 8800
                }
            ]
        }
    ],
    "categories": [
        "policy_changes",
        "gaming"
    ],
    "timeFrame": 3
}