{
    "id": "pypl_expands_market",
    "title": "Paypol Expands Financial Services to New Markets",
    "canRepeat": false,
    "description": "Paypol is making waves with its recent expansion into new international markets, starting with rumors and followed by official confirmation.",
    "days": [
        {
            "number": 1,
            "articles": [
                {
                    "eventId": "d1article1",
                    "title": "Rumors Spark Expansion Speculation",
                    "content": "Whispers are circulating in the financial world about Paypol (PYPL) potentially expanding its suite of financial services to new international markets. If these rumors hold true, the expansion could signify a major strategic move for the company.",
                    "stocks": [
                        "PYPL"
                    ],
                    "author": "Warren Buffoon",
                    "website": "Cash Clown"
                },
                {
                    "eventId": "d1article2",
                    "title": "Paypol Confirms International Expansion",
                    "content": "Paypol (PYPL) has officially confirmed the expansion of their financial services into emerging economies. The company aims to tap into the growing demand for digital financial solutions in these markets, marking a significant step in its growth strategy.",
                    "stocks": [
                        "PYPL"
                    ],
                    "author": "Polly Profit",
                    "website": "Bull and Bear Circus"
                }
            ],
            "stockMovements": [
                {
                    "eventId": "d1movement1",
                    "stock": "PYPL",
                    "change": 0.6,
                    "percent": true
                },
                {
                    "eventId": "d1movement2",
                    "stock": "PYPL",
                    "change": 0.7,
                    "percent": true
                },
                {
                    "eventId": "d1movement3",
                    "stock": "PYPL",
                    "change": 0.7,
                    "percent": true
                },
                {
                    "eventId": "d1movement4",
                    "stock": "PYPL",
                    "change": 0.7,
                    "percent": true
                },
                {
                    "eventId": "d1movement5",
                    "stock": "PYPL",
                    "change": 0.8,
                    "percent": true
                },
                {
                    "eventId": "d1movement6",
                    "stock": "PYPL",
                    "change": 0.9,
                    "percent": true
                },
                {
                    "eventId": "d1movement7",
                    "stock": "PYPL",
                    "change": 0.9,
                    "percent": true
                },
                {
                    "eventId": "d1movement8",
                    "stock": "PYPL",
                    "change": 0.9,
                    "percent": true
                }
            ],
            "earningsReport": [],
            "eventSequence": [
                {
                    "eventId": "d1article1",
                    "delay": 0
                },
                {
                    "eventId": "d1movement1",
                    "delay": 100
                },
                {
                    "eventId": "d1movement2",
                    "delay": 300
                },
                {
                    "eventId": "d1movement3",
                    "delay": 400
                },
                {
                    "eventId": "d1movement4",
                    "delay": 500
                },
                {
                    "eventId": "d1article2",
                    "delay": 5900
                },
                {
                    "eventId": "d1movement5",
                    "delay": 100
                },
                {
                    "eventId": "d1movement6",
                    "delay": 200
                },
                {
                    "eventId": "d1movement7",
                    "delay": 300
                },
                {
                    "eventId": "d1movement8",
                    "delay": 500
                }
            ]
        },
        {
            "number": 2,
            "articles": [
                {
                    "eventId": "d2article1",
                    "title": "Analysts Praise Paypol's Bold Move",
                    "content": "Analysts across the board are lauding Paypol (PYPL) for its decision to expand into new markets. They predict that this strategic move will lead to significant growth and increased market share in the coming years.",
                    "stocks": [
                        "PYPL"
                    ],
                    "author": "Greta Gamble",
                    "website": "Bull and Bear Circus"
                },
                {
                    "eventId": "d2article2",
                    "title": "Strong Early Adoption Rates Boost Confidence in Paypol",
                    "content": "The initial response from new markets has been overwhelmingly positive, with early adoption rates exceeding expectations. This strong uptake is boosting investor confidence, further solidifying Paypol\u2019s (PYPL) growth trajectory.",
                    "stocks": [
                        "PYPL"
                    ],
                    "author": "Trendy Tina",
                    "website": "Trend Tribune"
                }
            ],
            "stockMovements": [
                {
                    "eventId": "d2movement1",
                    "stock": "PYPL",
                    "change": 0.7,
                    "percent": true
                },
                {
                    "eventId": "d2movement2",
                    "stock": "PYPL",
                    "change": 0.8,
                    "percent": true
                },
                {
                    "eventId": "d2movement3",
                    "stock": "PYPL",
                    "change": 0.8,
                    "percent": true
                },
                {
                    "eventId": "d2movement4",
                    "stock": "PYPL",
                    "change": 0.7,
                    "percent": true
                },
                {
                    "eventId": "d2movement5",
                    "stock": "PYPL",
                    "change": 0.6,
                    "percent": true
                },
                {
                    "eventId": "d2movement6",
                    "stock": "PYPL",
                    "change": 0.6,
                    "percent": true
                },
                {
                    "eventId": "d2movement7",
                    "stock": "PYPL",
                    "change": 0.6,
                    "percent": true
                },
                {
                    "eventId": "d2movement8",
                    "stock": "PYPL",
                    "change": 0.7,
                    "percent": true
                }
            ],
            "earningsReport": [],
            "eventSequence": [
                {
                    "eventId": "d2article1",
                    "delay": 3600
                },
                {
                    "eventId": "d2movement1",
                    "delay": 300
                },
                {
                    "eventId": "d2movement2",
                    "delay": 300
                },
                {
                    "eventId": "d2movement3",
                    "delay": 300
                },
                {
                    "eventId": "d2movement4",
                    "delay": 300
                },
                {
                    "eventId": "d2article2",
                    "delay": 3600
                },
                {
                    "eventId": "d2movement5",
                    "delay": 300
                },
                {
                    "eventId": "d2movement6",
                    "delay": 300
                },
                {
                    "eventId": "d2movement7",
                    "delay": 300
                },
                {
                    "eventId": "d2movement8",
                    "delay": 300
                }
            ]
        }
    ],
    "categories": [
        "market_expansion",
        "financial_services"
    ]
}