{
    "id": "pony_new_console_faces_tech_issues",
    "title": "Pony's New Console Faces Technical Issues",
    "canRepeat": false,
    "description": "Pony's new console faces a rollercoaster of events with initial positive reception but subsequent technical issues and dissatisfied users.",
    "days": [
        {
            "number": 1,
            "articles": [
                {
                    "eventId": "d1article1",
                    "title": "Rumors of Pony's New Console",
                    "content": "Rumors have surfaced that Pony (PONY) is launching a new console loaded with advanced features. Enthusiasts and investors alike are eagerly waiting for an official announcement to confirm these exciting details.",
                    "stocks": [
                        "PONY"
                    ],
                    "author": "Trendy Tina",
                    "website": "Trend Tribune"
                },
                {
                    "eventId": "d1article2",
                    "title": "Pony Confirms New Console Launch",
                    "content": "In a thrilling announcement, Pony (PONY) has confirmed the launch of its new console. Boasting state-of-the-art technology and advanced features, the console is set to revolutionize the gaming experience. Investors are highly optimistic, and the stock is already responding positively.",
                    "stocks": [
                        "PONY"
                    ],
                    "author": "Epic Eric",
                    "website": "Console Carnival"
                }
            ],
            "stockMovements": [
                {
                    "eventId": "d1move1a",
                    "stock": "PONY",
                    "change": 1.0,
                    "percent": true
                },
                {
                    "eventId": "d1move1b",
                    "stock": "PONY",
                    "change": 0.8,
                    "percent": true
                },
                {
                    "eventId": "d1move1c",
                    "stock": "PONY",
                    "change": 0.7,
                    "percent": true
                },
                {
                    "eventId": "d1move2a",
                    "stock": "PONY",
                    "change": 1.2,
                    "percent": true
                },
                {
                    "eventId": "d1move2b",
                    "stock": "PONY",
                    "change": 1.0,
                    "percent": true
                },
                {
                    "eventId": "d1move2c",
                    "stock": "PONY",
                    "change": 0.8,
                    "percent": true
                }
            ],
            "earningsReport": [],
            "eventSequence": [
                {
                    "eventId": "d1article1",
                    "delay": 0
                },
                {
                    "eventId": "d1move1a",
                    "delay": 0
                },
                {
                    "eventId": "d1move1b",
                    "delay": 100
                },
                {
                    "eventId": "d1move1c",
                    "delay": 250
                },
                {
                    "eventId": "d1article2",
                    "delay": 10550
                },
                {
                    "eventId": "d1move2a",
                    "delay": 0
                },
                {
                    "eventId": "d1move2b",
                    "delay": 120
                },
                {
                    "eventId": "d1move2c",
                    "delay": 240
                }
            ]
        },
        {
            "number": 2,
            "articles": [
                {
                    "eventId": "d2article1",
                    "title": "Positive Early Reviews for Pony's New Console",
                    "content": "Early reviews for Pony's (PONY) new console are overwhelmingly positive. Critics are praising its advanced features and seamless performance. The optimism continues to push the stock higher.",
                    "stocks": [
                        "PONY"
                    ],
                    "author": "Dramatic Dana",
                    "website": "Console Carnival"
                },
                {
                    "eventId": "d2article2",
                    "title": "Technical Issues Mar Pony's Console Release",
                    "content": "Just hours after the positive reviews, reports of technical issues with Pony's (PONY) new console have emerged. Users are experiencing unexpected failures and performance problems, causing concern among investors and users alike.",
                    "stocks": [
                        "PONY"
                    ],
                    "author": "Greta Gamble",
                    "website": "Bull and Bear Circus"
                }
            ],
            "stockMovements": [
                {
                    "eventId": "d2move1a",
                    "stock": "PONY",
                    "change": 0.8,
                    "percent": true
                },
                {
                    "eventId": "d2move1b",
                    "stock": "PONY",
                    "change": 0.7,
                    "percent": true
                },
                {
                    "eventId": "d2move1c",
                    "stock": "PONY",
                    "change": 0.5,
                    "percent": true
                },
                {
                    "eventId": "d2move2a",
                    "stock": "PONY",
                    "change": -1.0,
                    "percent": true
                },
                {
                    "eventId": "d2move2b",
                    "stock": "PONY",
                    "change": -0.9,
                    "percent": true
                },
                {
                    "eventId": "d2move2c",
                    "stock": "PONY",
                    "change": -0.6,
                    "percent": true
                }
            ],
            "earningsReport": [],
            "eventSequence": [
                {
                    "eventId": "d2article1",
                    "delay": 0
                },
                {
                    "eventId": "d2move1a",
                    "delay": 0
                },
                {
                    "eventId": "d2move1b",
                    "delay": 100
                },
                {
                    "eventId": "d2move1c",
                    "delay": 200
                },
                {
                    "eventId": "d2article2",
                    "delay": 14000
                },
                {
                    "eventId": "d2move2a",
                    "delay": 0
                },
                {
                    "eventId": "d2move2b",
                    "delay": 100
                },
                {
                    "eventId": "d2move2c",
                    "delay": 250
                }
            ]
        },
        {
            "number": 3,
            "articles": [
                {
                    "eventId": "d3article1",
                    "title": "Pony Addresses Console Issues",
                    "content": "Pony (PONY) has officially addressed the technical issues plaguing its new console. While the company has promised swift resolutions, user dissatisfaction remains high, and the stock is taking a hit.",
                    "stocks": [
                        "PONY"
                    ],
                    "author": "Gary Glitch",
                    "website": "Silicon Circus"
                },
                {
                    "eventId": "d3article2",
                    "title": "Analysts Lower Pony's Growth Projections",
                    "content": "In the wake of ongoing technical issues with Pony's (PONY) new console, analysts have lowered their growth projections for the company. The stock is dropping sharply as investor confidence wanes.",
                    "stocks": [
                        "PONY"
                    ],
                    "author": "Sally Shortsell",
                    "website": "Bull and Bear Circus"
                }
            ],
            "stockMovements": [
                {
                    "eventId": "d3move1a",
                    "stock": "PONY",
                    "change": -1.2,
                    "percent": true
                },
                {
                    "eventId": "d3move1b",
                    "stock": "PONY",
                    "change": -1.1,
                    "percent": true
                },
                {
                    "eventId": "d3move1c",
                    "stock": "PONY",
                    "change": -0.7,
                    "percent": true
                },
                {
                    "eventId": "d3move2a",
                    "stock": "PONY",
                    "change": -1.3,
                    "percent": true
                },
                {
                    "eventId": "d3move2b",
                    "stock": "PONY",
                    "change": -1.2,
                    "percent": true
                },
                {
                    "eventId": "d3move2c",
                    "stock": "PONY",
                    "change": -1.0,
                    "percent": true
                },
                {
                    "eventId": "d3move2d",
                    "stock": "PONY",
                    "change": -0.5,
                    "percent": true
                }
            ],
            "earningsReport": [],
            "eventSequence": [
                {
                    "eventId": "d3article1",
                    "delay": 0
                },
                {
                    "eventId": "d3move1a",
                    "delay": 0
                },
                {
                    "eventId": "d3move1b",
                    "delay": 100
                },
                {
                    "eventId": "d3move1c",
                    "delay": 250
                },
                {
                    "eventId": "d3article2",
                    "delay": 10500
                },
                {
                    "eventId": "d3move2a",
                    "delay": 0
                },
                {
                    "eventId": "d3move2b",
                    "delay": 120
                },
                {
                    "eventId": "d3move2c",
                    "delay": 240
                },
                {
                    "eventId": "d3move2d",
                    "delay": 360
                }
            ]
        }
    ],
    "categories": [
        "product_launch",
        "tech_issues",
        "gaming"
    ],
    "timeFrame": 3
}