{
    "id": "pony_entertainment_vr_gaming_system",
    "title": "Pony Entertainment Introduces VR Gaming System",
    "canRepeat": false,
    "description": "Pony Entertainment is rumored to introduce a new VR gaming system, causing excitement and skepticism among investors.",
    "days": [
        {
            "number": 1,
            "articles": [
                {
                    "eventId": "d1article1",
                    "title": "Rumors Abound: Pony Entertainment's Upcoming VR System",
                    "content": "In the latest buzz, Pony Entertainment is rumored to be working on a new VR gaming system. Insider sources suggest that the system will offer unparalleled immersive experiences, setting a new benchmark in the gaming industry. These rumors have fueled excitement among tech enthusiasts and investors alike, pushing the company's stock upward.",
                    "stocks": [
                        "PONY"
                    ],
                    "author": "Toby Techie",
                    "website": "ByteBanter.com"
                },
                {
                    "eventId": "d1article2",
                    "title": "Pony Entertainment Confirms VR System Launch",
                    "content": "Pony Entertainment has officially confirmed the development of their new VR gaming system. The company showcased some of the system's capabilities, including advanced motion tracking and an extensive library of VR experiences. The announcement has ignited investor confidence, leading to a significant uptick in Pony's stock prices.",
                    "stocks": [
                        "PONY"
                    ],
                    "author": "Epic Eric",
                    "website": "ConsoleCarnival.com"
                },
                {
                    "eventId": "d1article3",
                    "title": "Skepticism Surrounds Pony's New VR System",
                    "content": "Despite the initial excitement, some industry experts are skeptical about the practical application of Pony Entertainment's new VR system. Questions have been raised regarding the system's accessibility, affordability, and long-term viability. These concerns have caused a slight dip in the company's stock prices as investors await more concrete updates.",
                    "stocks": [
                        "PONY"
                    ],
                    "author": "Mocking Mike",
                    "website": "GamerGiggles.com"
                },
                {
                    "eventId": "d1article4",
                    "title": "Pony Entertainment Reassures Investors with Successful VR Demos",
                    "content": "In response to the skepticism, Pony Entertainment held successful demos of their new VR gaming system, providing hands-on experiences to select investors and industry experts. The demos have been met with widespread acclaim, with participants praising the system's performance and potential. This reassurance has helped the company's stock prices recover, stabilizing investor confidence.",
                    "stocks": [
                        "PONY"
                    ],
                    "author": "Retro Randy",
                    "website": "PixelPundit.com"
                }
            ],
            "stockMovements": [
                {
                    "eventId": "d1movement1",
                    "stock": "PONY",
                    "change": 1.0,
                    "percent": true,
                    "delay": 60
                },
                {
                    "eventId": "d1movement2",
                    "stock": "PONY",
                    "change": 0.75,
                    "percent": true,
                    "delay": 120
                },
                {
                    "eventId": "d1movement3",
                    "stock": "PONY",
                    "change": 0.75,
                    "percent": true,
                    "delay": 120
                },
                {
                    "eventId": "d1movement4",
                    "stock": "PONY",
                    "change": 1.0,
                    "percent": true,
                    "delay": 60
                },
                {
                    "eventId": "d1movement5",
                    "stock": "PONY",
                    "change": 1.25,
                    "percent": true,
                    "delay": 120
                },
                {
                    "eventId": "d1movement6",
                    "stock": "PONY",
                    "change": 1.25,
                    "percent": true,
                    "delay": 120
                },
                {
                    "eventId": "d1movement7",
                    "stock": "PONY",
                    "change": -0.5,
                    "percent": true,
                    "delay": 60
                },
                {
                    "eventId": "d1movement8",
                    "stock": "PONY",
                    "change": -0.75,
                    "percent": true,
                    "delay": 120
                },
                {
                    "eventId": "d1movement9",
                    "stock": "PONY",
                    "change": -0.75,
                    "percent": true,
                    "delay": 120
                },
                {
                    "eventId": "d1movement10",
                    "stock": "PONY",
                    "change": 0.5,
                    "percent": true,
                    "delay": 60
                },
                {
                    "eventId": "d1movement11",
                    "stock": "PONY",
                    "change": 0.75,
                    "percent": true,
                    "delay": 120
                },
                {
                    "eventId": "d1movement12",
                    "stock": "PONY",
                    "change": 0.75,
                    "percent": true,
                    "delay": 120
                }
            ],
            "earningsReport": [],
            "eventSequence": [
                {
                    "eventId": "d1article1",
                    "delay": 3600
                },
                {
                    "eventId": "d1movement1",
                    "delay": 300
                },
                {
                    "eventId": "d1movement2",
                    "delay": 300
                },
                {
                    "eventId": "d1movement3",
                    "delay": 300
                },
                {
                    "eventId": "d1article2",
                    "delay": 3600
                },
                {
                    "eventId": "d1movement4",
                    "delay": 300
                },
                {
                    "eventId": "d1movement5",
                    "delay": 300
                },
                {
                    "eventId": "d1movement6",
                    "delay": 300
                },
                {
                    "eventId": "d1article3",
                    "delay": 3600
                },
                {
                    "eventId": "d1movement7",
                    "delay": 300
                },
                {
                    "eventId": "d1movement8",
                    "delay": 300
                },
                {
                    "eventId": "d1movement9",
                    "delay": 300
                },
                {
                    "eventId": "d1article4",
                    "delay": 3600
                },
                {
                    "eventId": "d1movement10",
                    "delay": 300
                },
                {
                    "eventId": "d1movement11",
                    "delay": 300
                },
                {
                    "eventId": "d1movement12",
                    "delay": 300
                }
            ]
        }
    ],
    "categories": [
        "product_announcements",
        "gaming"
    ],
    "timeFrame": 1
}