{
    "id": "pony_faces_backlash",
    "title": "Pony Faces Backlash Over Game Microtransactions",
    "canRepeat": false,
    "description": "Pony experiences significant backlash over its use of microtransactions in new games. Stock fluctuates as it responds to criticism.",
    "days": [
        {
            "number": 1,
            "articles": [
                {
                    "eventId": "d1article1",
                    "title": "Pony Under Fire for Game Microtransactions",
                    "content": "Pony Entertainment (PONY) is facing significant backlash from consumers over its aggressive use of microtransactions in its newest releases. Players have expressed frustration and disappointment, feeling that the practice is predatory and impacts the overall gaming experience. Social media platforms are abuzz with criticisms, including viral hashtags calling for boycotts.",
                    "stocks": [
                        "PONY"
                    ],
                    "author": "Mocking Mike",
                    "website": "GamerGiggles"
                },
                {
                    "eventId": "d1article2",
                    "title": "Pony Defends Microtransaction Practices",
                    "content": "In response to the criticism, Pony Entertainment (PONY) has defended its use of microtransactions, stating that they enhance gaming by providing more options for players. A spokesperson highlighted that microtransactions are optional and stressed their importance in supporting ongoing game development. This assurance from the company, however, has done little to quell the widespread discontent.",
                    "stocks": [
                        "PONY"
                    ],
                    "author": "Dramatic Dana",
                    "website": "ConsoleCarnival"
                },
                {
                    "eventId": "d1article3",
                    "title": "Continued Outcry Over Pony's Microtransactions",
                    "content": "Despite Pony Entertainment's (PONY) attempts to justify its practices, consumer dissatisfaction continues to mount. Players are posting negative reviews in droves, and several high-profile gaming influencers have joined the chorus of disapproval. The outcry suggests a potential loss of customer loyalty if this issue is not resolved promptly.",
                    "stocks": [
                        "PONY"
                    ],
                    "author": "Laughing Lily",
                    "website": "GamerGiggles"
                },
                {
                    "eventId": "d1article4",
                    "title": "Analysts Predict Limited Long-Term Impact for Pony",
                    "content": "Despite the current backlash, several industry analysts argue that the long-term impact on Pony Entertainment (PONY) will be minimal. They point to similar past controversies that have had fleeting effects on major gaming companies. Analysts note that consumers often return to popular games once initial frustrations subside, and they predict the same outcome for Pony.",
                    "stocks": [
                        "PONY"
                    ],
                    "author": "Freddy Fortune",
                    "website": "MoolahMisfits"
                }
            ],
            "stockMovements": [
                {
                    "eventId": "d1movement1",
                    "stock": "PONY",
                    "change": -1.0,
                    "percent": true
                },
                {
                    "eventId": "d1movement2",
                    "stock": "PONY",
                    "change": -1.0,
                    "percent": true
                },
                {
                    "eventId": "d1movement3",
                    "stock": "PONY",
                    "change": -1.0,
                    "percent": true
                },
                {
                    "eventId": "d1movement4",
                    "stock": "PONY",
                    "change": 0.5,
                    "percent": true
                },
                {
                    "eventId": "d1movement5",
                    "stock": "PONY",
                    "change": 0.5,
                    "percent": true
                },
                {
                    "eventId": "d1movement6",
                    "stock": "PONY",
                    "change": 0.5,
                    "percent": true
                },
                {
                    "eventId": "d1movement7",
                    "stock": "PONY",
                    "change": -1.0,
                    "percent": true
                },
                {
                    "eventId": "d1movement8",
                    "stock": "PONY",
                    "change": -1.0,
                    "percent": true
                },
                {
                    "eventId": "d1movement9",
                    "stock": "PONY",
                    "change": -0.5,
                    "percent": true
                },
                {
                    "eventId": "d1movement10",
                    "stock": "PONY",
                    "change": 0.5,
                    "percent": true
                },
                {
                    "eventId": "d1movement11",
                    "stock": "PONY",
                    "change": 0.5,
                    "percent": true
                }
            ],
            "earningsReport": [],
            "eventSequence": [
                {
                    "eventId": "d1article1",
                    "delay": 3600
                },
                {
                    "eventId": "d1movement1",
                    "delay": 300
                },
                {
                    "eventId": "d1movement2",
                    "delay": 300
                },
                {
                    "eventId": "d1movement3",
                    "delay": 300
                },
                {
                    "eventId": "d1article2",
                    "delay": 3600
                },
                {
                    "eventId": "d1movement4",
                    "delay": 300
                },
                {
                    "eventId": "d1movement5",
                    "delay": 300
                },
                {
                    "eventId": "d1movement6",
                    "delay": 300
                },
                {
                    "eventId": "d1article3",
                    "delay": 3600
                },
                {
                    "eventId": "d1movement7",
                    "delay": 300
                },
                {
                    "eventId": "d1movement8",
                    "delay": 300
                },
                {
                    "eventId": "d1movement9",
                    "delay": 300
                },
                {
                    "eventId": "d1article4",
                    "delay": 3600
                },
                {
                    "eventId": "d1movement10",
                    "delay": 300
                },
                {
                    "eventId": "d1movement11",
                    "delay": 300
                }
            ]
        }
    ],
    "categories": [
        "controversy",
        "gaming"
    ],
    "timeFrame": 1
}