{
    "id": "rockwell_red_revolver_redemption_microtransactions_backlash",
    "title": "Red Revolver Redemption Faces Backlash Over Microtransactions",
    "canRepeat": false,
    "description": "RockWell Games is facing backlash over microtransactions in its latest title, Red Revolver Redemption, leading to a drop in the company's stock.",
    "days": [
        {
            "number": 1,
            "articles": [
                {
                    "eventId": "d1article1",
                    "title": "Red Revolver Redemption Faces Backlash over Microtransactions",
                    "content": "RockWell Games' latest release, Red Revolver Redemption, is causing quite a stir in the gaming community. The game has been heavily criticized for its aggressive microtransaction model, which many players feel is unfair and detrimental to the overall gaming experience. Social media is buzzing with complaints, and major gaming forums are filled with posts expressing outrage over the company's perceived greed. The backlash has significantly affected investor confidence, resulting in a notable stock price drop for RockWell Games (RKWL).",
                    "stocks": [
                        "RKWL"
                    ],
                    "author": "Dramatic Dana",
                    "website": "ConsoleCarnival.com"
                }
            ],
            "stockMovements": [
                {
                    "eventId": "d1movement1",
                    "stock": "RKWL",
                    "change": -0.5,
                    "percent": true,
                    "delay": 120
                },
                {
                    "eventId": "d1movement2",
                    "stock": "RKWL",
                    "change": -0.8,
                    "percent": true,
                    "delay": 180
                },
                {
                    "eventId": "d1movement3",
                    "stock": "RKWL",
                    "change": -1.2,
                    "percent": true,
                    "delay": 240
                },
                {
                    "eventId": "d1movement4",
                    "stock": "RKWL",
                    "change": -0.5,
                    "percent": true,
                    "delay": 60
                },
                {
                    "eventId": "d1movement5",
                    "stock": "RKWL",
                    "change": -0.5,
                    "percent": true,
                    "delay": 120
                },
                {
                    "eventId": "d1movement6",
                    "stock": "RKWL",
                    "change": -0.5,
                    "percent": true,
                    "delay": 180
                },
                {
                    "eventId": "d1movement7",
                    "stock": "RKWL",
                    "change": -0.5,
                    "percent": true,
                    "delay": 240
                }
            ],
            "eventSequence": [
                {
                    "eventId": "d1article1",
                    "delay": 0
                },
                {
                    "eventId": "d1movement1",
                    "delay": 120
                },
                {
                    "eventId": "d1movement2",
                    "delay": 180
                },
                {
                    "eventId": "d1movement3",
                    "delay": 240
                },
                {
                    "eventId": "d1movement4",
                    "delay": 60
                },
                {
                    "eventId": "d1movement5",
                    "delay": 120
                },
                {
                    "eventId": "d1movement6",
                    "delay": 180
                },
                {
                    "eventId": "d1movement7",
                    "delay": 240
                }
            ]
        },
        {
            "number": 2,
            "articles": [
                {
                    "eventId": "d2article1",
                    "title": "Gaming Outlets Criticize Red Revolver Redemption",
                    "content": "The controversy surrounding Red Revolver Redemption has intensified as major gaming outlets have joined the chorus of criticism. Reviewers from top publications have lambasted the game for its reliance on microtransactions, deeming it a 'blatant cash grab' and calling for a boycott until changes are made. The negative press has further eroded investor confidence, leading to a significant additional drop in RockWell Games' stock.",
                    "stocks": [
                        "RKWL"
                    ],
                    "author": "Laughing Lily",
                    "website": "GamerGiggles.com"
                },
                {
                    "eventId": "d2article2",
                    "title": "RockWell Promises Updates to Address Concerns",
                    "content": "In a bid to contain the fallout from the ongoing backlash, RockWell Games has announced that it will release updates to address the concerns raised by the gaming community. The company has promised to re-evaluate its microtransaction model and make changes that will benefit the players. However, critics remain skeptical, and the damage to the company's reputation appears significant. The stock continues to suffer as investors remain cautious.",
                    "stocks": [
                        "RKWL"
                    ],
                    "author": "Epic Eric",
                    "website": "ConsoleCarnival.com"
                }
            ],
            "stockMovements": [
                {
                    "eventId": "d2movement1",
                    "stock": "RKWL",
                    "change": -0.8,
                    "percent": true,
                    "delay": 120
                },
                {
                    "eventId": "d2movement2",
                    "stock": "RKWL",
                    "change": -0.6,
                    "percent": true,
                    "delay": 180
                },
                {
                    "eventId": "d2movement3",
                    "stock": "RKWL",
                    "change": -0.8,
                    "percent": true,
                    "delay": 240
                },
                {
                    "eventId": "d2movement4",
                    "stock": "RKWL",
                    "change": -0.8,
                    "percent": true,
                    "delay": 60
                },
                {
                    "eventId": "d2movement5",
                    "stock": "RKWL",
                    "change": -0.6,
                    "percent": true,
                    "delay": 120
                },
                {
                    "eventId": "d2movement6",
                    "stock": "RKWL",
                    "change": -0.6,
                    "percent": true,
                    "delay": 180
                },
                {
                    "eventId": "d2movement7",
                    "stock": "RKWL",
                    "change": -0.7,
                    "percent": true,
                    "delay": 240
                },
                {
                    "eventId": "d2movement8",
                    "stock": "RKWL",
                    "change": -0.6,
                    "percent": true,
                    "delay": 120
                },
                {
                    "eventId": "d2movement9",
                    "stock": "RKWL",
                    "change": -0.5,
                    "percent": true,
                    "delay": 180
                },
                {
                    "eventId": "d2movement10",
                    "stock": "RKWL",
                    "change": -0.7,
                    "percent": true,
                    "delay": 240
                },
                {
                    "eventId": "d2movement11",
                    "stock": "RKWL",
                    "change": -0.7,
                    "percent": true,
                    "delay": 60
                },
                {
                    "eventId": "d2movement12",
                    "stock": "RKWL",
                    "change": -0.7,
                    "percent": true,
                    "delay": 6000
                }
            ],
            "eventSequence": [
                {
                    "eventId": "d2article1",
                    "delay": 0
                },
                {
                    "eventId": "d2movement1",
                    "delay": 120
                },
                {
                    "eventId": "d2movement2",
                    "delay": 180
                },
                {
                    "eventId": "d2movement3",
                    "delay": 240
                },
                {
                    "eventId": "d2movement4",
                    "delay": 60
                },
                {
                    "eventId": "d2movement5",
                    "delay": 120
                },
                {
                    "eventId": "d2movement6",
                    "delay": 180
                },
                {
                    "eventId": "d2movement7",
                    "delay": 240
                },
                {
                    "eventId": "d2article2",
                    "delay": 0
                },
                {
                    "eventId": "d2movement8",
                    "delay": 120
                },
                {
                    "eventId": "d2movement9",
                    "delay": 180
                },
                {
                    "eventId": "d2movement10",
                    "delay": 240
                },
                {
                    "eventId": "d2movement11",
                    "delay": 60
                },
                {
                    "eventId": "d2movement12",
                    "delay": 6000
                }
            ]
        }
    ],
    "categories": [
        "controversy",
        "gaming"
    ],
    "timeFrame": 2
}