{
    "id": "rockwell_grand_auto_thief_online_faces_major_server_issues",
    "title": "Grand Auto Thief Online Faces Major Server Issues",
    "canRepeat": false,
    "description": "Reports of major server issues in Grand Auto Thief Online disappoint players and investors alike. RockWell Games acknowledges the issue and works on a fix as analysts predict potential loss of user trust, further affecting the company's stock.",
    "days": [
        {
            "number": 1,
            "articles": [
                {
                    "eventId": "d1article1",
                    "title": "Major Server Issues Plague Grand Auto Thief Online",
                    "content": "RockWell Games (RKWL) is facing backlash from players as Grand Auto Thief Online experiences significant server issues. Gamers worldwide reported difficulties logging in and frequent disconnects, making the game virtually unplayable for many.",
                    "stocks": [
                        "RKWL"
                    ],
                    "author": "Dramatic Dana",
                    "website": "Console Carnival"
                },
                {
                    "eventId": "d1article2",
                    "title": "RockWell Acknowledges Grand Auto Thief Online Server Issues, Promises Fix",
                    "content": "RockWell Games (RKWL) has officially acknowledged the server issues affecting Grand Auto Thief Online. The company released a statement assuring its player base that they are working diligently to resolve the problems. 'Our team is committed to providing the best gaming experience, and we are doing everything in our power to fix these issues as soon as possible,' said a spokesperson for RockWell.",
                    "stocks": [
                        "RKWL"
                    ],
                    "author": "Toby Techie",
                    "website": "Byte Banter"
                },
                {
                    "eventId": "d1article3",
                    "title": "Analysts Predict Trust Issues for RockWell as Server Problems Persist",
                    "content": "The ongoing server issues with Grand Auto Thief Online have led analysts to predict a potential loss of user trust in RockWell Games (RKWL). 'Players are frustrated,' said market analyst Timmy Tumble. 'If these issues aren't resolved quickly, RockWell could face a significant decline in user engagement and loyalty.' The stock has already taken multiple hits today as the company struggles to address the problem.",
                    "stocks": [
                        "RKWL"
                    ],
                    "author": "Timmy Tumble",
                    "website": "Bull and Bear Circus"
                }
            ],
            "stockMovements": [
                {
                    "eventId": "d1movement1",
                    "stock": "RKWL",
                    "change": -1.0,
                    "percent": true,
                    "delay": 20
                },
                {
                    "eventId": "d1movement2",
                    "stock": "RKWL",
                    "change": -1.0,
                    "percent": true,
                    "delay": 30
                },
                {
                    "eventId": "d1movement3",
                    "stock": "RKWL",
                    "change": -1.0,
                    "percent": true,
                    "delay": 50
                },
                {
                    "eventId": "d1movement4",
                    "stock": "RKWL",
                    "change": -0.5,
                    "percent": true,
                    "delay": 25
                },
                {
                    "eventId": "d1movement5",
                    "stock": "RKWL",
                    "change": -0.5,
                    "percent": true,
                    "delay": 45
                },
                {
                    "eventId": "d1movement6",
                    "stock": "RKWL",
                    "change": -0.5,
                    "percent": true,
                    "delay": 65
                },
                {
                    "eventId": "d1movement7",
                    "stock": "RKWL",
                    "change": -1.0,
                    "percent": true,
                    "delay": 35
                },
                {
                    "eventId": "d1movement8",
                    "stock": "RKWL",
                    "change": -1.0,
                    "percent": true,
                    "delay": 55
                },
                {
                    "eventId": "d1movement9",
                    "stock": "RKWL",
                    "change": -1.5,
                    "percent": true,
                    "delay": 80
                }
            ],
            "earningsReport": [],
            "eventSequence": [
                {
                    "eventId": "d1article1",
                    "delay": 3600
                },
                {
                    "eventId": "d1movement1",
                    "delay": 300
                },
                {
                    "eventId": "d1movement2",
                    "delay": 300
                },
                {
                    "eventId": "d1movement3",
                    "delay": 300
                },
                {
                    "eventId": "d1movement4",
                    "delay": 300
                },
                {
                    "eventId": "d1movement5",
                    "delay": 300
                },
                {
                    "eventId": "d1movement6",
                    "delay": 300
                },
                {
                    "eventId": "d1article2",
                    "delay": 3600
                },
                {
                    "eventId": "d1movement7",
                    "delay": 300
                },
                {
                    "eventId": "d1movement8",
                    "delay": 300
                },
                {
                    "eventId": "d1movement9",
                    "delay": 300
                },
                {
                    "eventId": "d1article3",
                    "delay": 3600
                }
            ]
        }
    ],
    "categories": [
        "server_issues",
        "gaming"
    ],
    "timeFrame": 1
}