{
    "id": "rockwell_new_vr_game_faces_technical_issues",
    "title": "RockWell's New VR Game Faces Technical Issues",
    "canRepeat": false,
    "description": "RockWell's new VR game faces ups and downs due to technical issues, affecting stock prices.",
    "days": [
        {
            "number": 1,
            "articles": [
                {
                    "eventId": "d1article1",
                    "title": "Rumors of RockWell's VR Game Launch",
                    "content": "RockWell Games has been the buzz of the gaming world today as rumors about a revolutionary new VR game began circulating. Sources close to the company suggest that this new title is packed with advanced features that may redefine the virtual reality gaming experience.\n\nHowever, as exciting as these whispers are, little concrete information has been provided. Enthusiasts and investors alike are eagerly awaiting official confirmation from RockWell, hoping that this leap into VR will be as groundbreaking as anticipated.\n\nDespite the secrecy, the gaming community is buzzing with speculation and excitement, propelling RockWell's stock upwards even in the absence of an official announcement.",
                    "stocks": [
                        "RKWL"
                    ],
                    "author": "Dramatic Dana",
                    "website": "Console Carnival"
                }
            ],
            "stockMovements": [
                {
                    "eventId": "d1movement1",
                    "stock": "RKWL",
                    "change": 0.83,
                    "percent": true,
                    "delay": 120
                },
                {
                    "eventId": "d1movement2",
                    "stock": "RKWL",
                    "change": 0.83,
                    "percent": true,
                    "delay": 200
                },
                {
                    "eventId": "d1movement3",
                    "stock": "RKWL",
                    "change": 0.84,
                    "percent": true,
                    "delay": 300
                }
            ],
            "eventSequence": [
                {
                    "eventId": "d1article1",
                    "delay": 0
                },
                {
                    "eventId": "d1movement1",
                    "delay": 120
                },
                {
                    "eventId": "d1movement2",
                    "delay": 200
                },
                {
                    "eventId": "d1movement3",
                    "delay": 300
                },
                {
                    "eventId": "d1article2",
                    "delay": 9880
                },
                {
                    "eventId": "d1movement4",
                    "delay": 150
                },
                {
                    "eventId": "d1movement5",
                    "delay": 200
                },
                {
                    "eventId": "d1movement6",
                    "delay": 300
                }
            ]
        },
        {
            "number": 2,
            "articles": [
                {
                    "eventId": "d2article1",
                    "title": "Positive Early Reviews Boost RockWell",
                    "content": "RockWell Games' new VR title is receiving rave reviews from early testers and critics alike. The incredible graphics, immersive environments, and innovative gameplay have drawn praise from all corners of the gaming community. Analysts are already forecasting strong holiday season sales, as the game becomes a must-have for VR enthusiasts.\n\n\u201cIt\u2019s unlike anything we've experienced before,\u201d said one early reviewer. \u201cThe attention to detail and the seamless integration of virtual and real-world elements are simply breathtaking.\u201d\n\nAs word of the game's success spreads, RockWell's stock continues to rise, signaling investor confidence in the company's continued innovation in the gaming industry.",
                    "stocks": [
                        "RKWL"
                    ],
                    "author": "Trendy Tina",
                    "website": "Trend Tribune"
                }
            ],
            "stockMovements": [
                {
                    "eventId": "d2movement1",
                    "stock": "RKWL",
                    "change": 0.67,
                    "percent": true,
                    "delay": 120
                },
                {
                    "eventId": "d2movement2",
                    "stock": "RKWL",
                    "change": 0.67,
                    "percent": true,
                    "delay": 200
                },
                {
                    "eventId": "d2movement3",
                    "stock": "RKWL",
                    "change": 0.66,
                    "percent": true,
                    "delay": 300
                }
            ],
            "eventSequence": [
                {
                    "eventId": "d2article1",
                    "delay": 0
                },
                {
                    "eventId": "d2movement1",
                    "delay": 120
                },
                {
                    "eventId": "d2movement2",
                    "delay": 200
                },
                {
                    "eventId": "d2movement3",
                    "delay": 300
                },
                {
                    "eventId": "d2article2",
                    "delay": 13580
                },
                {
                    "eventId": "d2movement4",
                    "delay": 150
                },
                {
                    "eventId": "d2movement5",
                    "delay": 200
                },
                {
                    "eventId": "d2movement6",
                    "delay": 300
                }
            ]
        },
        {
            "number": 3,
            "articles": [
                {
                    "eventId": "d3article1",
                    "title": "RockWell Addressing VR Game Issues Amidst User Discontent",
                    "content": "RockWell Games has swiftly responded to the barrage of technical complaints concerning their new VR game. The company held an emergency press conference today, with their lead developer promising a patch to address the critical issues within the next 48 hours.\n\n\u201cWe deeply regret the inconvenience caused to our users and are taking immediate actions to resolve these problems,\u201d the developer assured. However, while this move was aimed at damage control, user dissatisfaction remains palpable.\n\nMany investors are cautious, as the fallout from this launch debacle could affect RockWell's brand reputation and future sales.",
                    "stocks": [
                        "RKWL"
                    ],
                    "author": "Dramatic Dana",
                    "website": "Console Carnival"
                }
            ],
            "stockMovements": [
                {
                    "eventId": "d3movement1",
                    "stock": "RKWL",
                    "change": -1.0,
                    "percent": true,
                    "delay": 120
                },
                {
                    "eventId": "d3movement2",
                    "stock": "RKWL",
                    "change": -1.0,
                    "percent": true,
                    "delay": 200
                },
                {
                    "eventId": "d3movement3",
                    "stock": "RKWL",
                    "change": -1.0,
                    "percent": true,
                    "delay": 300
                }
            ],
            "eventSequence": [
                {
                    "eventId": "d3article1",
                    "delay": 0
                },
                {
                    "eventId": "d3movement1",
                    "delay": 120
                },
                {
                    "eventId": "d3movement2",
                    "delay": 200
                },
                {
                    "eventId": "d3movement3",
                    "delay": 300
                },
                {
                    "eventId": "d3article2",
                    "delay": 9880
                },
                {
                    "eventId": "d3movement4",
                    "delay": 150
                },
                {
                    "eventId": "d3movement5",
                    "delay": 200
                },
                {
                    "eventId": "d3movement6",
                    "delay": 300
                }
            ]
        }
    ],
    "categories": [
        "technical_issues",
        "gaming"
    ],
    "timeFrame": 3
}