{
    "tradingUi": {
        "accountInfoSection": {
            "netAccountValue": "Net Account Value",
            "cashBalance": "Cash Balance",
            "dailyPnL": "Daily P/L",
            "totalPnL": "Total P/L"
        },
        "selectedStockEarningsSection": {
            "title": "Earnings Reports",
            "period": "Period",
            "revenue": "Revenue", 
            "earning": "Earning",
            "consensus": "Consensus"
        },
        "stocksSection": {
            "search": "Search:",
            "searchPlaceholder": "Search",
            "owned": "Owned: %d"
        },
        "industryNewsSection": {
            "searchPlaceholder": "Search"
        }
    },
    "components": {
        "pagesMenu": {
            "pageText": "Page %d / %d"
        }
    },
    "titleScreen": {
        "title": "Day Trader Tycoon",
        "subtitle1": "Congratulations on your new job as a trader for McClay's Pension Fund",
        "subtitle2": "You're expected to generate serious returns for our clients.",
        "subtitle3": "To prove your worth, we're giving you 100,000$ to start with.",
        "subtitle4": "You have 5 days to double the money. Come back with 200,000$ or don't come back at all.",
        "subtitle5": "Good luck!",
        "start": "Press E to start the game"
      }
}